0
SECTION
2
HEADER
9
$ACADVER
1
AC1009
9
$INSUNITS
70
4
9
$MEASUREMENT
70
1
0
ENDSEC
0
SECTION
2
TABLES
0
TABLE
2
LAYER
70
2
0
LAYER
2
CUT
70
0
62
1
6
CONTINUOUS
0
LAYER
2
ENGRAVE
70
0
62
2
6
CONTINUOUS
0
ENDTAB
0
ENDSEC
0
SECTION
2
ENTITIES
0
POLYLINE
8
ENGRAVE
66
1
70
1
0
VERTEX
8
ENGRAVE
10
55.8570
20
94.8570
0
VERTEX
8
ENGRAVE
10
56.0000
20
95.0000
0
VERTEX
8
ENGRAVE
10
56.2860
20
95.0000
0
VERTEX
8
ENGRAVE
10
56.5710
20
95.0000
0
VERTEX
8
ENGRAVE
10
56.8570
20
95.0000
0
VERTEX
8
ENGRAVE
10
57.1430
20
95.0000
0
VERTEX
8
ENGRAVE
10
57.4290
20
95.0000
0
VERTEX
8
ENGRAVE
10
57.7140
20
95.0000
0
VERTEX
8
ENGRAVE
10
58.0000
20
95.0000
0
VERTEX
8
ENGRAVE
10
58.2860
20
95.0000
0
VERTEX
8
ENGRAVE
10
58.5710
20
95.0000
0
VERTEX
8
ENGRAVE
10
58.8570
20
95.0000
0
VERTEX
8
ENGRAVE
10
59.0000
20
94.8570
0
VERTEX
8
ENGRAVE
10
59.1430
20
94.7140
0
VERTEX
8
ENGRAVE
10
59.4290
20
94.7140
0
VERTEX
8
ENGRAVE
10
59.7140
20
94.7140
0
VERTEX
8
ENGRAVE
10
60.0000
20
94.7140
0
VERTEX
8
ENGRAVE
10
60.2860
20
94.7140
0
VERTEX
8
ENGRAVE
10
60.4290
20
94.5710
0
VERTEX
8
ENGRAVE
10
60.5710
20
94.4290
0
VERTEX
8
ENGRAVE
10
60.8570
20
94.4290
0
VERTEX
8
ENGRAVE
10
61.0000
20
94.2860
0
VERTEX
8
ENGRAVE
10
61.1430
20
94.1430
0
VERTEX
8
ENGRAVE
10
61.4290
20
94.1430
0
VERTEX
8
ENGRAVE
10
61.7140
20
94.1430
0
VERTEX
8
ENGRAVE
10
61.8570
20
94.0000
0
VERTEX
8
ENGRAVE
10
62.0000
20
93.8570
0
VERTEX
8
ENGRAVE
10
62.1430
20
93.7140
0
VERTEX
8
ENGRAVE
10
62.2860
20
93.5710
0
VERTEX
8
ENGRAVE
10
62.4290
20
93.4290
0
VERTEX
8
ENGRAVE
10
62.5710
20
93.2860
0
VERTEX
8
ENGRAVE
10
62.8570
20
93.2860
0
VERTEX
8
ENGRAVE
10
63.0000
20
93.1430
0
VERTEX
8
ENGRAVE
10
63.1430
20
93.0000
0
VERTEX
8
ENGRAVE
10
63.4290
20
93.0000
0
VERTEX
8
ENGRAVE
10
63.5710
20
92.8570
0
VERTEX
8
ENGRAVE
10
63.7140
20
92.7140
0
VERTEX
8
ENGRAVE
10
63.8570
20
92.5710
0
VERTEX
8
ENGRAVE
10
64.0000
20
92.4290
0
VERTEX
8
ENGRAVE
10
64.1430
20
92.2860
0
VERTEX
8
ENGRAVE
10
64.2860
20
92.1430
0
VERTEX
8
ENGRAVE
10
64.4290
20
92.0000
0
VERTEX
8
ENGRAVE
10
64.5710
20
91.8570
0
VERTEX
8
ENGRAVE
10
64.7140
20
91.7140
0
VERTEX
8
ENGRAVE
10
64.8570
20
91.5710
0
VERTEX
8
ENGRAVE
10
65.0000
20
91.4290
0
VERTEX
8
ENGRAVE
10
65.1430
20
91.2860
0
VERTEX
8
ENGRAVE
10
65.2860
20
91.1430
0
VERTEX
8
ENGRAVE
10
65.2860
20
90.8570
0
VERTEX
8
ENGRAVE
10
65.2860
20
90.5710
0
VERTEX
8
ENGRAVE
10
65.4290
20
90.4290
0
VERTEX
8
ENGRAVE
10
65.5710
20
90.2860
0
VERTEX
8
ENGRAVE
10
65.7140
20
90.1430
0
VERTEX
8
ENGRAVE
10
65.8570
20
90.0000
0
VERTEX
8
ENGRAVE
10
65.8570
20
89.7140
0
VERTEX
8
ENGRAVE
10
65.8570
20
89.4290
0
VERTEX
8
ENGRAVE
10
65.8570
20
89.1430
0
VERTEX
8
ENGRAVE
10
65.8570
20
88.8570
0
VERTEX
8
ENGRAVE
10
65.8570
20
88.5710
0
VERTEX
8
ENGRAVE
10
66.0000
20
88.4290
0
VERTEX
8
ENGRAVE
10
66.1430
20
88.2860
0
VERTEX
8
ENGRAVE
10
66.0000
20
88.1430
0
VERTEX
8
ENGRAVE
10
65.8570
20
88.0000
0
VERTEX
8
ENGRAVE
10
65.8570
20
87.7140
0
VERTEX
8
ENGRAVE
10
65.7140
20
87.5710
0
VERTEX
8
ENGRAVE
10
65.5710
20
87.4290
0
VERTEX
8
ENGRAVE
10
65.5710
20
87.1430
0
VERTEX
8
ENGRAVE
10
65.4290
20
87.0000
0
VERTEX
8
ENGRAVE
10
65.2860
20
86.8570
0
VERTEX
8
ENGRAVE
10
65.1430
20
86.7140
0
VERTEX
8
ENGRAVE
10
65.0000
20
86.5710
0
VERTEX
8
ENGRAVE
10
64.8570
20
86.4290
0
VERTEX
8
ENGRAVE
10
64.5710
20
86.4290
0
VERTEX
8
ENGRAVE
10
64.4290
20
86.2860
0
VERTEX
8
ENGRAVE
10
64.2860
20
86.1430
0
VERTEX
8
ENGRAVE
10
64.1430
20
86.0000
0
VERTEX
8
ENGRAVE
10
64.0000
20
85.8570
0
VERTEX
8
ENGRAVE
10
63.7140
20
85.8570
0
VERTEX
8
ENGRAVE
10
63.5710
20
85.7140
0
VERTEX
8
ENGRAVE
10
63.5710
20
85.4290
0
VERTEX
8
ENGRAVE
10
63.7140
20
85.2860
0
VERTEX
8
ENGRAVE
10
63.8570
20
85.1430
0
VERTEX
8
ENGRAVE
10
63.8570
20
84.8570
0
VERTEX
8
ENGRAVE
10
63.8570
20
84.5710
0
VERTEX
8
ENGRAVE
10
63.8570
20
84.2860
0
VERTEX
8
ENGRAVE
10
63.8570
20
84.0000
0
VERTEX
8
ENGRAVE
10
63.8570
20
83.7140
0
VERTEX
8
ENGRAVE
10
63.7140
20
83.5710
0
VERTEX
8
ENGRAVE
10
63.5710
20
83.4290
0
VERTEX
8
ENGRAVE
10
63.5710
20
83.1430
0
VERTEX
8
ENGRAVE
10
63.5710
20
82.8570
0
VERTEX
8
ENGRAVE
10
63.4290
20
82.7140
0
VERTEX
8
ENGRAVE
10
63.2860
20
82.5710
0
VERTEX
8
ENGRAVE
10
63.1430
20
82.4290
0
VERTEX
8
ENGRAVE
10
63.0000
20
82.2860
0
VERTEX
8
ENGRAVE
10
62.8570
20
82.1430
0
VERTEX
8
ENGRAVE
10
62.7140
20
82.0000
0
VERTEX
8
ENGRAVE
10
62.7140
20
81.7140
0
VERTEX
8
ENGRAVE
10
62.7140
20
81.4290
0
VERTEX
8
ENGRAVE
10
62.7140
20
81.1430
0
VERTEX
8
ENGRAVE
10
62.7140
20
80.8570
0
VERTEX
8
ENGRAVE
10
62.7140
20
80.5710
0
VERTEX
8
ENGRAVE
10
62.8570
20
80.4290
0
VERTEX
8
ENGRAVE
10
63.0000
20
80.2860
0
VERTEX
8
ENGRAVE
10
63.1430
20
80.1430
0
VERTEX
8
ENGRAVE
10
63.2860
20
80.0000
0
VERTEX
8
ENGRAVE
10
63.4290
20
79.8570
0
VERTEX
8
ENGRAVE
10
63.5710
20
80.0000
0
VERTEX
8
ENGRAVE
10
63.7140
20
80.1430
0
VERTEX
8
ENGRAVE
10
64.0000
20
80.1430
0
VERTEX
8
ENGRAVE
10
64.2860
20
80.1430
0
VERTEX
8
ENGRAVE
10
64.5710
20
80.1430
0
VERTEX
8
ENGRAVE
10
64.8570
20
80.1430
0
VERTEX
8
ENGRAVE
10
65.0000
20
80.2860
0
VERTEX
8
ENGRAVE
10
65.1430
20
80.4290
0
VERTEX
8
ENGRAVE
10
65.4290
20
80.4290
0
VERTEX
8
ENGRAVE
10
65.5710
20
80.5710
0
VERTEX
8
ENGRAVE
10
65.7140
20
80.7140
0
VERTEX
8
ENGRAVE
10
66.0000
20
80.7140
0
VERTEX
8
ENGRAVE
10
66.1430
20
80.8570
0
VERTEX
8
ENGRAVE
10
66.2860
20
81.0000
0
VERTEX
8
ENGRAVE
10
66.4290
20
81.1430
0
VERTEX
8
ENGRAVE
10
66.5710
20
81.2860
0
VERTEX
8
ENGRAVE
10
66.7140
20
81.4290
0
VERTEX
8
ENGRAVE
10
66.8570
20
81.5710
0
VERTEX
8
ENGRAVE
10
67.1430
20
81.5710
0
VERTEX
8
ENGRAVE
10
67.2860
20
81.7140
0
VERTEX
8
ENGRAVE
10
67.4290
20
81.8570
0
VERTEX
8
ENGRAVE
10
67.5710
20
82.0000
0
VERTEX
8
ENGRAVE
10
67.7140
20
82.1430
0
VERTEX
8
ENGRAVE
10
68.0000
20
82.1430
0
VERTEX
8
ENGRAVE
10
68.1430
20
82.2860
0
VERTEX
8
ENGRAVE
10
68.1430
20
82.5710
0
VERTEX
8
ENGRAVE
10
68.1430
20
82.8570
0
VERTEX
8
ENGRAVE
10
68.2860
20
83.0000
0
VERTEX
8
ENGRAVE
10
68.4290
20
83.1430
0
VERTEX
8
ENGRAVE
10
68.4290
20
83.4290
0
VERTEX
8
ENGRAVE
10
68.5710
20
83.5710
0
VERTEX
8
ENGRAVE
10
68.7140
20
83.7140
0
VERTEX
8
ENGRAVE
10
68.8570
20
83.8570
0
VERTEX
8
ENGRAVE
10
69.0000
20
84.0000
0
VERTEX
8
ENGRAVE
10
69.0000
20
84.2860
0
VERTEX
8
ENGRAVE
10
69.1430
20
84.4290
0
VERTEX
8
ENGRAVE
10
69.2860
20
84.5710
0
VERTEX
8
ENGRAVE
10
69.4290
20
84.7140
0
VERTEX
8
ENGRAVE
10
69.5710
20
84.8570
0
VERTEX
8
ENGRAVE
10
69.7140
20
85.0000
0
VERTEX
8
ENGRAVE
10
69.8570
20
85.1430
0
VERTEX
8
ENGRAVE
10
70.0000
20
85.2860
0
VERTEX
8
ENGRAVE
10
70.1430
20
85.4290
0
VERTEX
8
ENGRAVE
10
70.2860
20
85.5710
0
VERTEX
8
ENGRAVE
10
70.4290
20
85.7140
0
VERTEX
8
ENGRAVE
10
70.4290
20
86.0000
0
VERTEX
8
ENGRAVE
10
70.2860
20
86.1430
0
VERTEX
8
ENGRAVE
10
70.1430
20
86.2860
0
VERTEX
8
ENGRAVE
10
70.1430
20
86.5710
0
VERTEX
8
ENGRAVE
10
70.1430
20
86.8570
0
VERTEX
8
ENGRAVE
10
70.0000
20
87.0000
0
VERTEX
8
ENGRAVE
10
69.8570
20
87.1430
0
VERTEX
8
ENGRAVE
10
69.8570
20
87.4290
0
VERTEX
8
ENGRAVE
10
69.8570
20
87.7140
0
VERTEX
8
ENGRAVE
10
69.7140
20
87.8570
0
VERTEX
8
ENGRAVE
10
69.5710
20
88.0000
0
VERTEX
8
ENGRAVE
10
69.4290
20
88.1430
0
VERTEX
8
ENGRAVE
10
69.1430
20
88.1430
0
VERTEX
8
ENGRAVE
10
69.0000
20
88.2860
0
VERTEX
8
ENGRAVE
10
68.8570
20
88.4290
0
VERTEX
8
ENGRAVE
10
68.5710
20
88.4290
0
VERTEX
8
ENGRAVE
10
68.4290
20
88.5710
0
VERTEX
8
ENGRAVE
10
68.4290
20
88.8570
0
VERTEX
8
ENGRAVE
10
68.4290
20
89.1430
0
VERTEX
8
ENGRAVE
10
68.4290
20
89.4290
0
VERTEX
8
ENGRAVE
10
68.4290
20
89.7140
0
VERTEX
8
ENGRAVE
10
68.5710
20
89.8570
0
VERTEX
8
ENGRAVE
10
68.8570
20
89.8570
0
VERTEX
8
ENGRAVE
10
69.0000
20
90.0000
0
VERTEX
8
ENGRAVE
10
69.1430
20
90.1430
0
VERTEX
8
ENGRAVE
10
69.4290
20
90.1430
0
VERTEX
8
ENGRAVE
10
69.7140
20
90.1430
0
VERTEX
8
ENGRAVE
10
70.0000
20
90.1430
0
VERTEX
8
ENGRAVE
10
70.1430
20
90.0000
0
VERTEX
8
ENGRAVE
10
70.2860
20
89.8570
0
VERTEX
8
ENGRAVE
10
70.5710
20
89.8570
0
VERTEX
8
ENGRAVE
10
70.7140
20
89.7140
0
VERTEX
8
ENGRAVE
10
70.8570
20
89.5710
0
VERTEX
8
ENGRAVE
10
71.1430
20
89.5710
0
VERTEX
8
ENGRAVE
10
71.2860
20
89.7140
0
VERTEX
8
ENGRAVE
10
71.2860
20
90.0000
0
VERTEX
8
ENGRAVE
10
71.4290
20
90.1430
0
VERTEX
8
ENGRAVE
10
71.5710
20
90.2860
0
VERTEX
8
ENGRAVE
10
71.7140
20
90.4290
0
VERTEX
8
ENGRAVE
10
71.8570
20
90.5710
0
VERTEX
8
ENGRAVE
10
71.8570
20
90.8570
0
VERTEX
8
ENGRAVE
10
71.8570
20
91.1430
0
VERTEX
8
ENGRAVE
10
71.8570
20
91.4290
0
VERTEX
8
ENGRAVE
10
71.8570
20
91.7140
0
VERTEX
8
ENGRAVE
10
71.8570
20
92.0000
0
VERTEX
8
ENGRAVE
10
72.0000
20
92.1430
0
VERTEX
8
ENGRAVE
10
72.1430
20
92.2860
0
VERTEX
8
ENGRAVE
10
72.1430
20
92.5710
0
VERTEX
8
ENGRAVE
10
72.2860
20
92.7140
0
VERTEX
8
ENGRAVE
10
72.4290
20
92.8570
0
VERTEX
8
ENGRAVE
10
72.5710
20
93.0000
0
VERTEX
8
ENGRAVE
10
72.8570
20
93.0000
0
VERTEX
8
ENGRAVE
10
73.1430
20
93.0000
0
VERTEX
8
ENGRAVE
10
73.4290
20
93.0000
0
VERTEX
8
ENGRAVE
10
73.5710
20
92.8570
0
VERTEX
8
ENGRAVE
10
73.5710
20
92.5710
0
VERTEX
8
ENGRAVE
10
73.7140
20
92.4290
0
VERTEX
8
ENGRAVE
10
74.0000
20
92.4290
0
VERTEX
8
ENGRAVE
10
74.1430
20
92.5710
0
VERTEX
8
ENGRAVE
10
74.1430
20
92.8570
0
VERTEX
8
ENGRAVE
10
74.2860
20
93.0000
0
VERTEX
8
ENGRAVE
10
74.5710
20
93.0000
0
VERTEX
8
ENGRAVE
10
74.8570
20
93.0000
0
VERTEX
8
ENGRAVE
10
75.1430
20
93.0000
0
VERTEX
8
ENGRAVE
10
75.4290
20
93.0000
0
VERTEX
8
ENGRAVE
10
75.5710
20
92.8570
0
VERTEX
8
ENGRAVE
10
75.7140
20
92.7140
0
VERTEX
8
ENGRAVE
10
75.8570
20
92.5710
0
VERTEX
8
ENGRAVE
10
76.0000
20
92.4290
0
VERTEX
8
ENGRAVE
10
76.1430
20
92.2860
0
VERTEX
8
ENGRAVE
10
76.2860
20
92.1430
0
VERTEX
8
ENGRAVE
10
76.4290
20
92.0000
0
VERTEX
8
ENGRAVE
10
76.5710
20
91.8570
0
VERTEX
8
ENGRAVE
10
76.7140
20
91.7140
0
VERTEX
8
ENGRAVE
10
76.7140
20
91.4290
0
VERTEX
8
ENGRAVE
10
76.7140
20
91.1430
0
VERTEX
8
ENGRAVE
10
76.8570
20
91.0000
0
VERTEX
8
ENGRAVE
10
77.0000
20
90.8570
0
VERTEX
8
ENGRAVE
10
77.1430
20
90.7140
0
VERTEX
8
ENGRAVE
10
77.2860
20
90.5710
0
VERTEX
8
ENGRAVE
10
77.2860
20
90.2860
0
VERTEX
8
ENGRAVE
10
77.2860
20
90.0000
0
VERTEX
8
ENGRAVE
10
77.2860
20
89.7140
0
VERTEX
8
ENGRAVE
10
77.2860
20
89.4290
0
VERTEX
8
ENGRAVE
10
77.2860
20
89.1430
0
VERTEX
8
ENGRAVE
10
77.1430
20
89.0000
0
VERTEX
8
ENGRAVE
10
77.0000
20
88.8570
0
VERTEX
8
ENGRAVE
10
76.8570
20
88.7140
0
VERTEX
8
ENGRAVE
10
76.7140
20
88.5710
0
VERTEX
8
ENGRAVE
10
76.7140
20
88.2860
0
VERTEX
8
ENGRAVE
10
76.5710
20
88.1430
0
VERTEX
8
ENGRAVE
10
76.4290
20
88.0000
0
VERTEX
8
ENGRAVE
10
76.4290
20
87.7140
0
VERTEX
8
ENGRAVE
10
76.2860
20
87.5710
0
VERTEX
8
ENGRAVE
10
76.1430
20
87.4290
0
VERTEX
8
ENGRAVE
10
76.1430
20
87.1430
0
VERTEX
8
ENGRAVE
10
76.0000
20
87.0000
0
VERTEX
8
ENGRAVE
10
75.8570
20
86.8570
0
VERTEX
8
ENGRAVE
10
75.8570
20
86.5710
0
VERTEX
8
ENGRAVE
10
75.7140
20
86.4290
0
VERTEX
8
ENGRAVE
10
75.5710
20
86.2860
0
VERTEX
8
ENGRAVE
10
75.5710
20
86.0000
0
VERTEX
8
ENGRAVE
10
75.4290
20
85.8570
0
VERTEX
8
ENGRAVE
10
75.2860
20
85.7140
0
VERTEX
8
ENGRAVE
10
75.1430
20
85.5710
0
VERTEX
8
ENGRAVE
10
75.0000
20
85.4290
0
VERTEX
8
ENGRAVE
10
75.0000
20
85.1430
0
VERTEX
8
ENGRAVE
10
74.8570
20
85.0000
0
VERTEX
8
ENGRAVE
10
74.5710
20
85.0000
0
VERTEX
8
ENGRAVE
10
74.4290
20
84.8570
0
VERTEX
8
ENGRAVE
10
74.4290
20
84.5710
0
VERTEX
8
ENGRAVE
10
74.4290
20
84.2860
0
VERTEX
8
ENGRAVE
10
74.2860
20
84.1430
0
VERTEX
8
ENGRAVE
10
74.1430
20
84.0000
0
VERTEX
8
ENGRAVE
10
74.1430
20
83.7140
0
VERTEX
8
ENGRAVE
10
74.1430
20
83.4290
0
VERTEX
8
ENGRAVE
10
74.1430
20
83.1430
0
VERTEX
8
ENGRAVE
10
74.1430
20
82.8570
0
VERTEX
8
ENGRAVE
10
74.1430
20
82.5710
0
VERTEX
8
ENGRAVE
10
74.1430
20
82.2860
0
VERTEX
8
ENGRAVE
10
74.1430
20
82.0000
0
VERTEX
8
ENGRAVE
10
74.1430
20
81.7140
0
VERTEX
8
ENGRAVE
10
74.1430
20
81.4290
0
VERTEX
8
ENGRAVE
10
74.1430
20
81.1430
0
VERTEX
8
ENGRAVE
10
74.0000
20
81.0000
0
VERTEX
8
ENGRAVE
10
73.8570
20
80.8570
0
VERTEX
8
ENGRAVE
10
73.8570
20
80.5710
0
VERTEX
8
ENGRAVE
10
73.7140
20
80.4290
0
VERTEX
8
ENGRAVE
10
73.5710
20
80.2860
0
VERTEX
8
ENGRAVE
10
73.5710
20
80.0000
0
VERTEX
8
ENGRAVE
10
73.5710
20
79.7140
0
VERTEX
8
ENGRAVE
10
73.4290
20
79.5710
0
VERTEX
8
ENGRAVE
10
73.2860
20
79.4290
0
VERTEX
8
ENGRAVE
10
73.2860
20
79.1430
0
VERTEX
8
ENGRAVE
10
73.1430
20
79.0000
0
VERTEX
8
ENGRAVE
10
73.0000
20
78.8570
0
VERTEX
8
ENGRAVE
10
73.0000
20
78.5710
0
VERTEX
8
ENGRAVE
10
72.8570
20
78.4290
0
VERTEX
8
ENGRAVE
10
72.7140
20
78.2860
0
VERTEX
8
ENGRAVE
10
72.7140
20
78.0000
0
VERTEX
8
ENGRAVE
10
72.5710
20
77.8570
0
VERTEX
8
ENGRAVE
10
72.4290
20
77.7140
0
VERTEX
8
ENGRAVE
10
72.4290
20
77.4290
0
VERTEX
8
ENGRAVE
10
72.2860
20
77.2860
0
VERTEX
8
ENGRAVE
10
72.1430
20
77.1430
0
VERTEX
8
ENGRAVE
10
72.1430
20
76.8570
0
VERTEX
8
ENGRAVE
10
72.0000
20
76.7140
0
VERTEX
8
ENGRAVE
10
71.8570
20
76.5710
0
VERTEX
8
ENGRAVE
10
71.7140
20
76.4290
0
VERTEX
8
ENGRAVE
10
71.5710
20
76.2860
0
VERTEX
8
ENGRAVE
10
71.5710
20
76.0000
0
VERTEX
8
ENGRAVE
10
71.4290
20
75.8570
0
VERTEX
8
ENGRAVE
10
71.2860
20
75.7140
0
VERTEX
8
ENGRAVE
10
71.1430
20
75.5710
0
VERTEX
8
ENGRAVE
10
71.0000
20
75.4290
0
VERTEX
8
ENGRAVE
10
70.8570
20
75.2860
0
VERTEX
8
ENGRAVE
10
70.7140
20
75.1430
0
VERTEX
8
ENGRAVE
10
70.7140
20
74.8570
0
VERTEX
8
ENGRAVE
10
70.5710
20
74.7140
0
VERTEX
8
ENGRAVE
10
70.2860
20
74.7140
0
VERTEX
8
ENGRAVE
10
70.1430
20
74.5710
0
VERTEX
8
ENGRAVE
10
70.1430
20
74.2860
0
VERTEX
8
ENGRAVE
10
70.0000
20
74.1430
0
VERTEX
8
ENGRAVE
10
69.8570
20
74.0000
0
VERTEX
8
ENGRAVE
10
69.7140
20
73.8570
0
VERTEX
8
ENGRAVE
10
69.5710
20
73.7140
0
VERTEX
8
ENGRAVE
10
69.4290
20
73.5710
0
VERTEX
8
ENGRAVE
10
69.2860
20
73.4290
0
VERTEX
8
ENGRAVE
10
69.1430
20
73.2860
0
VERTEX
8
ENGRAVE
10
69.0000
20
73.1430
0
VERTEX
8
ENGRAVE
10
68.8570
20
73.0000
0
VERTEX
8
ENGRAVE
10
68.7140
20
72.8570
0
VERTEX
8
ENGRAVE
10
68.5710
20
72.7140
0
VERTEX
8
ENGRAVE
10
68.4290
20
72.5710
0
VERTEX
8
ENGRAVE
10
68.2860
20
72.4290
0
VERTEX
8
ENGRAVE
10
68.1430
20
72.2860
0
VERTEX
8
ENGRAVE
10
68.0000
20
72.1430
0
VERTEX
8
ENGRAVE
10
67.8570
20
72.0000
0
VERTEX
8
ENGRAVE
10
67.7140
20
71.8570
0
VERTEX
8
ENGRAVE
10
67.5710
20
71.7140
0
VERTEX
8
ENGRAVE
10
67.4290
20
71.5710
0
VERTEX
8
ENGRAVE
10
67.1430
20
71.5710
0
VERTEX
8
ENGRAVE
10
67.0000
20
71.4290
0
VERTEX
8
ENGRAVE
10
66.8570
20
71.2860
0
VERTEX
8
ENGRAVE
10
66.7140
20
71.1430
0
VERTEX
8
ENGRAVE
10
66.7140
20
70.8570
0
VERTEX
8
ENGRAVE
10
66.7140
20
70.5710
0
VERTEX
8
ENGRAVE
10
66.7140
20
70.2860
0
VERTEX
8
ENGRAVE
10
66.7140
20
70.0000
0
VERTEX
8
ENGRAVE
10
66.7140
20
69.7140
0
VERTEX
8
ENGRAVE
10
66.7140
20
69.4290
0
VERTEX
8
ENGRAVE
10
66.7140
20
69.1430
0
VERTEX
8
ENGRAVE
10
66.7140
20
68.8570
0
VERTEX
8
ENGRAVE
10
66.7140
20
68.5710
0
VERTEX
8
ENGRAVE
10
66.7140
20
68.2860
0
VERTEX
8
ENGRAVE
10
66.7140
20
68.0000
0
VERTEX
8
ENGRAVE
10
66.7140
20
67.7140
0
VERTEX
8
ENGRAVE
10
66.7140
20
67.4290
0
VERTEX
8
ENGRAVE
10
66.7140
20
67.1430
0
VERTEX
8
ENGRAVE
10
66.8570
20
67.0000
0
VERTEX
8
ENGRAVE
10
67.1430
20
67.0000
0
VERTEX
8
ENGRAVE
10
67.4290
20
67.0000
0
VERTEX
8
ENGRAVE
10
67.7140
20
67.0000
0
VERTEX
8
ENGRAVE
10
68.0000
20
67.0000
0
VERTEX
8
ENGRAVE
10
68.1430
20
66.8570
0
VERTEX
8
ENGRAVE
10
68.2860
20
66.7140
0
VERTEX
8
ENGRAVE
10
68.4290
20
66.5710
0
VERTEX
8
ENGRAVE
10
68.5710
20
66.4290
0
VERTEX
8
ENGRAVE
10
68.7140
20
66.2860
0
VERTEX
8
ENGRAVE
10
68.7140
20
66.0000
0
VERTEX
8
ENGRAVE
10
68.7140
20
65.7140
0
VERTEX
8
ENGRAVE
10
68.7140
20
65.4290
0
VERTEX
8
ENGRAVE
10
68.7140
20
65.1430
0
VERTEX
8
ENGRAVE
10
68.7140
20
64.8570
0
VERTEX
8
ENGRAVE
10
68.7140
20
64.5710
0
VERTEX
8
ENGRAVE
10
68.7140
20
64.2860
0
VERTEX
8
ENGRAVE
10
68.7140
20
64.0000
0
VERTEX
8
ENGRAVE
10
68.7140
20
63.7140
0
VERTEX
8
ENGRAVE
10
68.7140
20
63.4290
0
VERTEX
8
ENGRAVE
10
68.7140
20
63.1430
0
VERTEX
8
ENGRAVE
10
68.5710
20
63.0000
0
VERTEX
8
ENGRAVE
10
68.4290
20
62.8570
0
VERTEX
8
ENGRAVE
10
68.4290
20
62.5710
0
VERTEX
8
ENGRAVE
10
68.4290
20
62.2860
0
VERTEX
8
ENGRAVE
10
68.5710
20
62.1430
0
VERTEX
8
ENGRAVE
10
68.7140
20
62.0000
0
VERTEX
8
ENGRAVE
10
68.8570
20
61.8570
0
VERTEX
8
ENGRAVE
10
69.0000
20
61.7140
0
VERTEX
8
ENGRAVE
10
69.1430
20
61.5710
0
VERTEX
8
ENGRAVE
10
69.2860
20
61.4290
0
VERTEX
8
ENGRAVE
10
69.2860
20
61.1430
0
VERTEX
8
ENGRAVE
10
69.2860
20
60.8570
0
VERTEX
8
ENGRAVE
10
69.1430
20
60.7140
0
VERTEX
8
ENGRAVE
10
69.0000
20
60.5710
0
VERTEX
8
ENGRAVE
10
68.8570
20
60.4290
0
VERTEX
8
ENGRAVE
10
68.7140
20
60.2860
0
VERTEX
8
ENGRAVE
10
68.5710
20
60.1430
0
VERTEX
8
ENGRAVE
10
68.4290
20
60.0000
0
VERTEX
8
ENGRAVE
10
68.4290
20
59.7140
0
VERTEX
8
ENGRAVE
10
68.4290
20
59.4290
0
VERTEX
8
ENGRAVE
10
68.4290
20
59.1430
0
VERTEX
8
ENGRAVE
10
68.4290
20
58.8570
0
VERTEX
8
ENGRAVE
10
68.4290
20
58.5710
0
VERTEX
8
ENGRAVE
10
68.4290
20
58.2860
0
VERTEX
8
ENGRAVE
10
68.4290
20
58.0000
0
VERTEX
8
ENGRAVE
10
68.4290
20
57.7140
0
VERTEX
8
ENGRAVE
10
68.4290
20
57.4290
0
VERTEX
8
ENGRAVE
10
68.4290
20
57.1430
0
VERTEX
8
ENGRAVE
10
68.4290
20
56.8570
0
VERTEX
8
ENGRAVE
10
68.4290
20
56.5710
0
VERTEX
8
ENGRAVE
10
68.4290
20
56.2860
0
VERTEX
8
ENGRAVE
10
68.4290
20
56.0000
0
VERTEX
8
ENGRAVE
10
68.4290
20
55.7140
0
VERTEX
8
ENGRAVE
10
68.4290
20
55.4290
0
VERTEX
8
ENGRAVE
10
68.4290
20
55.1430
0
VERTEX
8
ENGRAVE
10
68.4290
20
54.8570
0
VERTEX
8
ENGRAVE
10
68.4290
20
54.5710
0
VERTEX
8
ENGRAVE
10
68.4290
20
54.2860
0
VERTEX
8
ENGRAVE
10
68.4290
20
54.0000
0
VERTEX
8
ENGRAVE
10
68.4290
20
53.7140
0
VERTEX
8
ENGRAVE
10
68.4290
20
53.4290
0
VERTEX
8
ENGRAVE
10
68.4290
20
53.1430
0
VERTEX
8
ENGRAVE
10
68.4290
20
52.8570
0
VERTEX
8
ENGRAVE
10
68.4290
20
52.5710
0
VERTEX
8
ENGRAVE
10
68.4290
20
52.2860
0
VERTEX
8
ENGRAVE
10
68.4290
20
52.0000
0
VERTEX
8
ENGRAVE
10
68.4290
20
51.7140
0
VERTEX
8
ENGRAVE
10
68.4290
20
51.4290
0
VERTEX
8
ENGRAVE
10
68.4290
20
51.1430
0
VERTEX
8
ENGRAVE
10
68.5710
20
51.0000
0
VERTEX
8
ENGRAVE
10
68.7140
20
50.8570
0
VERTEX
8
ENGRAVE
10
68.7140
20
50.5710
0
VERTEX
8
ENGRAVE
10
68.7140
20
50.2860
0
VERTEX
8
ENGRAVE
10
68.7140
20
50.0000
0
VERTEX
8
ENGRAVE
10
68.7140
20
49.7140
0
VERTEX
8
ENGRAVE
10
68.7140
20
49.4290
0
VERTEX
8
ENGRAVE
10
68.7140
20
49.1430
0
VERTEX
8
ENGRAVE
10
68.7140
20
48.8570
0
VERTEX
8
ENGRAVE
10
68.7140
20
48.5710
0
VERTEX
8
ENGRAVE
10
68.7140
20
48.2860
0
VERTEX
8
ENGRAVE
10
68.7140
20
48.0000
0
VERTEX
8
ENGRAVE
10
68.7140
20
47.7140
0
VERTEX
8
ENGRAVE
10
68.7140
20
47.4290
0
VERTEX
8
ENGRAVE
10
68.7140
20
47.1430
0
VERTEX
8
ENGRAVE
10
68.7140
20
46.8570
0
VERTEX
8
ENGRAVE
10
68.7140
20
46.5710
0
VERTEX
8
ENGRAVE
10
68.8570
20
46.4290
0
VERTEX
8
ENGRAVE
10
69.0000
20
46.2860
0
VERTEX
8
ENGRAVE
10
69.0000
20
46.0000
0
VERTEX
8
ENGRAVE
10
69.0000
20
45.7140
0
VERTEX
8
ENGRAVE
10
69.1430
20
45.5710
0
VERTEX
8
ENGRAVE
10
69.2860
20
45.4290
0
VERTEX
8
ENGRAVE
10
69.2860
20
45.1430
0
VERTEX
8
ENGRAVE
10
69.2860
20
44.8570
0
VERTEX
8
ENGRAVE
10
69.4290
20
44.7140
0
VERTEX
8
ENGRAVE
10
69.5710
20
44.5710
0
VERTEX
8
ENGRAVE
10
69.5710
20
44.2860
0
VERTEX
8
ENGRAVE
10
69.5710
20
44.0000
0
VERTEX
8
ENGRAVE
10
69.7140
20
43.8570
0
VERTEX
8
ENGRAVE
10
69.8570
20
43.7140
0
VERTEX
8
ENGRAVE
10
69.8570
20
43.4290
0
VERTEX
8
ENGRAVE
10
70.0000
20
43.2860
0
VERTEX
8
ENGRAVE
10
70.1430
20
43.1430
0
VERTEX
8
ENGRAVE
10
70.1430
20
42.8570
0
VERTEX
8
ENGRAVE
10
70.1430
20
42.5710
0
VERTEX
8
ENGRAVE
10
70.1430
20
42.2860
0
VERTEX
8
ENGRAVE
10
70.1430
20
42.0000
0
VERTEX
8
ENGRAVE
10
70.2860
20
41.8570
0
VERTEX
8
ENGRAVE
10
70.4290
20
41.7140
0
VERTEX
8
ENGRAVE
10
70.4290
20
41.4290
0
VERTEX
8
ENGRAVE
10
70.5710
20
41.2860
0
VERTEX
8
ENGRAVE
10
70.7140
20
41.1430
0
VERTEX
8
ENGRAVE
10
70.7140
20
40.8570
0
VERTEX
8
ENGRAVE
10
70.8570
20
40.7140
0
VERTEX
8
ENGRAVE
10
71.0000
20
40.5710
0
VERTEX
8
ENGRAVE
10
71.1430
20
40.4290
0
VERTEX
8
ENGRAVE
10
71.4290
20
40.4290
0
VERTEX
8
ENGRAVE
10
71.7140
20
40.4290
0
VERTEX
8
ENGRAVE
10
72.0000
20
40.4290
0
VERTEX
8
ENGRAVE
10
72.1430
20
40.2860
0
VERTEX
8
ENGRAVE
10
72.2860
20
40.1430
0
VERTEX
8
ENGRAVE
10
72.5710
20
40.1430
0
VERTEX
8
ENGRAVE
10
72.7140
20
40.0000
0
VERTEX
8
ENGRAVE
10
72.8570
20
39.8570
0
VERTEX
8
ENGRAVE
10
73.1430
20
39.8570
0
VERTEX
8
ENGRAVE
10
73.2860
20
39.7140
0
VERTEX
8
ENGRAVE
10
73.2860
20
39.4290
0
VERTEX
8
ENGRAVE
10
73.4290
20
39.2860
0
VERTEX
8
ENGRAVE
10
73.5710
20
39.1430
0
VERTEX
8
ENGRAVE
10
73.7140
20
39.0000
0
VERTEX
8
ENGRAVE
10
73.8570
20
38.8570
0
VERTEX
8
ENGRAVE
10
74.0000
20
38.7140
0
VERTEX
8
ENGRAVE
10
74.1430
20
38.5710
0
VERTEX
8
ENGRAVE
10
74.2860
20
38.4290
0
VERTEX
8
ENGRAVE
10
74.4290
20
38.2860
0
VERTEX
8
ENGRAVE
10
74.5710
20
38.1430
0
VERTEX
8
ENGRAVE
10
74.7140
20
38.0000
0
VERTEX
8
ENGRAVE
10
74.8570
20
37.8570
0
VERTEX
8
ENGRAVE
10
75.1430
20
37.8570
0
VERTEX
8
ENGRAVE
10
75.4290
20
37.8570
0
VERTEX
8
ENGRAVE
10
75.7140
20
37.8570
0
VERTEX
8
ENGRAVE
10
76.0000
20
37.8570
0
VERTEX
8
ENGRAVE
10
76.2860
20
37.8570
0
VERTEX
8
ENGRAVE
10
76.5710
20
37.8570
0
VERTEX
8
ENGRAVE
10
76.7140
20
37.7140
0
VERTEX
8
ENGRAVE
10
76.8570
20
37.5710
0
VERTEX
8
ENGRAVE
10
77.0000
20
37.4290
0
VERTEX
8
ENGRAVE
10
77.0000
20
37.1430
0
VERTEX
8
ENGRAVE
10
76.8570
20
37.0000
0
VERTEX
8
ENGRAVE
10
76.7140
20
36.8570
0
VERTEX
8
ENGRAVE
10
76.7140
20
36.5710
0
VERTEX
8
ENGRAVE
10
76.5710
20
36.4290
0
VERTEX
8
ENGRAVE
10
76.2860
20
36.4290
0
VERTEX
8
ENGRAVE
10
76.1430
20
36.2860
0
VERTEX
8
ENGRAVE
10
76.0000
20
36.1430
0
VERTEX
8
ENGRAVE
10
75.7140
20
36.1430
0
VERTEX
8
ENGRAVE
10
75.4290
20
36.1430
0
VERTEX
8
ENGRAVE
10
75.2860
20
36.0000
0
VERTEX
8
ENGRAVE
10
75.1430
20
35.8570
0
VERTEX
8
ENGRAVE
10
74.8570
20
35.8570
0
VERTEX
8
ENGRAVE
10
74.5710
20
35.8570
0
VERTEX
8
ENGRAVE
10
74.2860
20
35.8570
0
VERTEX
8
ENGRAVE
10
74.0000
20
35.8570
0
VERTEX
8
ENGRAVE
10
73.7140
20
35.8570
0
VERTEX
8
ENGRAVE
10
73.4290
20
35.8570
0
VERTEX
8
ENGRAVE
10
73.1430
20
35.8570
0
VERTEX
8
ENGRAVE
10
72.8570
20
35.8570
0
VERTEX
8
ENGRAVE
10
72.5710
20
35.8570
0
VERTEX
8
ENGRAVE
10
72.2860
20
35.8570
0
VERTEX
8
ENGRAVE
10
72.0000
20
35.8570
0
VERTEX
8
ENGRAVE
10
71.8570
20
35.7140
0
VERTEX
8
ENGRAVE
10
71.7140
20
35.5710
0
VERTEX
8
ENGRAVE
10
71.4290
20
35.5710
0
VERTEX
8
ENGRAVE
10
71.1430
20
35.5710
0
VERTEX
8
ENGRAVE
10
70.8570
20
35.5710
0
VERTEX
8
ENGRAVE
10
70.5710
20
35.5710
0
VERTEX
8
ENGRAVE
10
70.2860
20
35.5710
0
VERTEX
8
ENGRAVE
10
70.1430
20
35.4290
0
VERTEX
8
ENGRAVE
10
70.0000
20
35.2860
0
VERTEX
8
ENGRAVE
10
69.7140
20
35.2860
0
VERTEX
8
ENGRAVE
10
69.4290
20
35.2860
0
VERTEX
8
ENGRAVE
10
69.1430
20
35.2860
0
VERTEX
8
ENGRAVE
10
68.8570
20
35.2860
0
VERTEX
8
ENGRAVE
10
68.5710
20
35.2860
0
VERTEX
8
ENGRAVE
10
68.2860
20
35.2860
0
VERTEX
8
ENGRAVE
10
68.0000
20
35.2860
0
VERTEX
8
ENGRAVE
10
67.7140
20
35.2860
0
VERTEX
8
ENGRAVE
10
67.4290
20
35.2860
0
VERTEX
8
ENGRAVE
10
67.1430
20
35.2860
0
VERTEX
8
ENGRAVE
10
66.8570
20
35.2860
0
VERTEX
8
ENGRAVE
10
66.5710
20
35.2860
0
VERTEX
8
ENGRAVE
10
66.2860
20
35.2860
0
VERTEX
8
ENGRAVE
10
66.0000
20
35.2860
0
VERTEX
8
ENGRAVE
10
65.7140
20
35.2860
0
VERTEX
8
ENGRAVE
10
65.4290
20
35.2860
0
VERTEX
8
ENGRAVE
10
65.1430
20
35.2860
0
VERTEX
8
ENGRAVE
10
64.8570
20
35.2860
0
VERTEX
8
ENGRAVE
10
64.5710
20
35.2860
0
VERTEX
8
ENGRAVE
10
64.2860
20
35.2860
0
VERTEX
8
ENGRAVE
10
64.0000
20
35.2860
0
VERTEX
8
ENGRAVE
10
63.7140
20
35.2860
0
VERTEX
8
ENGRAVE
10
63.4290
20
35.2860
0
VERTEX
8
ENGRAVE
10
63.1430
20
35.2860
0
VERTEX
8
ENGRAVE
10
62.8570
20
35.2860
0
VERTEX
8
ENGRAVE
10
62.5710
20
35.2860
0
VERTEX
8
ENGRAVE
10
62.2860
20
35.2860
0
VERTEX
8
ENGRAVE
10
62.0000
20
35.2860
0
VERTEX
8
ENGRAVE
10
61.7140
20
35.2860
0
VERTEX
8
ENGRAVE
10
61.4290
20
35.2860
0
VERTEX
8
ENGRAVE
10
61.1430
20
35.2860
0
VERTEX
8
ENGRAVE
10
60.8570
20
35.2860
0
VERTEX
8
ENGRAVE
10
60.5710
20
35.2860
0
VERTEX
8
ENGRAVE
10
60.2860
20
35.2860
0
VERTEX
8
ENGRAVE
10
60.0000
20
35.2860
0
VERTEX
8
ENGRAVE
10
59.7140
20
35.2860
0
VERTEX
8
ENGRAVE
10
59.4290
20
35.2860
0
VERTEX
8
ENGRAVE
10
59.1430
20
35.2860
0
VERTEX
8
ENGRAVE
10
58.8570
20
35.2860
0
VERTEX
8
ENGRAVE
10
58.5710
20
35.2860
0
VERTEX
8
ENGRAVE
10
58.2860
20
35.2860
0
VERTEX
8
ENGRAVE
10
58.0000
20
35.2860
0
VERTEX
8
ENGRAVE
10
57.7140
20
35.2860
0
VERTEX
8
ENGRAVE
10
57.4290
20
35.2860
0
VERTEX
8
ENGRAVE
10
57.1430
20
35.2860
0
VERTEX
8
ENGRAVE
10
56.8570
20
35.2860
0
VERTEX
8
ENGRAVE
10
56.5710
20
35.2860
0
VERTEX
8
ENGRAVE
10
56.2860
20
35.2860
0
VERTEX
8
ENGRAVE
10
56.0000
20
35.2860
0
VERTEX
8
ENGRAVE
10
55.7140
20
35.2860
0
VERTEX
8
ENGRAVE
10
55.4290
20
35.2860
0
VERTEX
8
ENGRAVE
10
55.1430
20
35.2860
0
VERTEX
8
ENGRAVE
10
54.8570
20
35.2860
0
VERTEX
8
ENGRAVE
10
54.5710
20
35.2860
0
VERTEX
8
ENGRAVE
10
54.2860
20
35.2860
0
VERTEX
8
ENGRAVE
10
54.0000
20
35.2860
0
VERTEX
8
ENGRAVE
10
53.7140
20
35.2860
0
VERTEX
8
ENGRAVE
10
53.5710
20
35.1430
0
VERTEX
8
ENGRAVE
10
53.4290
20
35.0000
0
VERTEX
8
ENGRAVE
10
53.1430
20
35.0000
0
VERTEX
8
ENGRAVE
10
52.8570
20
35.0000
0
VERTEX
8
ENGRAVE
10
52.5710
20
35.0000
0
VERTEX
8
ENGRAVE
10
52.2860
20
35.0000
0
VERTEX
8
ENGRAVE
10
52.0000
20
35.0000
0
VERTEX
8
ENGRAVE
10
51.7140
20
35.0000
0
VERTEX
8
ENGRAVE
10
51.4290
20
35.0000
0
VERTEX
8
ENGRAVE
10
51.1430
20
35.0000
0
VERTEX
8
ENGRAVE
10
50.8570
20
35.0000
0
VERTEX
8
ENGRAVE
10
50.5710
20
35.0000
0
VERTEX
8
ENGRAVE
10
50.2860
20
35.0000
0
VERTEX
8
ENGRAVE
10
50.0000
20
35.0000
0
VERTEX
8
ENGRAVE
10
49.7140
20
35.0000
0
VERTEX
8
ENGRAVE
10
49.4290
20
35.0000
0
VERTEX
8
ENGRAVE
10
49.1430
20
35.0000
0
VERTEX
8
ENGRAVE
10
48.8570
20
35.0000
0
VERTEX
8
ENGRAVE
10
48.5710
20
35.0000
0
VERTEX
8
ENGRAVE
10
48.4290
20
35.1430
0
VERTEX
8
ENGRAVE
10
48.2860
20
35.2860
0
VERTEX
8
ENGRAVE
10
48.0000
20
35.2860
0
VERTEX
8
ENGRAVE
10
47.7140
20
35.2860
0
VERTEX
8
ENGRAVE
10
47.4290
20
35.2860
0
VERTEX
8
ENGRAVE
10
47.2860
20
35.4290
0
VERTEX
8
ENGRAVE
10
47.1430
20
35.5710
0
VERTEX
8
ENGRAVE
10
46.8570
20
35.5710
0
VERTEX
8
ENGRAVE
10
46.5710
20
35.5710
0
VERTEX
8
ENGRAVE
10
46.4290
20
35.7140
0
VERTEX
8
ENGRAVE
10
46.2860
20
35.8570
0
VERTEX
8
ENGRAVE
10
46.0000
20
35.8570
0
VERTEX
8
ENGRAVE
10
45.8570
20
36.0000
0
VERTEX
8
ENGRAVE
10
45.8570
20
36.2860
0
VERTEX
8
ENGRAVE
10
45.8570
20
36.5710
0
VERTEX
8
ENGRAVE
10
45.8570
20
36.8570
0
VERTEX
8
ENGRAVE
10
45.8570
20
37.1430
0
VERTEX
8
ENGRAVE
10
45.8570
20
37.4290
0
VERTEX
8
ENGRAVE
10
46.0000
20
37.5710
0
VERTEX
8
ENGRAVE
10
46.2860
20
37.5710
0
VERTEX
8
ENGRAVE
10
46.4290
20
37.7140
0
VERTEX
8
ENGRAVE
10
46.4290
20
38.0000
0
VERTEX
8
ENGRAVE
10
46.4290
20
38.2860
0
VERTEX
8
ENGRAVE
10
46.5710
20
38.4290
0
VERTEX
8
ENGRAVE
10
46.7140
20
38.5710
0
VERTEX
8
ENGRAVE
10
46.8570
20
38.7140
0
VERTEX
8
ENGRAVE
10
47.0000
20
38.8570
0
VERTEX
8
ENGRAVE
10
47.0000
20
39.1430
0
VERTEX
8
ENGRAVE
10
47.1430
20
39.2860
0
VERTEX
8
ENGRAVE
10
47.4290
20
39.2860
0
VERTEX
8
ENGRAVE
10
47.5710
20
39.4290
0
VERTEX
8
ENGRAVE
10
47.7140
20
39.5710
0
VERTEX
8
ENGRAVE
10
47.8570
20
39.7140
0
VERTEX
8
ENGRAVE
10
48.0000
20
39.8570
0
VERTEX
8
ENGRAVE
10
48.1430
20
40.0000
0
VERTEX
8
ENGRAVE
10
48.1430
20
40.2860
0
VERTEX
8
ENGRAVE
10
48.1430
20
40.5710
0
VERTEX
8
ENGRAVE
10
48.1430
20
40.8570
0
VERTEX
8
ENGRAVE
10
48.1430
20
41.1430
0
VERTEX
8
ENGRAVE
10
48.1430
20
41.4290
0
VERTEX
8
ENGRAVE
10
48.1430
20
41.7140
0
VERTEX
8
ENGRAVE
10
48.1430
20
42.0000
0
VERTEX
8
ENGRAVE
10
48.2860
20
42.1430
0
VERTEX
8
ENGRAVE
10
48.4290
20
42.2860
0
VERTEX
8
ENGRAVE
10
48.4290
20
42.5710
0
VERTEX
8
ENGRAVE
10
48.4290
20
42.8570
0
VERTEX
8
ENGRAVE
10
48.4290
20
43.1430
0
VERTEX
8
ENGRAVE
10
48.4290
20
43.4290
0
VERTEX
8
ENGRAVE
10
48.4290
20
43.7140
0
VERTEX
8
ENGRAVE
10
48.5710
20
43.8570
0
VERTEX
8
ENGRAVE
10
48.7140
20
44.0000
0
VERTEX
8
ENGRAVE
10
48.7140
20
44.2860
0
VERTEX
8
ENGRAVE
10
48.7140
20
44.5710
0
VERTEX
8
ENGRAVE
10
48.7140
20
44.8570
0
VERTEX
8
ENGRAVE
10
48.8570
20
45.0000
0
VERTEX
8
ENGRAVE
10
49.0000
20
45.1430
0
VERTEX
8
ENGRAVE
10
49.0000
20
45.4290
0
VERTEX
8
ENGRAVE
10
49.0000
20
45.7140
0
VERTEX
8
ENGRAVE
10
49.0000
20
46.0000
0
VERTEX
8
ENGRAVE
10
49.0000
20
46.2860
0
VERTEX
8
ENGRAVE
10
49.0000
20
46.5710
0
VERTEX
8
ENGRAVE
10
49.0000
20
46.8570
0
VERTEX
8
ENGRAVE
10
49.0000
20
47.1430
0
VERTEX
8
ENGRAVE
10
49.0000
20
47.4290
0
VERTEX
8
ENGRAVE
10
49.0000
20
47.7140
0
VERTEX
8
ENGRAVE
10
49.0000
20
48.0000
0
VERTEX
8
ENGRAVE
10
49.0000
20
48.2860
0
VERTEX
8
ENGRAVE
10
49.0000
20
48.5710
0
VERTEX
8
ENGRAVE
10
49.0000
20
48.8570
0
VERTEX
8
ENGRAVE
10
49.0000
20
49.1430
0
VERTEX
8
ENGRAVE
10
49.0000
20
49.4290
0
VERTEX
8
ENGRAVE
10
49.0000
20
49.7140
0
VERTEX
8
ENGRAVE
10
49.0000
20
50.0000
0
VERTEX
8
ENGRAVE
10
49.0000
20
50.2860
0
VERTEX
8
ENGRAVE
10
49.0000
20
50.5710
0
VERTEX
8
ENGRAVE
10
49.0000
20
50.8570
0
VERTEX
8
ENGRAVE
10
49.1430
20
51.0000
0
VERTEX
8
ENGRAVE
10
49.2860
20
51.1430
0
VERTEX
8
ENGRAVE
10
49.2860
20
51.4290
0
VERTEX
8
ENGRAVE
10
49.2860
20
51.7140
0
VERTEX
8
ENGRAVE
10
49.2860
20
52.0000
0
VERTEX
8
ENGRAVE
10
49.2860
20
52.2860
0
VERTEX
8
ENGRAVE
10
49.2860
20
52.5710
0
VERTEX
8
ENGRAVE
10
49.2860
20
52.8570
0
VERTEX
8
ENGRAVE
10
49.4290
20
53.0000
0
VERTEX
8
ENGRAVE
10
49.5710
20
53.1430
0
VERTEX
8
ENGRAVE
10
49.5710
20
53.4290
0
VERTEX
8
ENGRAVE
10
49.5710
20
53.7140
0
VERTEX
8
ENGRAVE
10
49.5710
20
54.0000
0
VERTEX
8
ENGRAVE
10
49.5710
20
54.2860
0
VERTEX
8
ENGRAVE
10
49.5710
20
54.5710
0
VERTEX
8
ENGRAVE
10
49.4290
20
54.7140
0
VERTEX
8
ENGRAVE
10
49.2860
20
54.8570
0
VERTEX
8
ENGRAVE
10
49.2860
20
55.1430
0
VERTEX
8
ENGRAVE
10
49.2860
20
55.4290
0
VERTEX
8
ENGRAVE
10
49.1430
20
55.5710
0
VERTEX
8
ENGRAVE
10
49.0000
20
55.7140
0
VERTEX
8
ENGRAVE
10
49.0000
20
56.0000
0
VERTEX
8
ENGRAVE
10
49.0000
20
56.2860
0
VERTEX
8
ENGRAVE
10
48.8570
20
56.4290
0
VERTEX
8
ENGRAVE
10
48.5710
20
56.4290
0
VERTEX
8
ENGRAVE
10
48.4290
20
56.5710
0
VERTEX
8
ENGRAVE
10
48.2860
20
56.7140
0
VERTEX
8
ENGRAVE
10
48.1430
20
56.8570
0
VERTEX
8
ENGRAVE
10
48.1430
20
57.1430
0
VERTEX
8
ENGRAVE
10
48.1430
20
57.4290
0
VERTEX
8
ENGRAVE
10
48.1430
20
57.7140
0
VERTEX
8
ENGRAVE
10
48.0000
20
57.8570
0
VERTEX
8
ENGRAVE
10
47.8570
20
58.0000
0
VERTEX
8
ENGRAVE
10
47.8570
20
58.2860
0
VERTEX
8
ENGRAVE
10
47.8570
20
58.5710
0
VERTEX
8
ENGRAVE
10
47.8570
20
58.8570
0
VERTEX
8
ENGRAVE
10
47.8570
20
59.1430
0
VERTEX
8
ENGRAVE
10
48.0000
20
59.2860
0
VERTEX
8
ENGRAVE
10
48.1430
20
59.4290
0
VERTEX
8
ENGRAVE
10
48.1430
20
59.7140
0
VERTEX
8
ENGRAVE
10
48.0000
20
59.8570
0
VERTEX
8
ENGRAVE
10
47.7140
20
59.8570
0
VERTEX
8
ENGRAVE
10
47.4290
20
59.8570
0
VERTEX
8
ENGRAVE
10
47.1430
20
59.8570
0
VERTEX
8
ENGRAVE
10
47.0000
20
60.0000
0
VERTEX
8
ENGRAVE
10
46.8570
20
60.1430
0
VERTEX
8
ENGRAVE
10
46.5710
20
60.1430
0
VERTEX
8
ENGRAVE
10
46.4290
20
60.2860
0
VERTEX
8
ENGRAVE
10
46.2860
20
60.4290
0
VERTEX
8
ENGRAVE
10
46.1430
20
60.5710
0
VERTEX
8
ENGRAVE
10
46.0000
20
60.7140
0
VERTEX
8
ENGRAVE
10
45.7140
20
60.7140
0
VERTEX
8
ENGRAVE
10
45.5710
20
60.8570
0
VERTEX
8
ENGRAVE
10
45.4290
20
61.0000
0
VERTEX
8
ENGRAVE
10
45.1430
20
61.0000
0
VERTEX
8
ENGRAVE
10
45.0000
20
61.1430
0
VERTEX
8
ENGRAVE
10
44.8570
20
61.2860
0
VERTEX
8
ENGRAVE
10
44.7140
20
61.4290
0
VERTEX
8
ENGRAVE
10
44.5710
20
61.5710
0
VERTEX
8
ENGRAVE
10
44.4290
20
61.7140
0
VERTEX
8
ENGRAVE
10
44.2860
20
61.8570
0
VERTEX
8
ENGRAVE
10
44.1430
20
62.0000
0
VERTEX
8
ENGRAVE
10
44.0000
20
62.1430
0
VERTEX
8
ENGRAVE
10
43.8570
20
62.2860
0
VERTEX
8
ENGRAVE
10
43.7140
20
62.4290
0
VERTEX
8
ENGRAVE
10
43.5710
20
62.5710
0
VERTEX
8
ENGRAVE
10
43.4290
20
62.7140
0
VERTEX
8
ENGRAVE
10
43.2860
20
62.8570
0
VERTEX
8
ENGRAVE
10
43.2860
20
63.1430
0
VERTEX
8
ENGRAVE
10
43.2860
20
63.4290
0
VERTEX
8
ENGRAVE
10
43.1430
20
63.5710
0
VERTEX
8
ENGRAVE
10
43.0000
20
63.7140
0
VERTEX
8
ENGRAVE
10
43.0000
20
64.0000
0
VERTEX
8
ENGRAVE
10
42.8570
20
64.1430
0
VERTEX
8
ENGRAVE
10
42.7140
20
64.2860
0
VERTEX
8
ENGRAVE
10
42.7140
20
64.5710
0
VERTEX
8
ENGRAVE
10
42.7140
20
64.8570
0
VERTEX
8
ENGRAVE
10
42.7140
20
65.1430
0
VERTEX
8
ENGRAVE
10
42.7140
20
65.4290
0
VERTEX
8
ENGRAVE
10
42.7140
20
65.7140
0
VERTEX
8
ENGRAVE
10
42.7140
20
66.0000
0
VERTEX
8
ENGRAVE
10
42.7140
20
66.2860
0
VERTEX
8
ENGRAVE
10
42.7140
20
66.5710
0
VERTEX
8
ENGRAVE
10
42.7140
20
66.8570
0
VERTEX
8
ENGRAVE
10
42.7140
20
67.1430
0
VERTEX
8
ENGRAVE
10
42.7140
20
67.4290
0
VERTEX
8
ENGRAVE
10
42.7140
20
67.7140
0
VERTEX
8
ENGRAVE
10
42.7140
20
68.0000
0
VERTEX
8
ENGRAVE
10
42.7140
20
68.2860
0
VERTEX
8
ENGRAVE
10
42.7140
20
68.5710
0
VERTEX
8
ENGRAVE
10
42.7140
20
68.8570
0
VERTEX
8
ENGRAVE
10
42.8570
20
69.0000
0
VERTEX
8
ENGRAVE
10
43.0000
20
69.1430
0
VERTEX
8
ENGRAVE
10
43.0000
20
69.4290
0
VERTEX
8
ENGRAVE
10
43.1430
20
69.5710
0
VERTEX
8
ENGRAVE
10
43.2860
20
69.7140
0
VERTEX
8
ENGRAVE
10
43.2860
20
70.0000
0
VERTEX
8
ENGRAVE
10
43.2860
20
70.2860
0
VERTEX
8
ENGRAVE
10
43.4290
20
70.4290
0
VERTEX
8
ENGRAVE
10
43.5710
20
70.5710
0
VERTEX
8
ENGRAVE
10
43.5710
20
70.8570
0
VERTEX
8
ENGRAVE
10
43.7140
20
71.0000
0
VERTEX
8
ENGRAVE
10
43.8570
20
71.1430
0
VERTEX
8
ENGRAVE
10
43.8570
20
71.4290
0
VERTEX
8
ENGRAVE
10
43.8570
20
71.7140
0
VERTEX
8
ENGRAVE
10
44.0000
20
71.8570
0
VERTEX
8
ENGRAVE
10
44.1430
20
72.0000
0
VERTEX
8
ENGRAVE
10
44.1430
20
72.2860
0
VERTEX
8
ENGRAVE
10
44.2860
20
72.4290
0
VERTEX
8
ENGRAVE
10
44.4290
20
72.5710
0
VERTEX
8
ENGRAVE
10
44.5710
20
72.7140
0
VERTEX
8
ENGRAVE
10
44.7140
20
72.8570
0
VERTEX
8
ENGRAVE
10
44.7140
20
73.1430
0
VERTEX
8
ENGRAVE
10
44.8570
20
73.2860
0
VERTEX
8
ENGRAVE
10
45.0000
20
73.4290
0
VERTEX
8
ENGRAVE
10
45.1430
20
73.5710
0
VERTEX
8
ENGRAVE
10
45.2860
20
73.7140
0
VERTEX
8
ENGRAVE
10
45.4290
20
73.8570
0
VERTEX
8
ENGRAVE
10
45.5710
20
74.0000
0
VERTEX
8
ENGRAVE
10
45.7140
20
74.1430
0
VERTEX
8
ENGRAVE
10
45.8570
20
74.2860
0
VERTEX
8
ENGRAVE
10
45.8570
20
74.5710
0
VERTEX
8
ENGRAVE
10
46.0000
20
74.7140
0
VERTEX
8
ENGRAVE
10
46.1430
20
74.8570
0
VERTEX
8
ENGRAVE
10
46.2860
20
75.0000
0
VERTEX
8
ENGRAVE
10
46.4290
20
75.1430
0
VERTEX
8
ENGRAVE
10
46.5710
20
75.2860
0
VERTEX
8
ENGRAVE
10
46.7140
20
75.4290
0
VERTEX
8
ENGRAVE
10
46.8570
20
75.5710
0
VERTEX
8
ENGRAVE
10
47.0000
20
75.7140
0
VERTEX
8
ENGRAVE
10
47.0000
20
76.0000
0
VERTEX
8
ENGRAVE
10
47.1430
20
76.1430
0
VERTEX
8
ENGRAVE
10
47.4290
20
76.1430
0
VERTEX
8
ENGRAVE
10
47.5710
20
76.2860
0
VERTEX
8
ENGRAVE
10
47.7140
20
76.4290
0
VERTEX
8
ENGRAVE
10
48.0000
20
76.4290
0
VERTEX
8
ENGRAVE
10
48.1430
20
76.5710
0
VERTEX
8
ENGRAVE
10
48.2860
20
76.7140
0
VERTEX
8
ENGRAVE
10
48.5710
20
76.7140
0
VERTEX
8
ENGRAVE
10
48.7140
20
76.8570
0
VERTEX
8
ENGRAVE
10
48.8570
20
77.0000
0
VERTEX
8
ENGRAVE
10
49.1430
20
77.0000
0
VERTEX
8
ENGRAVE
10
49.2860
20
77.1430
0
VERTEX
8
ENGRAVE
10
49.4290
20
77.2860
0
VERTEX
8
ENGRAVE
10
49.7140
20
77.2860
0
VERTEX
8
ENGRAVE
10
49.8570
20
77.4290
0
VERTEX
8
ENGRAVE
10
50.0000
20
77.5710
0
VERTEX
8
ENGRAVE
10
50.2860
20
77.5710
0
VERTEX
8
ENGRAVE
10
50.4290
20
77.7140
0
VERTEX
8
ENGRAVE
10
50.5710
20
77.8570
0
VERTEX
8
ENGRAVE
10
50.7140
20
78.0000
0
VERTEX
8
ENGRAVE
10
50.8570
20
78.1430
0
VERTEX
8
ENGRAVE
10
51.1430
20
78.1430
0
VERTEX
8
ENGRAVE
10
51.2860
20
78.2860
0
VERTEX
8
ENGRAVE
10
51.2860
20
78.5710
0
VERTEX
8
ENGRAVE
10
51.2860
20
78.8570
0
VERTEX
8
ENGRAVE
10
51.4290
20
79.0000
0
VERTEX
8
ENGRAVE
10
51.5710
20
79.1430
0
VERTEX
8
ENGRAVE
10
51.7140
20
79.2860
0
VERTEX
8
ENGRAVE
10
51.8570
20
79.4290
0
VERTEX
8
ENGRAVE
10
51.8570
20
79.7140
0
VERTEX
8
ENGRAVE
10
51.8570
20
80.0000
0
VERTEX
8
ENGRAVE
10
51.7140
20
80.1430
0
VERTEX
8
ENGRAVE
10
51.5710
20
80.2860
0
VERTEX
8
ENGRAVE
10
51.5710
20
80.5710
0
VERTEX
8
ENGRAVE
10
51.5710
20
80.8570
0
VERTEX
8
ENGRAVE
10
51.4290
20
81.0000
0
VERTEX
8
ENGRAVE
10
51.2860
20
81.1430
0
VERTEX
8
ENGRAVE
10
51.1430
20
81.2860
0
VERTEX
8
ENGRAVE
10
50.8570
20
81.2860
0
VERTEX
8
ENGRAVE
10
50.5710
20
81.2860
0
VERTEX
8
ENGRAVE
10
50.4290
20
81.4290
0
VERTEX
8
ENGRAVE
10
50.2860
20
81.5710
0
VERTEX
8
ENGRAVE
10
50.1430
20
81.7140
0
VERTEX
8
ENGRAVE
10
50.0000
20
81.8570
0
VERTEX
8
ENGRAVE
10
49.8570
20
82.0000
0
VERTEX
8
ENGRAVE
10
49.8570
20
82.2860
0
VERTEX
8
ENGRAVE
10
49.7140
20
82.4290
0
VERTEX
8
ENGRAVE
10
49.5710
20
82.5710
0
VERTEX
8
ENGRAVE
10
49.5710
20
82.8570
0
VERTEX
8
ENGRAVE
10
49.5710
20
83.1430
0
VERTEX
8
ENGRAVE
10
49.5710
20
83.4290
0
VERTEX
8
ENGRAVE
10
49.5710
20
83.7140
0
VERTEX
8
ENGRAVE
10
49.7140
20
83.8570
0
VERTEX
8
ENGRAVE
10
49.8570
20
84.0000
0
VERTEX
8
ENGRAVE
10
49.8570
20
84.2860
0
VERTEX
8
ENGRAVE
10
50.0000
20
84.4290
0
VERTEX
8
ENGRAVE
10
50.2860
20
84.4290
0
VERTEX
8
ENGRAVE
10
50.4290
20
84.5710
0
VERTEX
8
ENGRAVE
10
50.4290
20
84.8570
0
VERTEX
8
ENGRAVE
10
50.2860
20
85.0000
0
VERTEX
8
ENGRAVE
10
50.0000
20
85.0000
0
VERTEX
8
ENGRAVE
10
49.7140
20
85.0000
0
VERTEX
8
ENGRAVE
10
49.5710
20
85.1430
0
VERTEX
8
ENGRAVE
10
49.4290
20
85.2860
0
VERTEX
8
ENGRAVE
10
49.1430
20
85.2860
0
VERTEX
8
ENGRAVE
10
49.0000
20
85.4290
0
VERTEX
8
ENGRAVE
10
48.8570
20
85.5710
0
VERTEX
8
ENGRAVE
10
48.7140
20
85.7140
0
VERTEX
8
ENGRAVE
10
48.5710
20
85.8570
0
VERTEX
8
ENGRAVE
10
48.4290
20
86.0000
0
VERTEX
8
ENGRAVE
10
48.2860
20
86.1430
0
VERTEX
8
ENGRAVE
10
48.1430
20
86.2860
0
VERTEX
8
ENGRAVE
10
48.1430
20
86.5710
0
VERTEX
8
ENGRAVE
10
48.0000
20
86.7140
0
VERTEX
8
ENGRAVE
10
47.8570
20
86.8570
0
VERTEX
8
ENGRAVE
10
47.8570
20
87.1430
0
VERTEX
8
ENGRAVE
10
47.7140
20
87.2860
0
VERTEX
8
ENGRAVE
10
47.5710
20
87.4290
0
VERTEX
8
ENGRAVE
10
47.5710
20
87.7140
0
VERTEX
8
ENGRAVE
10
47.5710
20
88.0000
0
VERTEX
8
ENGRAVE
10
47.5710
20
88.2860
0
VERTEX
8
ENGRAVE
10
47.5710
20
88.5710
0
VERTEX
8
ENGRAVE
10
47.5710
20
88.8570
0
VERTEX
8
ENGRAVE
10
47.7140
20
89.0000
0
VERTEX
8
ENGRAVE
10
47.8570
20
89.1430
0
VERTEX
8
ENGRAVE
10
47.8570
20
89.4290
0
VERTEX
8
ENGRAVE
10
48.0000
20
89.5710
0
VERTEX
8
ENGRAVE
10
48.1430
20
89.7140
0
VERTEX
8
ENGRAVE
10
48.1430
20
90.0000
0
VERTEX
8
ENGRAVE
10
48.1430
20
90.2860
0
VERTEX
8
ENGRAVE
10
48.2860
20
90.4290
0
VERTEX
8
ENGRAVE
10
48.4290
20
90.5710
0
VERTEX
8
ENGRAVE
10
48.5710
20
90.7140
0
VERTEX
8
ENGRAVE
10
48.7140
20
90.8570
0
VERTEX
8
ENGRAVE
10
48.8570
20
91.0000
0
VERTEX
8
ENGRAVE
10
49.0000
20
91.1430
0
VERTEX
8
ENGRAVE
10
49.0000
20
91.4290
0
VERTEX
8
ENGRAVE
10
49.1430
20
91.5710
0
VERTEX
8
ENGRAVE
10
49.4290
20
91.5710
0
VERTEX
8
ENGRAVE
10
49.5710
20
91.7140
0
VERTEX
8
ENGRAVE
10
49.7140
20
91.8570
0
VERTEX
8
ENGRAVE
10
49.8570
20
92.0000
0
VERTEX
8
ENGRAVE
10
50.0000
20
92.1430
0
VERTEX
8
ENGRAVE
10
50.1430
20
92.2860
0
VERTEX
8
ENGRAVE
10
50.2860
20
92.4290
0
VERTEX
8
ENGRAVE
10
50.4290
20
92.5710
0
VERTEX
8
ENGRAVE
10
50.5710
20
92.7140
0
VERTEX
8
ENGRAVE
10
50.8570
20
92.7140
0
VERTEX
8
ENGRAVE
10
51.0000
20
92.8570
0
VERTEX
8
ENGRAVE
10
51.1430
20
93.0000
0
VERTEX
8
ENGRAVE
10
51.2860
20
93.1430
0
VERTEX
8
ENGRAVE
10
51.4290
20
93.2860
0
VERTEX
8
ENGRAVE
10
51.7140
20
93.2860
0
VERTEX
8
ENGRAVE
10
51.8570
20
93.4290
0
VERTEX
8
ENGRAVE
10
52.0000
20
93.5710
0
VERTEX
8
ENGRAVE
10
52.2860
20
93.5710
0
VERTEX
8
ENGRAVE
10
52.4290
20
93.7140
0
VERTEX
8
ENGRAVE
10
52.5710
20
93.8570
0
VERTEX
8
ENGRAVE
10
52.8570
20
93.8570
0
VERTEX
8
ENGRAVE
10
53.0000
20
94.0000
0
VERTEX
8
ENGRAVE
10
53.1430
20
94.1430
0
VERTEX
8
ENGRAVE
10
53.4290
20
94.1430
0
VERTEX
8
ENGRAVE
10
53.5710
20
94.2860
0
VERTEX
8
ENGRAVE
10
53.7140
20
94.4290
0
VERTEX
8
ENGRAVE
10
54.0000
20
94.4290
0
VERTEX
8
ENGRAVE
10
54.2860
20
94.4290
0
VERTEX
8
ENGRAVE
10
54.4290
20
94.5710
0
VERTEX
8
ENGRAVE
10
54.5710
20
94.7140
0
VERTEX
8
ENGRAVE
10
54.8570
20
94.7140
0
VERTEX
8
ENGRAVE
10
55.1430
20
94.7140
0
VERTEX
8
ENGRAVE
10
55.4290
20
94.7140
0
VERTEX
8
ENGRAVE
10
55.7140
20
94.7140
0
SEQEND
0
POLYLINE
8
ENGRAVE
66
1
70
1
0
VERTEX
8
ENGRAVE
10
58.1430
20
94.0000
0
VERTEX
8
ENGRAVE
10
58.2860
20
94.1430
0
VERTEX
8
ENGRAVE
10
58.5710
20
94.1430
0
VERTEX
8
ENGRAVE
10
58.7140
20
94.0000
0
VERTEX
8
ENGRAVE
10
58.8570
20
93.8570
0
VERTEX
8
ENGRAVE
10
59.1430
20
93.8570
0
VERTEX
8
ENGRAVE
10
59.4290
20
93.8570
0
VERTEX
8
ENGRAVE
10
59.5710
20
93.7140
0
VERTEX
8
ENGRAVE
10
59.7140
20
93.5710
0
VERTEX
8
ENGRAVE
10
60.0000
20
93.5710
0
VERTEX
8
ENGRAVE
10
60.2860
20
93.5710
0
VERTEX
8
ENGRAVE
10
60.4290
20
93.4290
0
VERTEX
8
ENGRAVE
10
60.5710
20
93.2860
0
VERTEX
8
ENGRAVE
10
60.8570
20
93.2860
0
VERTEX
8
ENGRAVE
10
61.1430
20
93.2860
0
VERTEX
8
ENGRAVE
10
61.2860
20
93.1430
0
VERTEX
8
ENGRAVE
10
61.4290
20
93.0000
0
VERTEX
8
ENGRAVE
10
61.5710
20
92.8570
0
VERTEX
8
ENGRAVE
10
61.7140
20
92.7140
0
VERTEX
8
ENGRAVE
10
62.0000
20
92.7140
0
VERTEX
8
ENGRAVE
10
62.1430
20
92.5710
0
VERTEX
8
ENGRAVE
10
62.2860
20
92.4290
0
VERTEX
8
ENGRAVE
10
62.4290
20
92.2860
0
VERTEX
8
ENGRAVE
10
62.5710
20
92.1430
0
VERTEX
8
ENGRAVE
10
62.8570
20
92.1430
0
VERTEX
8
ENGRAVE
10
63.0000
20
92.0000
0
VERTEX
8
ENGRAVE
10
63.1430
20
91.8570
0
VERTEX
8
ENGRAVE
10
63.2860
20
91.7140
0
VERTEX
8
ENGRAVE
10
63.2860
20
91.4290
0
VERTEX
8
ENGRAVE
10
63.4290
20
91.2860
0
VERTEX
8
ENGRAVE
10
63.7140
20
91.2860
0
VERTEX
8
ENGRAVE
10
63.8570
20
91.1430
0
VERTEX
8
ENGRAVE
10
64.0000
20
91.0000
0
VERTEX
8
ENGRAVE
10
64.1430
20
90.8570
0
VERTEX
8
ENGRAVE
10
64.1430
20
90.5710
0
VERTEX
8
ENGRAVE
10
64.2860
20
90.4290
0
VERTEX
8
ENGRAVE
10
64.4290
20
90.2860
0
VERTEX
8
ENGRAVE
10
64.5710
20
90.1430
0
VERTEX
8
ENGRAVE
10
64.7140
20
90.0000
0
VERTEX
8
ENGRAVE
10
64.7140
20
89.7140
0
VERTEX
8
ENGRAVE
10
64.8570
20
89.5710
0
VERTEX
8
ENGRAVE
10
65.0000
20
89.4290
0
VERTEX
8
ENGRAVE
10
65.0000
20
89.1430
0
VERTEX
8
ENGRAVE
10
65.0000
20
88.8570
0
VERTEX
8
ENGRAVE
10
65.0000
20
88.5710
0
VERTEX
8
ENGRAVE
10
65.0000
20
88.2860
0
VERTEX
8
ENGRAVE
10
64.8570
20
88.1430
0
VERTEX
8
ENGRAVE
10
64.7140
20
88.0000
0
VERTEX
8
ENGRAVE
10
64.5710
20
87.8570
0
VERTEX
8
ENGRAVE
10
64.4290
20
87.7140
0
VERTEX
8
ENGRAVE
10
64.2860
20
87.5710
0
VERTEX
8
ENGRAVE
10
64.1430
20
87.4290
0
VERTEX
8
ENGRAVE
10
64.0000
20
87.2860
0
VERTEX
8
ENGRAVE
10
63.8570
20
87.1430
0
VERTEX
8
ENGRAVE
10
63.7140
20
87.0000
0
VERTEX
8
ENGRAVE
10
63.5710
20
87.1430
0
VERTEX
8
ENGRAVE
10
63.5710
20
87.4290
0
VERTEX
8
ENGRAVE
10
63.5710
20
87.7140
0
VERTEX
8
ENGRAVE
10
63.5710
20
88.0000
0
VERTEX
8
ENGRAVE
10
63.5710
20
88.2860
0
VERTEX
8
ENGRAVE
10
63.4290
20
88.4290
0
VERTEX
8
ENGRAVE
10
63.2860
20
88.5710
0
VERTEX
8
ENGRAVE
10
63.1430
20
88.7140
0
VERTEX
8
ENGRAVE
10
62.8570
20
88.7140
0
VERTEX
8
ENGRAVE
10
62.7140
20
88.5710
0
VERTEX
8
ENGRAVE
10
62.5710
20
88.4290
0
VERTEX
8
ENGRAVE
10
62.2860
20
88.4290
0
VERTEX
8
ENGRAVE
10
62.1430
20
88.5710
0
VERTEX
8
ENGRAVE
10
62.0000
20
88.7140
0
VERTEX
8
ENGRAVE
10
61.7140
20
88.7140
0
VERTEX
8
ENGRAVE
10
61.4290
20
88.7140
0
VERTEX
8
ENGRAVE
10
61.2860
20
88.8570
0
VERTEX
8
ENGRAVE
10
61.1430
20
89.0000
0
VERTEX
8
ENGRAVE
10
61.0000
20
89.1430
0
VERTEX
8
ENGRAVE
10
60.8570
20
89.2860
0
VERTEX
8
ENGRAVE
10
60.5710
20
89.2860
0
VERTEX
8
ENGRAVE
10
60.2860
20
89.2860
0
VERTEX
8
ENGRAVE
10
60.0000
20
89.2860
0
VERTEX
8
ENGRAVE
10
59.7140
20
89.2860
0
VERTEX
8
ENGRAVE
10
59.4290
20
89.2860
0
VERTEX
8
ENGRAVE
10
59.2860
20
89.4290
0
VERTEX
8
ENGRAVE
10
59.1430
20
89.5710
0
VERTEX
8
ENGRAVE
10
58.8570
20
89.5710
0
VERTEX
8
ENGRAVE
10
58.5710
20
89.5710
0
VERTEX
8
ENGRAVE
10
58.4290
20
89.7140
0
VERTEX
8
ENGRAVE
10
58.4290
20
90.0000
0
VERTEX
8
ENGRAVE
10
58.4290
20
90.2860
0
VERTEX
8
ENGRAVE
10
58.5710
20
90.4290
0
VERTEX
8
ENGRAVE
10
58.7140
20
90.5710
0
VERTEX
8
ENGRAVE
10
58.8570
20
90.7140
0
VERTEX
8
ENGRAVE
10
59.1430
20
90.7140
0
VERTEX
8
ENGRAVE
10
59.4290
20
90.7140
0
VERTEX
8
ENGRAVE
10
59.7140
20
90.7140
0
VERTEX
8
ENGRAVE
10
60.0000
20
90.7140
0
VERTEX
8
ENGRAVE
10
60.1430
20
90.5710
0
VERTEX
8
ENGRAVE
10
60.2860
20
90.4290
0
VERTEX
8
ENGRAVE
10
60.5710
20
90.4290
0
VERTEX
8
ENGRAVE
10
60.7140
20
90.2860
0
VERTEX
8
ENGRAVE
10
60.8570
20
90.1430
0
VERTEX
8
ENGRAVE
10
61.1430
20
90.1430
0
VERTEX
8
ENGRAVE
10
61.2860
20
90.0000
0
VERTEX
8
ENGRAVE
10
61.4290
20
89.8570
0
VERTEX
8
ENGRAVE
10
61.5710
20
89.7140
0
VERTEX
8
ENGRAVE
10
61.7140
20
89.5710
0
VERTEX
8
ENGRAVE
10
62.0000
20
89.5710
0
VERTEX
8
ENGRAVE
10
62.1430
20
89.7140
0
VERTEX
8
ENGRAVE
10
62.1430
20
90.0000
0
VERTEX
8
ENGRAVE
10
62.1430
20
90.2860
0
VERTEX
8
ENGRAVE
10
62.0000
20
90.4290
0
VERTEX
8
ENGRAVE
10
61.8570
20
90.5710
0
VERTEX
8
ENGRAVE
10
61.7140
20
90.7140
0
VERTEX
8
ENGRAVE
10
61.4290
20
90.7140
0
VERTEX
8
ENGRAVE
10
61.2860
20
90.5710
0
VERTEX
8
ENGRAVE
10
61.1430
20
90.4290
0
VERTEX
8
ENGRAVE
10
61.0000
20
90.5710
0
VERTEX
8
ENGRAVE
10
61.0000
20
90.8570
0
VERTEX
8
ENGRAVE
10
60.8570
20
91.0000
0
VERTEX
8
ENGRAVE
10
60.7140
20
91.1430
0
VERTEX
8
ENGRAVE
10
60.5710
20
91.2860
0
VERTEX
8
ENGRAVE
10
60.4290
20
91.4290
0
VERTEX
8
ENGRAVE
10
60.2860
20
91.5710
0
VERTEX
8
ENGRAVE
10
60.0000
20
91.5710
0
VERTEX
8
ENGRAVE
10
59.7140
20
91.5710
0
VERTEX
8
ENGRAVE
10
59.4290
20
91.5710
0
VERTEX
8
ENGRAVE
10
59.1430
20
91.5710
0
VERTEX
8
ENGRAVE
10
59.0000
20
91.7140
0
VERTEX
8
ENGRAVE
10
59.0000
20
92.0000
0
VERTEX
8
ENGRAVE
10
59.0000
20
92.2860
0
VERTEX
8
ENGRAVE
10
59.0000
20
92.5710
0
VERTEX
8
ENGRAVE
10
59.0000
20
92.8570
0
VERTEX
8
ENGRAVE
10
59.0000
20
93.1430
0
VERTEX
8
ENGRAVE
10
58.8570
20
93.2860
0
VERTEX
8
ENGRAVE
10
58.7140
20
93.4290
0
VERTEX
8
ENGRAVE
10
58.5710
20
93.5710
0
VERTEX
8
ENGRAVE
10
58.4290
20
93.7140
0
VERTEX
8
ENGRAVE
10
58.2860
20
93.8570
0
SEQEND
0
POLYLINE
8
ENGRAVE
66
1
70
1
0
VERTEX
8
ENGRAVE
10
54.7140
20
93.7140
0
VERTEX
8
ENGRAVE
10
54.8570
20
93.8570
0
VERTEX
8
ENGRAVE
10
55.1430
20
93.8570
0
VERTEX
8
ENGRAVE
10
55.4290
20
93.8570
0
VERTEX
8
ENGRAVE
10
55.7140
20
93.8570
0
VERTEX
8
ENGRAVE
10
55.8570
20
93.7140
0
VERTEX
8
ENGRAVE
10
55.7140
20
93.5710
0
VERTEX
8
ENGRAVE
10
55.5710
20
93.4290
0
VERTEX
8
ENGRAVE
10
55.4290
20
93.2860
0
VERTEX
8
ENGRAVE
10
55.2860
20
93.1430
0
VERTEX
8
ENGRAVE
10
55.2860
20
92.8570
0
VERTEX
8
ENGRAVE
10
55.2860
20
92.5710
0
VERTEX
8
ENGRAVE
10
55.1430
20
92.4290
0
VERTEX
8
ENGRAVE
10
55.0000
20
92.2860
0
VERTEX
8
ENGRAVE
10
55.1430
20
92.1430
0
VERTEX
8
ENGRAVE
10
55.2860
20
92.0000
0
VERTEX
8
ENGRAVE
10
55.1430
20
91.8570
0
VERTEX
8
ENGRAVE
10
54.8570
20
91.8570
0
VERTEX
8
ENGRAVE
10
54.7140
20
91.7140
0
VERTEX
8
ENGRAVE
10
54.5710
20
91.5710
0
VERTEX
8
ENGRAVE
10
54.4290
20
91.4290
0
VERTEX
8
ENGRAVE
10
54.2860
20
91.2860
0
VERTEX
8
ENGRAVE
10
54.1430
20
91.1430
0
VERTEX
8
ENGRAVE
10
54.0000
20
91.0000
0
VERTEX
8
ENGRAVE
10
53.7140
20
91.0000
0
VERTEX
8
ENGRAVE
10
53.5710
20
90.8570
0
VERTEX
8
ENGRAVE
10
53.4290
20
90.7140
0
VERTEX
8
ENGRAVE
10
53.2860
20
90.5710
0
VERTEX
8
ENGRAVE
10
53.1430
20
90.4290
0
VERTEX
8
ENGRAVE
10
52.8570
20
90.4290
0
VERTEX
8
ENGRAVE
10
52.5710
20
90.4290
0
VERTEX
8
ENGRAVE
10
52.4290
20
90.2860
0
VERTEX
8
ENGRAVE
10
52.2860
20
90.1430
0
VERTEX
8
ENGRAVE
10
52.1430
20
90.0000
0
VERTEX
8
ENGRAVE
10
52.1430
20
89.7140
0
VERTEX
8
ENGRAVE
10
52.2860
20
89.5710
0
VERTEX
8
ENGRAVE
10
52.5710
20
89.5710
0
VERTEX
8
ENGRAVE
10
52.7140
20
89.7140
0
VERTEX
8
ENGRAVE
10
52.8570
20
89.8570
0
VERTEX
8
ENGRAVE
10
53.1430
20
89.8570
0
VERTEX
8
ENGRAVE
10
53.2860
20
90.0000
0
VERTEX
8
ENGRAVE
10
53.4290
20
90.1430
0
VERTEX
8
ENGRAVE
10
53.7140
20
90.1430
0
VERTEX
8
ENGRAVE
10
54.0000
20
90.1430
0
VERTEX
8
ENGRAVE
10
54.2860
20
90.1430
0
VERTEX
8
ENGRAVE
10
54.4290
20
90.2860
0
VERTEX
8
ENGRAVE
10
54.5710
20
90.4290
0
VERTEX
8
ENGRAVE
10
54.7140
20
90.5710
0
VERTEX
8
ENGRAVE
10
54.8570
20
90.7140
0
VERTEX
8
ENGRAVE
10
55.1430
20
90.7140
0
VERTEX
8
ENGRAVE
10
55.4290
20
90.7140
0
VERTEX
8
ENGRAVE
10
55.5710
20
90.5710
0
VERTEX
8
ENGRAVE
10
55.5710
20
90.2860
0
VERTEX
8
ENGRAVE
10
55.7140
20
90.1430
0
VERTEX
8
ENGRAVE
10
55.8570
20
90.0000
0
VERTEX
8
ENGRAVE
10
56.0000
20
89.8570
0
VERTEX
8
ENGRAVE
10
56.1430
20
89.7140
0
VERTEX
8
ENGRAVE
10
56.0000
20
89.5710
0
VERTEX
8
ENGRAVE
10
55.7140
20
89.5710
0
VERTEX
8
ENGRAVE
10
55.4290
20
89.5710
0
VERTEX
8
ENGRAVE
10
55.2860
20
89.4290
0
VERTEX
8
ENGRAVE
10
55.1430
20
89.2860
0
VERTEX
8
ENGRAVE
10
54.8570
20
89.2860
0
VERTEX
8
ENGRAVE
10
54.5710
20
89.2860
0
VERTEX
8
ENGRAVE
10
54.4290
20
89.1430
0
VERTEX
8
ENGRAVE
10
54.2860
20
89.0000
0
VERTEX
8
ENGRAVE
10
54.0000
20
89.0000
0
VERTEX
8
ENGRAVE
10
53.8570
20
88.8570
0
VERTEX
8
ENGRAVE
10
53.7140
20
88.7140
0
VERTEX
8
ENGRAVE
10
53.4290
20
88.7140
0
VERTEX
8
ENGRAVE
10
53.2860
20
88.5710
0
VERTEX
8
ENGRAVE
10
53.1430
20
88.4290
0
VERTEX
8
ENGRAVE
10
52.8570
20
88.4290
0
VERTEX
8
ENGRAVE
10
52.7140
20
88.2860
0
VERTEX
8
ENGRAVE
10
52.7140
20
88.0000
0
VERTEX
8
ENGRAVE
10
52.5710
20
87.8570
0
VERTEX
8
ENGRAVE
10
52.2860
20
87.8570
0
VERTEX
8
ENGRAVE
10
52.0000
20
87.8570
0
VERTEX
8
ENGRAVE
10
51.8570
20
87.7140
0
VERTEX
8
ENGRAVE
10
51.7140
20
87.5710
0
VERTEX
8
ENGRAVE
10
51.4290
20
87.5710
0
VERTEX
8
ENGRAVE
10
51.1430
20
87.5710
0
VERTEX
8
ENGRAVE
10
50.8570
20
87.5710
0
VERTEX
8
ENGRAVE
10
50.5710
20
87.5710
0
VERTEX
8
ENGRAVE
10
50.4290
20
87.4290
0
VERTEX
8
ENGRAVE
10
50.2860
20
87.2860
0
VERTEX
8
ENGRAVE
10
50.1430
20
87.1430
0
VERTEX
8
ENGRAVE
10
50.1430
20
86.8570
0
VERTEX
8
ENGRAVE
10
50.1430
20
86.5710
0
VERTEX
8
ENGRAVE
10
50.2860
20
86.4290
0
VERTEX
8
ENGRAVE
10
50.4290
20
86.2860
0
VERTEX
8
ENGRAVE
10
50.4290
20
86.0000
0
VERTEX
8
ENGRAVE
10
50.2860
20
85.8570
0
VERTEX
8
ENGRAVE
10
50.1430
20
86.0000
0
VERTEX
8
ENGRAVE
10
50.0000
20
86.1430
0
VERTEX
8
ENGRAVE
10
49.7140
20
86.1430
0
VERTEX
8
ENGRAVE
10
49.5710
20
86.2860
0
VERTEX
8
ENGRAVE
10
49.4290
20
86.4290
0
VERTEX
8
ENGRAVE
10
49.2860
20
86.5710
0
VERTEX
8
ENGRAVE
10
49.1430
20
86.7140
0
VERTEX
8
ENGRAVE
10
49.0000
20
86.8570
0
VERTEX
8
ENGRAVE
10
48.8570
20
87.0000
0
VERTEX
8
ENGRAVE
10
48.7140
20
87.1430
0
VERTEX
8
ENGRAVE
10
48.7140
20
87.4290
0
VERTEX
8
ENGRAVE
10
48.5710
20
87.5710
0
VERTEX
8
ENGRAVE
10
48.4290
20
87.7140
0
VERTEX
8
ENGRAVE
10
48.4290
20
88.0000
0
VERTEX
8
ENGRAVE
10
48.4290
20
88.2860
0
VERTEX
8
ENGRAVE
10
48.4290
20
88.5710
0
VERTEX
8
ENGRAVE
10
48.5710
20
88.7140
0
VERTEX
8
ENGRAVE
10
48.7140
20
88.8570
0
VERTEX
8
ENGRAVE
10
48.7140
20
89.1430
0
VERTEX
8
ENGRAVE
10
48.8570
20
89.2860
0
VERTEX
8
ENGRAVE
10
49.0000
20
89.4290
0
VERTEX
8
ENGRAVE
10
49.0000
20
89.7140
0
VERTEX
8
ENGRAVE
10
49.1430
20
89.8570
0
VERTEX
8
ENGRAVE
10
49.2860
20
90.0000
0
VERTEX
8
ENGRAVE
10
49.2860
20
90.2860
0
VERTEX
8
ENGRAVE
10
49.4290
20
90.4290
0
VERTEX
8
ENGRAVE
10
49.5710
20
90.5710
0
VERTEX
8
ENGRAVE
10
49.7140
20
90.7140
0
VERTEX
8
ENGRAVE
10
49.8570
20
90.8570
0
VERTEX
8
ENGRAVE
10
50.0000
20
91.0000
0
VERTEX
8
ENGRAVE
10
50.2860
20
91.0000
0
VERTEX
8
ENGRAVE
10
50.4290
20
91.1430
0
VERTEX
8
ENGRAVE
10
50.4290
20
91.4290
0
VERTEX
8
ENGRAVE
10
50.5710
20
91.5710
0
VERTEX
8
ENGRAVE
10
50.8570
20
91.5710
0
VERTEX
8
ENGRAVE
10
51.0000
20
91.7140
0
VERTEX
8
ENGRAVE
10
51.1430
20
91.8570
0
VERTEX
8
ENGRAVE
10
51.2860
20
92.0000
0
VERTEX
8
ENGRAVE
10
51.4290
20
92.1430
0
VERTEX
8
ENGRAVE
10
51.7140
20
92.1430
0
VERTEX
8
ENGRAVE
10
51.8570
20
92.2860
0
VERTEX
8
ENGRAVE
10
52.0000
20
92.4290
0
VERTEX
8
ENGRAVE
10
52.1430
20
92.5710
0
VERTEX
8
ENGRAVE
10
52.2860
20
92.7140
0
VERTEX
8
ENGRAVE
10
52.5710
20
92.7140
0
VERTEX
8
ENGRAVE
10
52.8570
20
92.7140
0
VERTEX
8
ENGRAVE
10
53.0000
20
92.8570
0
VERTEX
8
ENGRAVE
10
53.1430
20
93.0000
0
VERTEX
8
ENGRAVE
10
53.2860
20
93.1430
0
VERTEX
8
ENGRAVE
10
53.4290
20
93.2860
0
VERTEX
8
ENGRAVE
10
53.7140
20
93.2860
0
VERTEX
8
ENGRAVE
10
54.0000
20
93.2860
0
VERTEX
8
ENGRAVE
10
54.1430
20
93.4290
0
VERTEX
8
ENGRAVE
10
54.2860
20
93.5710
0
VERTEX
8
ENGRAVE
10
54.5710
20
93.5710
0
SEQEND
0
POLYLINE
8
ENGRAVE
66
1
70
1
0
VERTEX
8
ENGRAVE
10
56.7140
20
93.1430
0
VERTEX
8
ENGRAVE
10
56.8570
20
93.2860
0
VERTEX
8
ENGRAVE
10
57.1430
20
93.2860
0
VERTEX
8
ENGRAVE
10
57.4290
20
93.2860
0
VERTEX
8
ENGRAVE
10
57.7140
20
93.2860
0
VERTEX
8
ENGRAVE
10
57.8570
20
93.1430
0
VERTEX
8
ENGRAVE
10
57.7140
20
93.0000
0
VERTEX
8
ENGRAVE
10
57.4290
20
93.0000
0
VERTEX
8
ENGRAVE
10
57.1430
20
93.0000
0
VERTEX
8
ENGRAVE
10
56.8570
20
93.0000
0
SEQEND
0
POLYLINE
8
ENGRAVE
66
1
70
1
0
VERTEX
8
ENGRAVE
10
55.8570
20
92.5710
0
VERTEX
8
ENGRAVE
10
56.0000
20
92.7140
0
VERTEX
8
ENGRAVE
10
56.2860
20
92.7140
0
VERTEX
8
ENGRAVE
10
56.4290
20
92.5710
0
VERTEX
8
ENGRAVE
10
56.4290
20
92.2860
0
VERTEX
8
ENGRAVE
10
56.5710
20
92.1430
0
VERTEX
8
ENGRAVE
10
56.8570
20
92.1430
0
VERTEX
8
ENGRAVE
10
57.0000
20
92.2860
0
VERTEX
8
ENGRAVE
10
57.1430
20
92.4290
0
VERTEX
8
ENGRAVE
10
57.4290
20
92.4290
0
VERTEX
8
ENGRAVE
10
57.7140
20
92.4290
0
VERTEX
8
ENGRAVE
10
57.8570
20
92.5710
0
VERTEX
8
ENGRAVE
10
58.0000
20
92.7140
0
VERTEX
8
ENGRAVE
10
58.1430
20
92.5710
0
VERTEX
8
ENGRAVE
10
58.2860
20
92.4290
0
VERTEX
8
ENGRAVE
10
58.4290
20
92.2860
0
VERTEX
8
ENGRAVE
10
58.4290
20
92.0000
0
VERTEX
8
ENGRAVE
10
58.4290
20
91.7140
0
VERTEX
8
ENGRAVE
10
58.2860
20
91.5710
0
VERTEX
8
ENGRAVE
10
58.1430
20
91.4290
0
VERTEX
8
ENGRAVE
10
58.1430
20
91.1430
0
VERTEX
8
ENGRAVE
10
58.0000
20
91.0000
0
VERTEX
8
ENGRAVE
10
57.8570
20
90.8570
0
VERTEX
8
ENGRAVE
10
57.7140
20
90.7140
0
VERTEX
8
ENGRAVE
10
57.5710
20
90.5710
0
VERTEX
8
ENGRAVE
10
57.5710
20
90.2860
0
VERTEX
8
ENGRAVE
10
57.4290
20
90.1430
0
VERTEX
8
ENGRAVE
10
57.1430
20
90.1430
0
VERTEX
8
ENGRAVE
10
56.8570
20
90.1430
0
VERTEX
8
ENGRAVE
10
56.7140
20
90.2860
0
VERTEX
8
ENGRAVE
10
56.7140
20
90.5710
0
VERTEX
8
ENGRAVE
10
56.5710
20
90.7140
0
VERTEX
8
ENGRAVE
10
56.4290
20
90.8570
0
VERTEX
8
ENGRAVE
10
56.2860
20
91.0000
0
VERTEX
8
ENGRAVE
10
56.1430
20
91.1430
0
VERTEX
8
ENGRAVE
10
56.0000
20
91.2860
0
VERTEX
8
ENGRAVE
10
55.8570
20
91.4290
0
VERTEX
8
ENGRAVE
10
55.8570
20
91.7140
0
VERTEX
8
ENGRAVE
10
55.8570
20
92.0000
0
VERTEX
8
ENGRAVE
10
55.8570
20
92.2860
0
SEQEND
0
POLYLINE
8
ENGRAVE
66
1
70
1
0
VERTEX
8
ENGRAVE
10
74.7140
20
92.0000
0
VERTEX
8
ENGRAVE
10
74.8570
20
92.1430
0
VERTEX
8
ENGRAVE
10
75.0000
20
92.0000
0
VERTEX
8
ENGRAVE
10
75.0000
20
91.7140
0
VERTEX
8
ENGRAVE
10
75.0000
20
91.4290
0
VERTEX
8
ENGRAVE
10
74.8570
20
91.2860
0
VERTEX
8
ENGRAVE
10
74.7140
20
91.1430
0
VERTEX
8
ENGRAVE
10
74.5710
20
91.0000
0
VERTEX
8
ENGRAVE
10
74.4290
20
91.1430
0
VERTEX
8
ENGRAVE
10
74.4290
20
91.4290
0
VERTEX
8
ENGRAVE
10
74.5710
20
91.5710
0
VERTEX
8
ENGRAVE
10
74.7140
20
91.7140
0
SEQEND
0
POLYLINE
8
ENGRAVE
66
1
70
1
0
VERTEX
8
ENGRAVE
10
72.7140
20
91.7140
0
VERTEX
8
ENGRAVE
10
72.8570
20
91.8570
0
VERTEX
8
ENGRAVE
10
73.0000
20
91.7140
0
VERTEX
8
ENGRAVE
10
73.0000
20
91.4290
0
VERTEX
8
ENGRAVE
10
73.0000
20
91.1430
0
VERTEX
8
ENGRAVE
10
73.0000
20
90.8570
0
VERTEX
8
ENGRAVE
10
72.8570
20
90.7140
0
VERTEX
8
ENGRAVE
10
72.7140
20
90.8570
0
VERTEX
8
ENGRAVE
10
72.7140
20
91.1430
0
VERTEX
8
ENGRAVE
10
72.7140
20
91.4290
0
SEQEND
0
POLYLINE
8
ENGRAVE
66
1
70
1
0
VERTEX
8
ENGRAVE
10
75.5710
20
91.1430
0
VERTEX
8
ENGRAVE
10
75.7140
20
91.2860
0
VERTEX
8
ENGRAVE
10
75.8570
20
91.1430
0
VERTEX
8
ENGRAVE
10
75.8570
20
90.8570
0
VERTEX
8
ENGRAVE
10
75.7140
20
90.7140
0
VERTEX
8
ENGRAVE
10
75.5710
20
90.8570
0
SEQEND
0
POLYLINE
8
ENGRAVE
66
1
70
1
0
VERTEX
8
ENGRAVE
10
74.1430
20
90.8570
0
VERTEX
8
ENGRAVE
10
74.2860
20
91.0000
0
VERTEX
8
ENGRAVE
10
74.4290
20
90.8570
0
VERTEX
8
ENGRAVE
10
74.2860
20
90.7140
0
SEQEND
0
POLYLINE
8
ENGRAVE
66
1
70
1
0
VERTEX
8
ENGRAVE
10
75.2860
20
90.5710
0
VERTEX
8
ENGRAVE
10
75.4290
20
90.7140
0
VERTEX
8
ENGRAVE
10
75.5710
20
90.5710
0
VERTEX
8
ENGRAVE
10
75.4290
20
90.4290
0
SEQEND
0
POLYLINE
8
ENGRAVE
66
1
70
1
0
VERTEX
8
ENGRAVE
10
72.4290
20
90.0000
0
VERTEX
8
ENGRAVE
10
72.5710
20
90.1430
0
VERTEX
8
ENGRAVE
10
72.7140
20
90.0000
0
VERTEX
8
ENGRAVE
10
72.7140
20
89.7140
0
VERTEX
8
ENGRAVE
10
72.8570
20
89.5710
0
VERTEX
8
ENGRAVE
10
73.1430
20
89.5710
0
VERTEX
8
ENGRAVE
10
73.4290
20
89.5710
0
VERTEX
8
ENGRAVE
10
73.7140
20
89.5710
0
VERTEX
8
ENGRAVE
10
74.0000
20
89.5710
0
VERTEX
8
ENGRAVE
10
74.1430
20
89.7140
0
VERTEX
8
ENGRAVE
10
74.2860
20
89.8570
0
VERTEX
8
ENGRAVE
10
74.4290
20
89.7140
0
VERTEX
8
ENGRAVE
10
74.5710
20
89.5710
0
VERTEX
8
ENGRAVE
10
74.8570
20
89.5710
0
VERTEX
8
ENGRAVE
10
75.0000
20
89.4290
0
VERTEX
8
ENGRAVE
10
74.8570
20
89.2860
0
VERTEX
8
ENGRAVE
10
74.5710
20
89.2860
0
VERTEX
8
ENGRAVE
10
74.4290
20
89.1430
0
VERTEX
8
ENGRAVE
10
74.4290
20
88.8570
0
VERTEX
8
ENGRAVE
10
74.5710
20
88.7140
0
VERTEX
8
ENGRAVE
10
74.8570
20
88.7140
0
VERTEX
8
ENGRAVE
10
75.0000
20
88.5710
0
VERTEX
8
ENGRAVE
10
75.1430
20
88.4290
0
VERTEX
8
ENGRAVE
10
75.2860
20
88.5710
0
VERTEX
8
ENGRAVE
10
75.4290
20
88.7140
0
VERTEX
8
ENGRAVE
10
75.5710
20
88.8570
0
VERTEX
8
ENGRAVE
10
75.7140
20
89.0000
0
VERTEX
8
ENGRAVE
10
75.8570
20
88.8570
0
VERTEX
8
ENGRAVE
10
75.8570
20
88.5710
0
VERTEX
8
ENGRAVE
10
75.7140
20
88.4290
0
VERTEX
8
ENGRAVE
10
75.5710
20
88.2860
0
VERTEX
8
ENGRAVE
10
75.5710
20
88.0000
0
VERTEX
8
ENGRAVE
10
75.4290
20
87.8570
0
VERTEX
8
ENGRAVE
10
75.2860
20
87.7140
0
VERTEX
8
ENGRAVE
10
75.2860
20
87.4290
0
VERTEX
8
ENGRAVE
10
75.1430
20
87.2860
0
VERTEX
8
ENGRAVE
10
75.0000
20
87.1430
0
VERTEX
8
ENGRAVE
10
75.0000
20
86.8570
0
VERTEX
8
ENGRAVE
10
74.8570
20
86.7140
0
VERTEX
8
ENGRAVE
10
74.7140
20
86.5710
0
VERTEX
8
ENGRAVE
10
74.5710
20
86.4290
0
VERTEX
8
ENGRAVE
10
74.4290
20
86.2860
0
VERTEX
8
ENGRAVE
10
74.4290
20
86.0000
0
VERTEX
8
ENGRAVE
10
74.2860
20
85.8570
0
VERTEX
8
ENGRAVE
10
74.1430
20
85.7140
0
VERTEX
8
ENGRAVE
10
74.0000
20
85.5710
0
VERTEX
8
ENGRAVE
10
73.7140
20
85.5710
0
VERTEX
8
ENGRAVE
10
73.5710
20
85.7140
0
VERTEX
8
ENGRAVE
10
73.4290
20
85.8570
0
VERTEX
8
ENGRAVE
10
73.1430
20
85.8570
0
VERTEX
8
ENGRAVE
10
72.8570
20
85.8570
0
VERTEX
8
ENGRAVE
10
72.7140
20
86.0000
0
VERTEX
8
ENGRAVE
10
72.5710
20
86.1430
0
VERTEX
8
ENGRAVE
10
72.2860
20
86.1430
0
VERTEX
8
ENGRAVE
10
72.1430
20
86.2860
0
VERTEX
8
ENGRAVE
10
72.0000
20
86.4290
0
VERTEX
8
ENGRAVE
10
71.7140
20
86.4290
0
VERTEX
8
ENGRAVE
10
71.5710
20
86.5710
0
VERTEX
8
ENGRAVE
10
71.4290
20
86.7140
0
VERTEX
8
ENGRAVE
10
71.2860
20
86.8570
0
VERTEX
8
ENGRAVE
10
71.1430
20
87.0000
0
VERTEX
8
ENGRAVE
10
71.0000
20
87.1430
0
VERTEX
8
ENGRAVE
10
70.8570
20
87.2860
0
VERTEX
8
ENGRAVE
10
70.7140
20
87.4290
0
VERTEX
8
ENGRAVE
10
70.7140
20
87.7140
0
VERTEX
8
ENGRAVE
10
70.5710
20
87.8570
0
VERTEX
8
ENGRAVE
10
70.4290
20
88.0000
0
VERTEX
8
ENGRAVE
10
70.4290
20
88.2860
0
VERTEX
8
ENGRAVE
10
70.5710
20
88.4290
0
VERTEX
8
ENGRAVE
10
70.8570
20
88.4290
0
VERTEX
8
ENGRAVE
10
71.1430
20
88.4290
0
VERTEX
8
ENGRAVE
10
71.4290
20
88.4290
0
VERTEX
8
ENGRAVE
10
71.5710
20
88.5710
0
VERTEX
8
ENGRAVE
10
71.5710
20
88.8570
0
VERTEX
8
ENGRAVE
10
71.7140
20
89.0000
0
VERTEX
8
ENGRAVE
10
71.8570
20
89.1430
0
VERTEX
8
ENGRAVE
10
72.0000
20
89.2860
0
VERTEX
8
ENGRAVE
10
72.1430
20
89.4290
0
VERTEX
8
ENGRAVE
10
72.2860
20
89.5710
0
VERTEX
8
ENGRAVE
10
72.4290
20
89.7140
0
SEQEND
0
POLYLINE
8
ENGRAVE
66
1
70
1
0
VERTEX
8
ENGRAVE
10
75.0000
20
90.0000
0
VERTEX
8
ENGRAVE
10
75.1430
20
90.1430
0
VERTEX
8
ENGRAVE
10
75.2860
20
90.0000
0
VERTEX
8
ENGRAVE
10
75.1430
20
89.8570
0
SEQEND
0
POLYLINE
8
ENGRAVE
66
1
70
1
0
VERTEX
8
ENGRAVE
10
57.0000
20
89.4290
0
VERTEX
8
ENGRAVE
10
57.1430
20
89.5710
0
VERTEX
8
ENGRAVE
10
57.2860
20
89.4290
0
VERTEX
8
ENGRAVE
10
57.4290
20
89.2860
0
VERTEX
8
ENGRAVE
10
57.7140
20
89.2860
0
VERTEX
8
ENGRAVE
10
57.8570
20
89.1430
0
VERTEX
8
ENGRAVE
10
58.0000
20
89.0000
0
VERTEX
8
ENGRAVE
10
58.2860
20
89.0000
0
VERTEX
8
ENGRAVE
10
58.5710
20
89.0000
0
VERTEX
8
ENGRAVE
10
58.8570
20
89.0000
0
VERTEX
8
ENGRAVE
10
59.1430
20
89.0000
0
VERTEX
8
ENGRAVE
10
59.2860
20
88.8570
0
VERTEX
8
ENGRAVE
10
59.4290
20
88.7140
0
VERTEX
8
ENGRAVE
10
59.7140
20
88.7140
0
VERTEX
8
ENGRAVE
10
60.0000
20
88.7140
0
VERTEX
8
ENGRAVE
10
60.2860
20
88.7140
0
VERTEX
8
ENGRAVE
10
60.5710
20
88.7140
0
VERTEX
8
ENGRAVE
10
60.7140
20
88.5710
0
VERTEX
8
ENGRAVE
10
60.8570
20
88.4290
0
VERTEX
8
ENGRAVE
10
61.1430
20
88.4290
0
VERTEX
8
ENGRAVE
10
61.2860
20
88.2860
0
VERTEX
8
ENGRAVE
10
61.4290
20
88.1430
0
VERTEX
8
ENGRAVE
10
61.7140
20
88.1430
0
VERTEX
8
ENGRAVE
10
61.8570
20
88.0000
0
VERTEX
8
ENGRAVE
10
62.0000
20
87.8570
0
VERTEX
8
ENGRAVE
10
62.2860
20
87.8570
0
VERTEX
8
ENGRAVE
10
62.4290
20
87.7140
0
VERTEX
8
ENGRAVE
10
62.5710
20
87.5710
0
VERTEX
8
ENGRAVE
10
62.8570
20
87.5710
0
VERTEX
8
ENGRAVE
10
63.0000
20
87.7140
0
VERTEX
8
ENGRAVE
10
63.1430
20
87.8570
0
VERTEX
8
ENGRAVE
10
63.2860
20
87.7140
0
VERTEX
8
ENGRAVE
10
63.2860
20
87.4290
0
VERTEX
8
ENGRAVE
10
63.2860
20
87.1430
0
VERTEX
8
ENGRAVE
10
63.2860
20
86.8570
0
VERTEX
8
ENGRAVE
10
63.4290
20
86.7140
0
VERTEX
8
ENGRAVE
10
63.5710
20
86.5710
0
VERTEX
8
ENGRAVE
10
63.5710
20
86.2860
0
VERTEX
8
ENGRAVE
10
63.4290
20
86.1430
0
VERTEX
8
ENGRAVE
10
63.1430
20
86.1430
0
VERTEX
8
ENGRAVE
10
63.0000
20
86.0000
0
VERTEX
8
ENGRAVE
10
62.8570
20
85.8570
0
VERTEX
8
ENGRAVE
10
62.7140
20
85.7140
0
VERTEX
8
ENGRAVE
10
62.7140
20
85.4290
0
VERTEX
8
ENGRAVE
10
62.8570
20
85.2860
0
VERTEX
8
ENGRAVE
10
63.0000
20
85.1430
0
VERTEX
8
ENGRAVE
10
63.1430
20
85.0000
0
VERTEX
8
ENGRAVE
10
63.2860
20
84.8570
0
VERTEX
8
ENGRAVE
10
63.2860
20
84.5710
0
VERTEX
8
ENGRAVE
10
63.1430
20
84.4290
0
VERTEX
8
ENGRAVE
10
62.8570
20
84.4290
0
VERTEX
8
ENGRAVE
10
62.7140
20
84.5710
0
VERTEX
8
ENGRAVE
10
62.7140
20
84.8570
0
VERTEX
8
ENGRAVE
10
62.5710
20
85.0000
0
VERTEX
8
ENGRAVE
10
62.4290
20
85.1430
0
VERTEX
8
ENGRAVE
10
62.4290
20
85.4290
0
VERTEX
8
ENGRAVE
10
62.4290
20
85.7140
0
VERTEX
8
ENGRAVE
10
62.4290
20
86.0000
0
VERTEX
8
ENGRAVE
10
62.2860
20
86.1430
0
VERTEX
8
ENGRAVE
10
62.1430
20
86.2860
0
VERTEX
8
ENGRAVE
10
62.0000
20
86.4290
0
VERTEX
8
ENGRAVE
10
61.7140
20
86.4290
0
VERTEX
8
ENGRAVE
10
61.4290
20
86.4290
0
VERTEX
8
ENGRAVE
10
61.2860
20
86.2860
0
VERTEX
8
ENGRAVE
10
61.1430
20
86.1430
0
VERTEX
8
ENGRAVE
10
60.8570
20
86.1430
0
VERTEX
8
ENGRAVE
10
60.5710
20
86.1430
0
VERTEX
8
ENGRAVE
10
60.4290
20
86.0000
0
VERTEX
8
ENGRAVE
10
60.4290
20
85.7140
0
VERTEX
8
ENGRAVE
10
60.2860
20
85.5710
0
VERTEX
8
ENGRAVE
10
60.1430
20
85.7140
0
VERTEX
8
ENGRAVE
10
60.0000
20
85.8570
0
VERTEX
8
ENGRAVE
10
59.8570
20
85.7140
0
VERTEX
8
ENGRAVE
10
59.7140
20
85.5710
0
VERTEX
8
ENGRAVE
10
59.4290
20
85.5710
0
VERTEX
8
ENGRAVE
10
59.2860
20
85.7140
0
VERTEX
8
ENGRAVE
10
59.4290
20
85.8570
0
VERTEX
8
ENGRAVE
10
59.5710
20
86.0000
0
VERTEX
8
ENGRAVE
10
59.5710
20
86.2860
0
VERTEX
8
ENGRAVE
10
59.4290
20
86.4290
0
VERTEX
8
ENGRAVE
10
59.2860
20
86.5710
0
VERTEX
8
ENGRAVE
10
59.1430
20
86.7140
0
VERTEX
8
ENGRAVE
10
59.0000
20
86.8570
0
VERTEX
8
ENGRAVE
10
59.0000
20
87.1430
0
VERTEX
8
ENGRAVE
10
58.8570
20
87.2860
0
VERTEX
8
ENGRAVE
10
58.5710
20
87.2860
0
VERTEX
8
ENGRAVE
10
58.2860
20
87.2860
0
VERTEX
8
ENGRAVE
10
58.0000
20
87.2860
0
VERTEX
8
ENGRAVE
10
57.7140
20
87.2860
0
VERTEX
8
ENGRAVE
10
57.5710
20
87.4290
0
VERTEX
8
ENGRAVE
10
57.5710
20
87.7140
0
VERTEX
8
ENGRAVE
10
57.4290
20
87.8570
0
VERTEX
8
ENGRAVE
10
57.1430
20
87.8570
0
VERTEX
8
ENGRAVE
10
56.8570
20
87.8570
0
VERTEX
8
ENGRAVE
10
56.5710
20
87.8570
0
VERTEX
8
ENGRAVE
10
56.2860
20
87.8570
0
VERTEX
8
ENGRAVE
10
56.1430
20
87.7140
0
VERTEX
8
ENGRAVE
10
56.0000
20
87.5710
0
VERTEX
8
ENGRAVE
10
55.8570
20
87.4290
0
VERTEX
8
ENGRAVE
10
55.7140
20
87.2860
0
VERTEX
8
ENGRAVE
10
55.5710
20
87.1430
0
VERTEX
8
ENGRAVE
10
55.5710
20
86.8570
0
VERTEX
8
ENGRAVE
10
55.5710
20
86.5710
0
VERTEX
8
ENGRAVE
10
55.7140
20
86.4290
0
VERTEX
8
ENGRAVE
10
56.0000
20
86.4290
0
VERTEX
8
ENGRAVE
10
56.1430
20
86.2860
0
VERTEX
8
ENGRAVE
10
56.1430
20
86.0000
0
VERTEX
8
ENGRAVE
10
56.1430
20
85.7140
0
VERTEX
8
ENGRAVE
10
56.2860
20
85.5710
0
VERTEX
8
ENGRAVE
10
56.5710
20
85.5710
0
VERTEX
8
ENGRAVE
10
56.8570
20
85.5710
0
VERTEX
8
ENGRAVE
10
57.1430
20
85.5710
0
VERTEX
8
ENGRAVE
10
57.4290
20
85.5710
0
VERTEX
8
ENGRAVE
10
57.7140
20
85.5710
0
VERTEX
8
ENGRAVE
10
58.0000
20
85.5710
0
VERTEX
8
ENGRAVE
10
58.2860
20
85.5710
0
VERTEX
8
ENGRAVE
10
58.5710
20
85.5710
0
VERTEX
8
ENGRAVE
10
58.8570
20
85.5710
0
VERTEX
8
ENGRAVE
10
59.0000
20
85.4290
0
VERTEX
8
ENGRAVE
10
58.8570
20
85.2860
0
VERTEX
8
ENGRAVE
10
58.5710
20
85.2860
0
VERTEX
8
ENGRAVE
10
58.2860
20
85.2860
0
VERTEX
8
ENGRAVE
10
58.0000
20
85.2860
0
VERTEX
8
ENGRAVE
10
57.7140
20
85.2860
0
VERTEX
8
ENGRAVE
10
57.4290
20
85.2860
0
VERTEX
8
ENGRAVE
10
57.1430
20
85.2860
0
VERTEX
8
ENGRAVE
10
56.8570
20
85.2860
0
VERTEX
8
ENGRAVE
10
56.5710
20
85.2860
0
VERTEX
8
ENGRAVE
10
56.2860
20
85.2860
0
VERTEX
8
ENGRAVE
10
56.0000
20
85.2860
0
VERTEX
8
ENGRAVE
10
55.7140
20
85.2860
0
VERTEX
8
ENGRAVE
10
55.4290
20
85.2860
0
VERTEX
8
ENGRAVE
10
55.1430
20
85.2860
0
VERTEX
8
ENGRAVE
10
54.8570
20
85.2860
0
VERTEX
8
ENGRAVE
10
54.7140
20
85.1430
0
VERTEX
8
ENGRAVE
10
54.7140
20
84.8570
0
VERTEX
8
ENGRAVE
10
54.5710
20
84.7140
0
VERTEX
8
ENGRAVE
10
54.4290
20
84.8570
0
VERTEX
8
ENGRAVE
10
54.4290
20
85.1430
0
VERTEX
8
ENGRAVE
10
54.4290
20
85.4290
0
VERTEX
8
ENGRAVE
10
54.2860
20
85.5710
0
VERTEX
8
ENGRAVE
10
54.0000
20
85.5710
0
VERTEX
8
ENGRAVE
10
53.7140
20
85.5710
0
VERTEX
8
ENGRAVE
10
53.4290
20
85.5710
0
VERTEX
8
ENGRAVE
10
53.2860
20
85.7140
0
VERTEX
8
ENGRAVE
10
53.1430
20
85.8570
0
VERTEX
8
ENGRAVE
10
52.8570
20
85.8570
0
VERTEX
8
ENGRAVE
10
52.7140
20
86.0000
0
VERTEX
8
ENGRAVE
10
52.5710
20
86.1430
0
VERTEX
8
ENGRAVE
10
52.2860
20
86.1430
0
VERTEX
8
ENGRAVE
10
52.1430
20
86.0000
0
VERTEX
8
ENGRAVE
10
52.0000
20
85.8570
0
VERTEX
8
ENGRAVE
10
51.8570
20
85.7140
0
VERTEX
8
ENGRAVE
10
51.8570
20
85.4290
0
VERTEX
8
ENGRAVE
10
51.8570
20
85.1430
0
VERTEX
8
ENGRAVE
10
51.8570
20
84.8570
0
VERTEX
8
ENGRAVE
10
51.8570
20
84.5710
0
VERTEX
8
ENGRAVE
10
51.8570
20
84.2860
0
VERTEX
8
ENGRAVE
10
51.7140
20
84.1430
0
VERTEX
8
ENGRAVE
10
51.4290
20
84.1430
0
VERTEX
8
ENGRAVE
10
51.1430
20
84.1430
0
VERTEX
8
ENGRAVE
10
51.0000
20
84.2860
0
VERTEX
8
ENGRAVE
10
51.1430
20
84.4290
0
VERTEX
8
ENGRAVE
10
51.4290
20
84.4290
0
VERTEX
8
ENGRAVE
10
51.5710
20
84.5710
0
VERTEX
8
ENGRAVE
10
51.4290
20
84.7140
0
VERTEX
8
ENGRAVE
10
51.2860
20
84.8570
0
VERTEX
8
ENGRAVE
10
51.1430
20
85.0000
0
VERTEX
8
ENGRAVE
10
51.0000
20
85.1430
0
VERTEX
8
ENGRAVE
10
50.8570
20
85.2860
0
VERTEX
8
ENGRAVE
10
50.5710
20
85.2860
0
VERTEX
8
ENGRAVE
10
50.2860
20
85.2860
0
VERTEX
8
ENGRAVE
10
50.1430
20
85.4290
0
VERTEX
8
ENGRAVE
10
50.2860
20
85.5710
0
VERTEX
8
ENGRAVE
10
50.5710
20
85.5710
0
VERTEX
8
ENGRAVE
10
50.8570
20
85.5710
0
VERTEX
8
ENGRAVE
10
51.0000
20
85.7140
0
VERTEX
8
ENGRAVE
10
51.0000
20
86.0000
0
VERTEX
8
ENGRAVE
10
51.0000
20
86.2860
0
VERTEX
8
ENGRAVE
10
51.0000
20
86.5710
0
VERTEX
8
ENGRAVE
10
51.1430
20
86.7140
0
VERTEX
8
ENGRAVE
10
51.2860
20
86.5710
0
VERTEX
8
ENGRAVE
10
51.2860
20
86.2860
0
VERTEX
8
ENGRAVE
10
51.4290
20
86.1430
0
VERTEX
8
ENGRAVE
10
51.7140
20
86.1430
0
VERTEX
8
ENGRAVE
10
51.8570
20
86.2860
0
VERTEX
8
ENGRAVE
10
52.0000
20
86.4290
0
VERTEX
8
ENGRAVE
10
52.1430
20
86.5710
0
VERTEX
8
ENGRAVE
10
52.1430
20
86.8570
0
VERTEX
8
ENGRAVE
10
52.1430
20
87.1430
0
VERTEX
8
ENGRAVE
10
52.2860
20
87.2860
0
VERTEX
8
ENGRAVE
10
52.4290
20
87.1430
0
VERTEX
8
ENGRAVE
10
52.5710
20
87.0000
0
VERTEX
8
ENGRAVE
10
52.7140
20
86.8570
0
VERTEX
8
ENGRAVE
10
52.8570
20
86.7140
0
VERTEX
8
ENGRAVE
10
53.0000
20
86.8570
0
VERTEX
8
ENGRAVE
10
53.1430
20
87.0000
0
VERTEX
8
ENGRAVE
10
53.2860
20
87.1430
0
VERTEX
8
ENGRAVE
10
53.4290
20
87.2860
0
VERTEX
8
ENGRAVE
10
53.7140
20
87.2860
0
VERTEX
8
ENGRAVE
10
54.0000
20
87.2860
0
VERTEX
8
ENGRAVE
10
54.1430
20
87.4290
0
VERTEX
8
ENGRAVE
10
54.1430
20
87.7140
0
VERTEX
8
ENGRAVE
10
54.1430
20
88.0000
0
VERTEX
8
ENGRAVE
10
54.1430
20
88.2860
0
VERTEX
8
ENGRAVE
10
54.2860
20
88.4290
0
VERTEX
8
ENGRAVE
10
54.5710
20
88.4290
0
VERTEX
8
ENGRAVE
10
54.7140
20
88.5710
0
VERTEX
8
ENGRAVE
10
54.8570
20
88.7140
0
VERTEX
8
ENGRAVE
10
55.1430
20
88.7140
0
VERTEX
8
ENGRAVE
10
55.4290
20
88.7140
0
VERTEX
8
ENGRAVE
10
55.5710
20
88.8570
0
VERTEX
8
ENGRAVE
10
55.7140
20
89.0000
0
VERTEX
8
ENGRAVE
10
56.0000
20
89.0000
0
VERTEX
8
ENGRAVE
10
56.2860
20
89.0000
0
VERTEX
8
ENGRAVE
10
56.5710
20
89.0000
0
VERTEX
8
ENGRAVE
10
56.8570
20
89.0000
0
VERTEX
8
ENGRAVE
10
57.0000
20
89.1430
0
SEQEND
0
POLYLINE
8
ENGRAVE
66
1
70
1
0
VERTEX
8
ENGRAVE
10
69.2860
20
89.1430
0
VERTEX
8
ENGRAVE
10
69.4290
20
89.2860
0
VERTEX
8
ENGRAVE
10
69.7140
20
89.2860
0
VERTEX
8
ENGRAVE
10
70.0000
20
89.2860
0
VERTEX
8
ENGRAVE
10
70.1430
20
89.1430
0
VERTEX
8
ENGRAVE
10
70.1430
20
88.8570
0
VERTEX
8
ENGRAVE
10
70.0000
20
88.7140
0
VERTEX
8
ENGRAVE
10
69.8570
20
88.8570
0
VERTEX
8
ENGRAVE
10
69.7140
20
89.0000
0
VERTEX
8
ENGRAVE
10
69.4290
20
89.0000
0
SEQEND
0
POLYLINE
8
ENGRAVE
66
1
70
1
0
VERTEX
8
ENGRAVE
10
65.2860
20
88.8570
0
VERTEX
8
ENGRAVE
10
65.4290
20
89.0000
0
VERTEX
8
ENGRAVE
10
65.5710
20
88.8570
0
VERTEX
8
ENGRAVE
10
65.4290
20
88.7140
0
SEQEND
0
POLYLINE
8
ENGRAVE
66
1
70
1
0
VERTEX
8
ENGRAVE
10
70.1430
20
88.5710
0
VERTEX
8
ENGRAVE
10
70.2860
20
88.7140
0
VERTEX
8
ENGRAVE
10
70.4290
20
88.5710
0
VERTEX
8
ENGRAVE
10
70.2860
20
88.4290
0
SEQEND
0
POLYLINE
8
ENGRAVE
66
1
70
1
0
VERTEX
8
ENGRAVE
10
73.0000
20
88.2860
0
VERTEX
8
ENGRAVE
10
73.1430
20
88.4290
0
VERTEX
8
ENGRAVE
10
73.4290
20
88.4290
0
VERTEX
8
ENGRAVE
10
73.7140
20
88.4290
0
VERTEX
8
ENGRAVE
10
74.0000
20
88.4290
0
VERTEX
8
ENGRAVE
10
74.1430
20
88.2860
0
VERTEX
8
ENGRAVE
10
74.1430
20
88.0000
0
VERTEX
8
ENGRAVE
10
74.1430
20
87.7140
0
VERTEX
8
ENGRAVE
10
74.0000
20
87.5710
0
VERTEX
8
ENGRAVE
10
73.7140
20
87.5710
0
VERTEX
8
ENGRAVE
10
73.4290
20
87.5710
0
VERTEX
8
ENGRAVE
10
73.2860
20
87.7140
0
VERTEX
8
ENGRAVE
10
73.1430
20
87.8570
0
VERTEX
8
ENGRAVE
10
73.0000
20
88.0000
0
SEQEND
0
POLYLINE
8
ENGRAVE
66
1
70
1
0
VERTEX
8
ENGRAVE
10
56.4290
20
87.1430
0
VERTEX
8
ENGRAVE
10
56.5710
20
87.2860
0
VERTEX
8
ENGRAVE
10
56.8570
20
87.2860
0
VERTEX
8
ENGRAVE
10
57.0000
20
87.1430
0
VERTEX
8
ENGRAVE
10
56.8570
20
87.0000
0
VERTEX
8
ENGRAVE
10
56.5710
20
87.0000
0
SEQEND
0
POLYLINE
8
ENGRAVE
66
1
70
1
0
VERTEX
8
ENGRAVE
10
57.5710
20
86.8570
0
VERTEX
8
ENGRAVE
10
57.7140
20
87.0000
0
VERTEX
8
ENGRAVE
10
58.0000
20
87.0000
0
VERTEX
8
ENGRAVE
10
58.1430
20
86.8570
0
VERTEX
8
ENGRAVE
10
58.0000
20
86.7140
0
VERTEX
8
ENGRAVE
10
57.7140
20
86.7140
0
SEQEND
0
POLYLINE
8
ENGRAVE
66
1
70
1
0
VERTEX
8
ENGRAVE
10
57.0000
20
86.5710
0
VERTEX
8
ENGRAVE
10
57.1430
20
86.7140
0
VERTEX
8
ENGRAVE
10
57.4290
20
86.7140
0
VERTEX
8
ENGRAVE
10
57.5710
20
86.5710
0
VERTEX
8
ENGRAVE
10
57.5710
20
86.2860
0
VERTEX
8
ENGRAVE
10
57.7140
20
86.1430
0
VERTEX
8
ENGRAVE
10
58.0000
20
86.1430
0
VERTEX
8
ENGRAVE
10
58.2860
20
86.1430
0
VERTEX
8
ENGRAVE
10
58.4290
20
86.0000
0
VERTEX
8
ENGRAVE
10
58.2860
20
85.8570
0
VERTEX
8
ENGRAVE
10
58.0000
20
85.8570
0
VERTEX
8
ENGRAVE
10
57.7140
20
85.8570
0
VERTEX
8
ENGRAVE
10
57.4290
20
85.8570
0
VERTEX
8
ENGRAVE
10
57.2860
20
86.0000
0
VERTEX
8
ENGRAVE
10
57.1430
20
86.1430
0
VERTEX
8
ENGRAVE
10
57.0000
20
86.2860
0
SEQEND
0
POLYLINE
8
ENGRAVE
66
1
70
1
0
VERTEX
8
ENGRAVE
10
61.5710
20
85.7140
0
VERTEX
8
ENGRAVE
10
61.7140
20
85.8570
0
VERTEX
8
ENGRAVE
10
61.8570
20
85.7140
0
VERTEX
8
ENGRAVE
10
62.0000
20
85.5710
0
VERTEX
8
ENGRAVE
10
62.1430
20
85.4290
0
VERTEX
8
ENGRAVE
10
62.1430
20
85.1430
0
VERTEX
8
ENGRAVE
10
62.1430
20
84.8570
0
VERTEX
8
ENGRAVE
10
62.1430
20
84.5710
0
VERTEX
8
ENGRAVE
10
62.1430
20
84.2860
0
VERTEX
8
ENGRAVE
10
62.1430
20
84.0000
0
VERTEX
8
ENGRAVE
10
62.1430
20
83.7140
0
VERTEX
8
ENGRAVE
10
62.1430
20
83.4290
0
VERTEX
8
ENGRAVE
10
62.1430
20
83.1430
0
VERTEX
8
ENGRAVE
10
62.1430
20
82.8570
0
VERTEX
8
ENGRAVE
10
62.1430
20
82.5710
0
VERTEX
8
ENGRAVE
10
62.1430
20
82.2860
0
VERTEX
8
ENGRAVE
10
62.1430
20
82.0000
0
VERTEX
8
ENGRAVE
10
62.1430
20
81.7140
0
VERTEX
8
ENGRAVE
10
62.1430
20
81.4290
0
VERTEX
8
ENGRAVE
10
62.1430
20
81.1430
0
VERTEX
8
ENGRAVE
10
62.0000
20
81.0000
0
VERTEX
8
ENGRAVE
10
61.8570
20
80.8570
0
VERTEX
8
ENGRAVE
10
61.8570
20
80.5710
0
VERTEX
8
ENGRAVE
10
61.8570
20
80.2860
0
VERTEX
8
ENGRAVE
10
61.8570
20
80.0000
0
VERTEX
8
ENGRAVE
10
61.7140
20
79.8570
0
VERTEX
8
ENGRAVE
10
61.5710
20
79.7140
0
VERTEX
8
ENGRAVE
10
61.5710
20
79.4290
0
VERTEX
8
ENGRAVE
10
61.4290
20
79.2860
0
VERTEX
8
ENGRAVE
10
61.2860
20
79.1430
0
VERTEX
8
ENGRAVE
10
61.2860
20
78.8570
0
VERTEX
8
ENGRAVE
10
61.1430
20
78.7140
0
VERTEX
8
ENGRAVE
10
61.0000
20
78.5710
0
VERTEX
8
ENGRAVE
10
60.8570
20
78.4290
0
VERTEX
8
ENGRAVE
10
60.7140
20
78.2860
0
VERTEX
8
ENGRAVE
10
60.5710
20
78.1430
0
VERTEX
8
ENGRAVE
10
60.2860
20
78.1430
0
VERTEX
8
ENGRAVE
10
60.0000
20
78.1430
0
VERTEX
8
ENGRAVE
10
59.8570
20
78.0000
0
VERTEX
8
ENGRAVE
10
59.7140
20
77.8570
0
VERTEX
8
ENGRAVE
10
59.5710
20
77.7140
0
VERTEX
8
ENGRAVE
10
59.4290
20
77.5710
0
VERTEX
8
ENGRAVE
10
59.1430
20
77.5710
0
VERTEX
8
ENGRAVE
10
58.8570
20
77.5710
0
VERTEX
8
ENGRAVE
10
58.5710
20
77.5710
0
VERTEX
8
ENGRAVE
10
58.2860
20
77.5710
0
VERTEX
8
ENGRAVE
10
58.0000
20
77.5710
0
VERTEX
8
ENGRAVE
10
57.8570
20
77.4290
0
VERTEX
8
ENGRAVE
10
57.7140
20
77.2860
0
VERTEX
8
ENGRAVE
10
57.4290
20
77.2860
0
VERTEX
8
ENGRAVE
10
57.1430
20
77.2860
0
VERTEX
8
ENGRAVE
10
56.8570
20
77.2860
0
VERTEX
8
ENGRAVE
10
56.5710
20
77.2860
0
VERTEX
8
ENGRAVE
10
56.2860
20
77.2860
0
VERTEX
8
ENGRAVE
10
56.0000
20
77.2860
0
VERTEX
8
ENGRAVE
10
55.7140
20
77.2860
0
VERTEX
8
ENGRAVE
10
55.5710
20
77.4290
0
VERTEX
8
ENGRAVE
10
55.4290
20
77.5710
0
VERTEX
8
ENGRAVE
10
55.1430
20
77.5710
0
VERTEX
8
ENGRAVE
10
54.8570
20
77.5710
0
VERTEX
8
ENGRAVE
10
54.5710
20
77.5710
0
VERTEX
8
ENGRAVE
10
54.4290
20
77.7140
0
VERTEX
8
ENGRAVE
10
54.2860
20
77.8570
0
VERTEX
8
ENGRAVE
10
54.0000
20
77.8570
0
VERTEX
8
ENGRAVE
10
53.8570
20
78.0000
0
VERTEX
8
ENGRAVE
10
53.7140
20
78.1430
0
VERTEX
8
ENGRAVE
10
53.5710
20
78.2860
0
VERTEX
8
ENGRAVE
10
53.4290
20
78.4290
0
VERTEX
8
ENGRAVE
10
53.2860
20
78.5710
0
VERTEX
8
ENGRAVE
10
53.1430
20
78.7140
0
VERTEX
8
ENGRAVE
10
53.0000
20
78.8570
0
VERTEX
8
ENGRAVE
10
52.8570
20
79.0000
0
VERTEX
8
ENGRAVE
10
52.7140
20
79.1430
0
VERTEX
8
ENGRAVE
10
52.7140
20
79.4290
0
VERTEX
8
ENGRAVE
10
52.7140
20
79.7140
0
VERTEX
8
ENGRAVE
10
52.7140
20
80.0000
0
VERTEX
8
ENGRAVE
10
52.7140
20
80.2860
0
VERTEX
8
ENGRAVE
10
52.5710
20
80.4290
0
VERTEX
8
ENGRAVE
10
52.4290
20
80.5710
0
VERTEX
8
ENGRAVE
10
52.4290
20
80.8570
0
VERTEX
8
ENGRAVE
10
52.4290
20
81.1430
0
VERTEX
8
ENGRAVE
10
52.4290
20
81.4290
0
VERTEX
8
ENGRAVE
10
52.2860
20
81.5710
0
VERTEX
8
ENGRAVE
10
52.1430
20
81.7140
0
VERTEX
8
ENGRAVE
10
52.1430
20
82.0000
0
VERTEX
8
ENGRAVE
10
52.0000
20
82.1430
0
VERTEX
8
ENGRAVE
10
51.7140
20
82.1430
0
VERTEX
8
ENGRAVE
10
51.4290
20
82.1430
0
VERTEX
8
ENGRAVE
10
51.2860
20
82.2860
0
VERTEX
8
ENGRAVE
10
51.1430
20
82.4290
0
VERTEX
8
ENGRAVE
10
51.0000
20
82.5710
0
VERTEX
8
ENGRAVE
10
50.8570
20
82.7140
0
VERTEX
8
ENGRAVE
10
50.5710
20
82.7140
0
VERTEX
8
ENGRAVE
10
50.4290
20
82.8570
0
VERTEX
8
ENGRAVE
10
50.4290
20
83.1430
0
VERTEX
8
ENGRAVE
10
50.5710
20
83.2860
0
VERTEX
8
ENGRAVE
10
50.7140
20
83.4290
0
VERTEX
8
ENGRAVE
10
50.8570
20
83.5710
0
VERTEX
8
ENGRAVE
10
51.1430
20
83.5710
0
VERTEX
8
ENGRAVE
10
51.2860
20
83.4290
0
VERTEX
8
ENGRAVE
10
51.2860
20
83.1430
0
VERTEX
8
ENGRAVE
10
51.4290
20
83.0000
0
VERTEX
8
ENGRAVE
10
51.7140
20
83.0000
0
VERTEX
8
ENGRAVE
10
52.0000
20
83.0000
0
VERTEX
8
ENGRAVE
10
52.1430
20
83.1430
0
VERTEX
8
ENGRAVE
10
52.1430
20
83.4290
0
VERTEX
8
ENGRAVE
10
52.1430
20
83.7140
0
VERTEX
8
ENGRAVE
10
52.1430
20
84.0000
0
VERTEX
8
ENGRAVE
10
52.1430
20
84.2860
0
VERTEX
8
ENGRAVE
10
52.1430
20
84.5710
0
VERTEX
8
ENGRAVE
10
52.1430
20
84.8570
0
VERTEX
8
ENGRAVE
10
52.1430
20
85.1430
0
VERTEX
8
ENGRAVE
10
52.2860
20
85.2860
0
VERTEX
8
ENGRAVE
10
52.4290
20
85.4290
0
VERTEX
8
ENGRAVE
10
52.5710
20
85.5710
0
VERTEX
8
ENGRAVE
10
52.7140
20
85.4290
0
VERTEX
8
ENGRAVE
10
52.7140
20
85.1430
0
VERTEX
8
ENGRAVE
10
52.8570
20
85.0000
0
VERTEX
8
ENGRAVE
10
53.1430
20
85.0000
0
VERTEX
8
ENGRAVE
10
53.4290
20
85.0000
0
VERTEX
8
ENGRAVE
10
53.7140
20
85.0000
0
VERTEX
8
ENGRAVE
10
53.8570
20
84.8570
0
VERTEX
8
ENGRAVE
10
53.8570
20
84.5710
0
VERTEX
8
ENGRAVE
10
53.8570
20
84.2860
0
VERTEX
8
ENGRAVE
10
54.0000
20
84.1430
0
VERTEX
8
ENGRAVE
10
54.1430
20
84.0000
0
VERTEX
8
ENGRAVE
10
54.2860
20
83.8570
0
VERTEX
8
ENGRAVE
10
54.4290
20
83.7140
0
VERTEX
8
ENGRAVE
10
54.5710
20
83.5710
0
VERTEX
8
ENGRAVE
10
54.8570
20
83.5710
0
VERTEX
8
ENGRAVE
10
55.0000
20
83.7140
0
VERTEX
8
ENGRAVE
10
55.1430
20
83.8570
0
VERTEX
8
ENGRAVE
10
55.2860
20
84.0000
0
VERTEX
8
ENGRAVE
10
55.2860
20
84.2860
0
VERTEX
8
ENGRAVE
10
55.2860
20
84.5710
0
VERTEX
8
ENGRAVE
10
55.2860
20
84.8570
0
VERTEX
8
ENGRAVE
10
55.4290
20
85.0000
0
VERTEX
8
ENGRAVE
10
55.7140
20
85.0000
0
VERTEX
8
ENGRAVE
10
56.0000
20
85.0000
0
VERTEX
8
ENGRAVE
10
56.2860
20
85.0000
0
VERTEX
8
ENGRAVE
10
56.5710
20
85.0000
0
VERTEX
8
ENGRAVE
10
56.8570
20
85.0000
0
VERTEX
8
ENGRAVE
10
57.0000
20
84.8570
0
VERTEX
8
ENGRAVE
10
57.1430
20
84.7140
0
VERTEX
8
ENGRAVE
10
57.4290
20
84.7140
0
VERTEX
8
ENGRAVE
10
57.7140
20
84.7140
0
VERTEX
8
ENGRAVE
10
57.8570
20
84.8570
0
VERTEX
8
ENGRAVE
10
58.0000
20
85.0000
0
VERTEX
8
ENGRAVE
10
58.2860
20
85.0000
0
VERTEX
8
ENGRAVE
10
58.4290
20
84.8570
0
VERTEX
8
ENGRAVE
10
58.5710
20
84.7140
0
VERTEX
8
ENGRAVE
10
58.7140
20
84.5710
0
VERTEX
8
ENGRAVE
10
58.7140
20
84.2860
0
VERTEX
8
ENGRAVE
10
58.7140
20
84.0000
0
VERTEX
8
ENGRAVE
10
58.7140
20
83.7140
0
VERTEX
8
ENGRAVE
10
58.7140
20
83.4290
0
VERTEX
8
ENGRAVE
10
58.5710
20
83.2860
0
VERTEX
8
ENGRAVE
10
58.4290
20
83.1430
0
VERTEX
8
ENGRAVE
10
58.2860
20
83.0000
0
VERTEX
8
ENGRAVE
10
58.0000
20
83.0000
0
VERTEX
8
ENGRAVE
10
57.8570
20
82.8570
0
VERTEX
8
ENGRAVE
10
57.8570
20
82.5710
0
VERTEX
8
ENGRAVE
10
58.0000
20
82.4290
0
VERTEX
8
ENGRAVE
10
58.2860
20
82.4290
0
VERTEX
8
ENGRAVE
10
58.5710
20
82.4290
0
VERTEX
8
ENGRAVE
10
58.8570
20
82.4290
0
VERTEX
8
ENGRAVE
10
59.1430
20
82.4290
0
VERTEX
8
ENGRAVE
10
59.4290
20
82.4290
0
VERTEX
8
ENGRAVE
10
59.5710
20
82.5710
0
VERTEX
8
ENGRAVE
10
59.5710
20
82.8570
0
VERTEX
8
ENGRAVE
10
59.5710
20
83.1430
0
VERTEX
8
ENGRAVE
10
59.5710
20
83.4290
0
VERTEX
8
ENGRAVE
10
59.5710
20
83.7140
0
VERTEX
8
ENGRAVE
10
59.5710
20
84.0000
0
VERTEX
8
ENGRAVE
10
59.5710
20
84.2860
0
VERTEX
8
ENGRAVE
10
59.5710
20
84.5710
0
VERTEX
8
ENGRAVE
10
59.4290
20
84.7140
0
VERTEX
8
ENGRAVE
10
59.2860
20
84.8570
0
VERTEX
8
ENGRAVE
10
59.4290
20
85.0000
0
VERTEX
8
ENGRAVE
10
59.7140
20
85.0000
0
VERTEX
8
ENGRAVE
10
59.8570
20
84.8570
0
VERTEX
8
ENGRAVE
10
60.0000
20
84.7140
0
VERTEX
8
ENGRAVE
10
60.1430
20
84.5710
0
VERTEX
8
ENGRAVE
10
60.1430
20
84.2860
0
VERTEX
8
ENGRAVE
10
60.2860
20
84.1430
0
VERTEX
8
ENGRAVE
10
60.5710
20
84.1430
0
VERTEX
8
ENGRAVE
10
60.8570
20
84.1430
0
VERTEX
8
ENGRAVE
10
61.0000
20
84.2860
0
VERTEX
8
ENGRAVE
10
61.0000
20
84.5710
0
VERTEX
8
ENGRAVE
10
61.0000
20
84.8570
0
VERTEX
8
ENGRAVE
10
61.0000
20
85.1430
0
VERTEX
8
ENGRAVE
10
61.0000
20
85.4290
0
VERTEX
8
ENGRAVE
10
61.1430
20
85.5710
0
VERTEX
8
ENGRAVE
10
61.4290
20
85.5710
0
SEQEND
0
POLYLINE
8
ENGRAVE
66
1
70
1
0
VERTEX
8
ENGRAVE
10
70.4290
20
84.5710
0
VERTEX
8
ENGRAVE
10
70.5710
20
84.7140
0
VERTEX
8
ENGRAVE
10
70.8570
20
84.7140
0
VERTEX
8
ENGRAVE
10
71.1430
20
84.7140
0
VERTEX
8
ENGRAVE
10
71.2860
20
84.5710
0
VERTEX
8
ENGRAVE
10
71.4290
20
84.4290
0
VERTEX
8
ENGRAVE
10
71.7140
20
84.4290
0
VERTEX
8
ENGRAVE
10
72.0000
20
84.4290
0
VERTEX
8
ENGRAVE
10
72.2860
20
84.4290
0
VERTEX
8
ENGRAVE
10
72.4290
20
84.2860
0
VERTEX
8
ENGRAVE
10
72.5710
20
84.1430
0
VERTEX
8
ENGRAVE
10
72.7140
20
84.0000
0
VERTEX
8
ENGRAVE
10
72.8570
20
83.8570
0
VERTEX
8
ENGRAVE
10
73.0000
20
83.7140
0
VERTEX
8
ENGRAVE
10
73.1430
20
83.5710
0
VERTEX
8
ENGRAVE
10
73.2860
20
83.4290
0
VERTEX
8
ENGRAVE
10
73.4290
20
83.2860
0
VERTEX
8
ENGRAVE
10
73.5710
20
83.1430
0
VERTEX
8
ENGRAVE
10
73.4290
20
83.0000
0
VERTEX
8
ENGRAVE
10
73.2860
20
82.8570
0
VERTEX
8
ENGRAVE
10
73.2860
20
82.5710
0
VERTEX
8
ENGRAVE
10
73.2860
20
82.2860
0
VERTEX
8
ENGRAVE
10
73.2860
20
82.0000
0
VERTEX
8
ENGRAVE
10
73.1430
20
81.8570
0
VERTEX
8
ENGRAVE
10
73.0000
20
81.7140
0
VERTEX
8
ENGRAVE
10
73.0000
20
81.4290
0
VERTEX
8
ENGRAVE
10
73.0000
20
81.1430
0
VERTEX
8
ENGRAVE
10
72.8570
20
81.0000
0
VERTEX
8
ENGRAVE
10
72.7140
20
80.8570
0
VERTEX
8
ENGRAVE
10
72.7140
20
80.5710
0
VERTEX
8
ENGRAVE
10
72.7140
20
80.2860
0
VERTEX
8
ENGRAVE
10
72.5710
20
80.1430
0
VERTEX
8
ENGRAVE
10
72.4290
20
80.0000
0
VERTEX
8
ENGRAVE
10
72.4290
20
79.7140
0
VERTEX
8
ENGRAVE
10
72.2860
20
79.5710
0
VERTEX
8
ENGRAVE
10
72.1430
20
79.4290
0
VERTEX
8
ENGRAVE
10
72.1430
20
79.1430
0
VERTEX
8
ENGRAVE
10
72.0000
20
79.0000
0
VERTEX
8
ENGRAVE
10
71.8570
20
78.8570
0
VERTEX
8
ENGRAVE
10
71.8570
20
78.5710
0
VERTEX
8
ENGRAVE
10
71.7140
20
78.4290
0
VERTEX
8
ENGRAVE
10
71.5710
20
78.2860
0
VERTEX
8
ENGRAVE
10
71.5710
20
78.0000
0
VERTEX
8
ENGRAVE
10
71.4290
20
77.8570
0
VERTEX
8
ENGRAVE
10
71.2860
20
77.7140
0
VERTEX
8
ENGRAVE
10
71.2860
20
77.4290
0
VERTEX
8
ENGRAVE
10
71.1430
20
77.2860
0
VERTEX
8
ENGRAVE
10
71.0000
20
77.1430
0
VERTEX
8
ENGRAVE
10
70.8570
20
77.0000
0
VERTEX
8
ENGRAVE
10
70.7140
20
76.8570
0
VERTEX
8
ENGRAVE
10
70.5710
20
76.7140
0
VERTEX
8
ENGRAVE
10
70.4290
20
76.5710
0
VERTEX
8
ENGRAVE
10
70.4290
20
76.2860
0
VERTEX
8
ENGRAVE
10
70.2860
20
76.1430
0
VERTEX
8
ENGRAVE
10
70.1430
20
76.0000
0
VERTEX
8
ENGRAVE
10
70.0000
20
75.8570
0
VERTEX
8
ENGRAVE
10
69.8570
20
75.7140
0
VERTEX
8
ENGRAVE
10
69.8570
20
75.4290
0
VERTEX
8
ENGRAVE
10
69.7140
20
75.2860
0
VERTEX
8
ENGRAVE
10
69.4290
20
75.2860
0
VERTEX
8
ENGRAVE
10
69.2860
20
75.1430
0
VERTEX
8
ENGRAVE
10
69.2860
20
74.8570
0
VERTEX
8
ENGRAVE
10
69.1430
20
74.7140
0
VERTEX
8
ENGRAVE
10
69.0000
20
74.5710
0
VERTEX
8
ENGRAVE
10
68.8570
20
74.4290
0
VERTEX
8
ENGRAVE
10
68.7140
20
74.2860
0
VERTEX
8
ENGRAVE
10
68.5710
20
74.1430
0
VERTEX
8
ENGRAVE
10
68.4290
20
74.0000
0
VERTEX
8
ENGRAVE
10
68.2860
20
73.8570
0
VERTEX
8
ENGRAVE
10
68.1430
20
73.7140
0
VERTEX
8
ENGRAVE
10
68.0000
20
73.5710
0
VERTEX
8
ENGRAVE
10
67.8570
20
73.4290
0
VERTEX
8
ENGRAVE
10
67.7140
20
73.2860
0
VERTEX
8
ENGRAVE
10
67.5710
20
73.1430
0
VERTEX
8
ENGRAVE
10
67.4290
20
73.0000
0
VERTEX
8
ENGRAVE
10
67.2860
20
72.8570
0
VERTEX
8
ENGRAVE
10
67.1430
20
72.7140
0
VERTEX
8
ENGRAVE
10
66.8570
20
72.7140
0
VERTEX
8
ENGRAVE
10
66.5710
20
72.7140
0
VERTEX
8
ENGRAVE
10
66.2860
20
72.7140
0
VERTEX
8
ENGRAVE
10
66.1430
20
72.5710
0
VERTEX
8
ENGRAVE
10
66.1430
20
72.2860
0
VERTEX
8
ENGRAVE
10
66.1430
20
72.0000
0
VERTEX
8
ENGRAVE
10
66.1430
20
71.7140
0
VERTEX
8
ENGRAVE
10
66.1430
20
71.4290
0
VERTEX
8
ENGRAVE
10
66.1430
20
71.1430
0
VERTEX
8
ENGRAVE
10
66.1430
20
70.8570
0
VERTEX
8
ENGRAVE
10
66.0000
20
70.7140
0
VERTEX
8
ENGRAVE
10
65.8570
20
70.5710
0
VERTEX
8
ENGRAVE
10
65.8570
20
70.2860
0
VERTEX
8
ENGRAVE
10
65.8570
20
70.0000
0
VERTEX
8
ENGRAVE
10
65.8570
20
69.7140
0
VERTEX
8
ENGRAVE
10
65.8570
20
69.4290
0
VERTEX
8
ENGRAVE
10
65.8570
20
69.1430
0
VERTEX
8
ENGRAVE
10
65.8570
20
68.8570
0
VERTEX
8
ENGRAVE
10
65.8570
20
68.5710
0
VERTEX
8
ENGRAVE
10
65.8570
20
68.2860
0
VERTEX
8
ENGRAVE
10
65.7140
20
68.1430
0
VERTEX
8
ENGRAVE
10
65.5710
20
68.0000
0
VERTEX
8
ENGRAVE
10
65.5710
20
67.7140
0
VERTEX
8
ENGRAVE
10
65.5710
20
67.4290
0
VERTEX
8
ENGRAVE
10
65.5710
20
67.1430
0
VERTEX
8
ENGRAVE
10
65.5710
20
66.8570
0
VERTEX
8
ENGRAVE
10
65.5710
20
66.5710
0
VERTEX
8
ENGRAVE
10
65.5710
20
66.2860
0
VERTEX
8
ENGRAVE
10
65.4290
20
66.1430
0
VERTEX
8
ENGRAVE
10
65.2860
20
66.0000
0
VERTEX
8
ENGRAVE
10
65.2860
20
65.7140
0
VERTEX
8
ENGRAVE
10
65.2860
20
65.4290
0
VERTEX
8
ENGRAVE
10
65.2860
20
65.1430
0
VERTEX
8
ENGRAVE
10
65.2860
20
64.8570
0
VERTEX
8
ENGRAVE
10
65.2860
20
64.5710
0
VERTEX
8
ENGRAVE
10
65.1430
20
64.4290
0
VERTEX
8
ENGRAVE
10
65.0000
20
64.2860
0
VERTEX
8
ENGRAVE
10
64.8570
20
64.1430
0
VERTEX
8
ENGRAVE
10
64.5710
20
64.1430
0
VERTEX
8
ENGRAVE
10
64.4290
20
64.0000
0
VERTEX
8
ENGRAVE
10
64.2860
20
63.8570
0
VERTEX
8
ENGRAVE
10
64.0000
20
63.8570
0
VERTEX
8
ENGRAVE
10
63.7140
20
63.8570
0
VERTEX
8
ENGRAVE
10
63.5710
20
64.0000
0
VERTEX
8
ENGRAVE
10
63.4290
20
64.1430
0
VERTEX
8
ENGRAVE
10
63.2860
20
64.2860
0
VERTEX
8
ENGRAVE
10
63.1430
20
64.4290
0
VERTEX
8
ENGRAVE
10
63.0000
20
64.5710
0
VERTEX
8
ENGRAVE
10
62.8570
20
64.7140
0
VERTEX
8
ENGRAVE
10
62.7140
20
64.8570
0
VERTEX
8
ENGRAVE
10
62.5710
20
65.0000
0
VERTEX
8
ENGRAVE
10
62.2860
20
65.0000
0
VERTEX
8
ENGRAVE
10
62.1430
20
65.1430
0
VERTEX
8
ENGRAVE
10
62.0000
20
65.2860
0
VERTEX
8
ENGRAVE
10
61.8570
20
65.4290
0
VERTEX
8
ENGRAVE
10
61.8570
20
65.7140
0
VERTEX
8
ENGRAVE
10
61.7140
20
65.8570
0
VERTEX
8
ENGRAVE
10
61.5710
20
66.0000
0
VERTEX
8
ENGRAVE
10
61.5710
20
66.2860
0
VERTEX
8
ENGRAVE
10
61.5710
20
66.5710
0
VERTEX
8
ENGRAVE
10
61.5710
20
66.8570
0
VERTEX
8
ENGRAVE
10
61.4290
20
67.0000
0
VERTEX
8
ENGRAVE
10
61.2860
20
67.1430
0
VERTEX
8
ENGRAVE
10
61.2860
20
67.4290
0
VERTEX
8
ENGRAVE
10
61.2860
20
67.7140
0
VERTEX
8
ENGRAVE
10
61.2860
20
68.0000
0
VERTEX
8
ENGRAVE
10
61.2860
20
68.2860
0
VERTEX
8
ENGRAVE
10
61.1430
20
68.4290
0
VERTEX
8
ENGRAVE
10
61.0000
20
68.5710
0
VERTEX
8
ENGRAVE
10
61.0000
20
68.8570
0
VERTEX
8
ENGRAVE
10
61.0000
20
69.1430
0
VERTEX
8
ENGRAVE
10
61.0000
20
69.4290
0
VERTEX
8
ENGRAVE
10
60.8570
20
69.5710
0
VERTEX
8
ENGRAVE
10
60.7140
20
69.7140
0
VERTEX
8
ENGRAVE
10
60.7140
20
70.0000
0
VERTEX
8
ENGRAVE
10
60.7140
20
70.2860
0
VERTEX
8
ENGRAVE
10
60.7140
20
70.5710
0
VERTEX
8
ENGRAVE
10
60.8570
20
70.7140
0
VERTEX
8
ENGRAVE
10
61.0000
20
70.5710
0
VERTEX
8
ENGRAVE
10
61.0000
20
70.2860
0
VERTEX
8
ENGRAVE
10
61.0000
20
70.0000
0
VERTEX
8
ENGRAVE
10
61.1430
20
69.8570
0
VERTEX
8
ENGRAVE
10
61.2860
20
69.7140
0
VERTEX
8
ENGRAVE
10
61.2860
20
69.4290
0
VERTEX
8
ENGRAVE
10
61.4290
20
69.2860
0
VERTEX
8
ENGRAVE
10
61.5710
20
69.1430
0
VERTEX
8
ENGRAVE
10
61.7140
20
69.0000
0
VERTEX
8
ENGRAVE
10
61.8570
20
68.8570
0
VERTEX
8
ENGRAVE
10
62.0000
20
68.7140
0
VERTEX
8
ENGRAVE
10
62.1430
20
68.5710
0
VERTEX
8
ENGRAVE
10
62.2860
20
68.4290
0
VERTEX
8
ENGRAVE
10
62.4290
20
68.2860
0
VERTEX
8
ENGRAVE
10
62.4290
20
68.0000
0
VERTEX
8
ENGRAVE
10
62.5710
20
67.8570
0
VERTEX
8
ENGRAVE
10
62.8570
20
67.8570
0
VERTEX
8
ENGRAVE
10
63.1430
20
67.8570
0
VERTEX
8
ENGRAVE
10
63.4290
20
67.8570
0
VERTEX
8
ENGRAVE
10
63.7140
20
67.8570
0
VERTEX
8
ENGRAVE
10
64.0000
20
67.8570
0
VERTEX
8
ENGRAVE
10
64.2860
20
67.8570
0
VERTEX
8
ENGRAVE
10
64.4290
20
68.0000
0
VERTEX
8
ENGRAVE
10
64.4290
20
68.2860
0
VERTEX
8
ENGRAVE
10
64.5710
20
68.4290
0
VERTEX
8
ENGRAVE
10
64.7140
20
68.5710
0
VERTEX
8
ENGRAVE
10
64.7140
20
68.8570
0
VERTEX
8
ENGRAVE
10
64.7140
20
69.1430
0
VERTEX
8
ENGRAVE
10
64.8570
20
69.2860
0
VERTEX
8
ENGRAVE
10
65.0000
20
69.4290
0
VERTEX
8
ENGRAVE
10
65.0000
20
69.7140
0
VERTEX
8
ENGRAVE
10
65.0000
20
70.0000
0
VERTEX
8
ENGRAVE
10
65.0000
20
70.2860
0
VERTEX
8
ENGRAVE
10
65.0000
20
70.5710
0
VERTEX
8
ENGRAVE
10
65.1430
20
70.7140
0
VERTEX
8
ENGRAVE
10
65.2860
20
70.8570
0
VERTEX
8
ENGRAVE
10
65.2860
20
71.1430
0
VERTEX
8
ENGRAVE
10
65.2860
20
71.4290
0
VERTEX
8
ENGRAVE
10
65.2860
20
71.7140
0
VERTEX
8
ENGRAVE
10
65.2860
20
72.0000
0
VERTEX
8
ENGRAVE
10
65.2860
20
72.2860
0
VERTEX
8
ENGRAVE
10
65.2860
20
72.5710
0
VERTEX
8
ENGRAVE
10
65.2860
20
72.8570
0
VERTEX
8
ENGRAVE
10
65.1430
20
73.0000
0
VERTEX
8
ENGRAVE
10
65.0000
20
73.1430
0
VERTEX
8
ENGRAVE
10
65.0000
20
73.4290
0
VERTEX
8
ENGRAVE
10
64.8570
20
73.5710
0
VERTEX
8
ENGRAVE
10
64.5710
20
73.5710
0
VERTEX
8
ENGRAVE
10
64.4290
20
73.7140
0
VERTEX
8
ENGRAVE
10
64.2860
20
73.8570
0
VERTEX
8
ENGRAVE
10
64.0000
20
73.8570
0
VERTEX
8
ENGRAVE
10
63.8570
20
73.7140
0
VERTEX
8
ENGRAVE
10
63.7140
20
73.5710
0
VERTEX
8
ENGRAVE
10
63.4290
20
73.5710
0
VERTEX
8
ENGRAVE
10
63.1430
20
73.5710
0
VERTEX
8
ENGRAVE
10
62.8570
20
73.5710
0
VERTEX
8
ENGRAVE
10
62.5710
20
73.5710
0
VERTEX
8
ENGRAVE
10
62.2860
20
73.5710
0
VERTEX
8
ENGRAVE
10
62.1430
20
73.4290
0
VERTEX
8
ENGRAVE
10
62.0000
20
73.2860
0
VERTEX
8
ENGRAVE
10
61.7140
20
73.2860
0
VERTEX
8
ENGRAVE
10
61.4290
20
73.2860
0
VERTEX
8
ENGRAVE
10
61.1430
20
73.2860
0
VERTEX
8
ENGRAVE
10
61.0000
20
73.1430
0
VERTEX
8
ENGRAVE
10
60.8570
20
73.0000
0
VERTEX
8
ENGRAVE
10
60.7140
20
72.8570
0
VERTEX
8
ENGRAVE
10
60.7140
20
72.5710
0
VERTEX
8
ENGRAVE
10
60.7140
20
72.2860
0
VERTEX
8
ENGRAVE
10
60.7140
20
72.0000
0
VERTEX
8
ENGRAVE
10
60.7140
20
71.7140
0
VERTEX
8
ENGRAVE
10
60.7140
20
71.4290
0
VERTEX
8
ENGRAVE
10
60.7140
20
71.1430
0
VERTEX
8
ENGRAVE
10
60.7140
20
70.8570
0
VERTEX
8
ENGRAVE
10
60.5710
20
70.7140
0
VERTEX
8
ENGRAVE
10
60.4290
20
70.8570
0
VERTEX
8
ENGRAVE
10
60.2860
20
71.0000
0
VERTEX
8
ENGRAVE
10
60.1430
20
71.1430
0
VERTEX
8
ENGRAVE
10
60.1430
20
71.4290
0
VERTEX
8
ENGRAVE
10
60.1430
20
71.7140
0
VERTEX
8
ENGRAVE
10
60.1430
20
72.0000
0
VERTEX
8
ENGRAVE
10
60.0000
20
72.1430
0
VERTEX
8
ENGRAVE
10
59.8570
20
72.2860
0
VERTEX
8
ENGRAVE
10
59.7140
20
72.4290
0
VERTEX
8
ENGRAVE
10
59.5710
20
72.5710
0
VERTEX
8
ENGRAVE
10
59.5710
20
72.8570
0
VERTEX
8
ENGRAVE
10
59.4290
20
73.0000
0
VERTEX
8
ENGRAVE
10
59.1430
20
73.0000
0
VERTEX
8
ENGRAVE
10
59.0000
20
73.1430
0
VERTEX
8
ENGRAVE
10
59.1430
20
73.2860
0
VERTEX
8
ENGRAVE
10
59.4290
20
73.2860
0
VERTEX
8
ENGRAVE
10
59.5710
20
73.4290
0
VERTEX
8
ENGRAVE
10
59.5710
20
73.7140
0
VERTEX
8
ENGRAVE
10
59.5710
20
74.0000
0
VERTEX
8
ENGRAVE
10
59.4290
20
74.1430
0
VERTEX
8
ENGRAVE
10
59.1430
20
74.1430
0
VERTEX
8
ENGRAVE
10
58.8570
20
74.1430
0
VERTEX
8
ENGRAVE
10
58.5710
20
74.1430
0
VERTEX
8
ENGRAVE
10
58.4290
20
74.0000
0
VERTEX
8
ENGRAVE
10
58.2860
20
73.8570
0
VERTEX
8
ENGRAVE
10
58.1430
20
74.0000
0
VERTEX
8
ENGRAVE
10
58.0000
20
74.1430
0
VERTEX
8
ENGRAVE
10
57.8570
20
74.2860
0
VERTEX
8
ENGRAVE
10
57.7140
20
74.4290
0
VERTEX
8
ENGRAVE
10
57.4290
20
74.4290
0
VERTEX
8
ENGRAVE
10
57.2860
20
74.5710
0
VERTEX
8
ENGRAVE
10
57.1430
20
74.7140
0
VERTEX
8
ENGRAVE
10
57.0000
20
74.8570
0
VERTEX
8
ENGRAVE
10
56.8570
20
75.0000
0
VERTEX
8
ENGRAVE
10
56.7140
20
75.1430
0
VERTEX
8
ENGRAVE
10
56.5710
20
75.2860
0
VERTEX
8
ENGRAVE
10
56.4290
20
75.4290
0
VERTEX
8
ENGRAVE
10
56.4290
20
75.7140
0
VERTEX
8
ENGRAVE
10
56.2860
20
75.8570
0
VERTEX
8
ENGRAVE
10
56.0000
20
75.8570
0
VERTEX
8
ENGRAVE
10
55.8570
20
75.7140
0
VERTEX
8
ENGRAVE
10
55.7140
20
75.5710
0
VERTEX
8
ENGRAVE
10
55.5710
20
75.4290
0
VERTEX
8
ENGRAVE
10
55.5710
20
75.1430
0
VERTEX
8
ENGRAVE
10
55.4290
20
75.0000
0
VERTEX
8
ENGRAVE
10
55.2860
20
75.1430
0
VERTEX
8
ENGRAVE
10
55.2860
20
75.4290
0
VERTEX
8
ENGRAVE
10
55.1430
20
75.5710
0
VERTEX
8
ENGRAVE
10
55.0000
20
75.7140
0
VERTEX
8
ENGRAVE
10
54.8570
20
75.8570
0
VERTEX
8
ENGRAVE
10
54.5710
20
75.8570
0
VERTEX
8
ENGRAVE
10
54.2860
20
75.8570
0
VERTEX
8
ENGRAVE
10
54.0000
20
75.8570
0
VERTEX
8
ENGRAVE
10
53.8570
20
76.0000
0
VERTEX
8
ENGRAVE
10
53.7140
20
76.1430
0
VERTEX
8
ENGRAVE
10
53.5710
20
76.2860
0
VERTEX
8
ENGRAVE
10
53.4290
20
76.4290
0
VERTEX
8
ENGRAVE
10
53.2860
20
76.5710
0
VERTEX
8
ENGRAVE
10
53.1430
20
76.7140
0
VERTEX
8
ENGRAVE
10
53.0000
20
76.8570
0
VERTEX
8
ENGRAVE
10
53.0000
20
77.1430
0
VERTEX
8
ENGRAVE
10
53.1430
20
77.2860
0
VERTEX
8
ENGRAVE
10
53.4290
20
77.2860
0
VERTEX
8
ENGRAVE
10
53.5710
20
77.1430
0
VERTEX
8
ENGRAVE
10
53.7140
20
77.0000
0
VERTEX
8
ENGRAVE
10
54.0000
20
77.0000
0
VERTEX
8
ENGRAVE
10
54.2860
20
77.0000
0
VERTEX
8
ENGRAVE
10
54.4290
20
76.8570
0
VERTEX
8
ENGRAVE
10
54.5710
20
76.7140
0
VERTEX
8
ENGRAVE
10
54.8570
20
76.7140
0
VERTEX
8
ENGRAVE
10
55.1430
20
76.7140
0
VERTEX
8
ENGRAVE
10
55.4290
20
76.7140
0
VERTEX
8
ENGRAVE
10
55.5710
20
76.5710
0
VERTEX
8
ENGRAVE
10
55.7140
20
76.4290
0
VERTEX
8
ENGRAVE
10
56.0000
20
76.4290
0
VERTEX
8
ENGRAVE
10
56.2860
20
76.4290
0
VERTEX
8
ENGRAVE
10
56.4290
20
76.2860
0
VERTEX
8
ENGRAVE
10
56.5710
20
76.1430
0
VERTEX
8
ENGRAVE
10
56.7140
20
76.2860
0
VERTEX
8
ENGRAVE
10
56.8570
20
76.4290
0
VERTEX
8
ENGRAVE
10
57.1430
20
76.4290
0
VERTEX
8
ENGRAVE
10
57.4290
20
76.4290
0
VERTEX
8
ENGRAVE
10
57.7140
20
76.4290
0
VERTEX
8
ENGRAVE
10
58.0000
20
76.4290
0
VERTEX
8
ENGRAVE
10
58.2860
20
76.4290
0
VERTEX
8
ENGRAVE
10
58.5710
20
76.4290
0
VERTEX
8
ENGRAVE
10
58.8570
20
76.4290
0
VERTEX
8
ENGRAVE
10
59.1430
20
76.4290
0
VERTEX
8
ENGRAVE
10
59.2860
20
76.2860
0
VERTEX
8
ENGRAVE
10
59.4290
20
76.1430
0
VERTEX
8
ENGRAVE
10
59.5710
20
76.2860
0
VERTEX
8
ENGRAVE
10
59.5710
20
76.5710
0
VERTEX
8
ENGRAVE
10
59.7140
20
76.7140
0
VERTEX
8
ENGRAVE
10
59.8570
20
76.8570
0
VERTEX
8
ENGRAVE
10
60.0000
20
77.0000
0
VERTEX
8
ENGRAVE
10
60.1430
20
77.1430
0
VERTEX
8
ENGRAVE
10
60.2860
20
77.2860
0
VERTEX
8
ENGRAVE
10
60.5710
20
77.2860
0
VERTEX
8
ENGRAVE
10
60.8570
20
77.2860
0
VERTEX
8
ENGRAVE
10
61.0000
20
77.4290
0
VERTEX
8
ENGRAVE
10
61.1430
20
77.5710
0
VERTEX
8
ENGRAVE
10
61.2860
20
77.7140
0
VERTEX
8
ENGRAVE
10
61.4290
20
77.8570
0
VERTEX
8
ENGRAVE
10
61.7140
20
77.8570
0
VERTEX
8
ENGRAVE
10
61.8570
20
78.0000
0
VERTEX
8
ENGRAVE
10
62.0000
20
78.1430
0
VERTEX
8
ENGRAVE
10
62.1430
20
78.2860
0
VERTEX
8
ENGRAVE
10
62.1430
20
78.5710
0
VERTEX
8
ENGRAVE
10
62.1430
20
78.8570
0
VERTEX
8
ENGRAVE
10
62.2860
20
79.0000
0
VERTEX
8
ENGRAVE
10
62.4290
20
79.1430
0
VERTEX
8
ENGRAVE
10
62.5710
20
79.2860
0
VERTEX
8
ENGRAVE
10
62.7140
20
79.1430
0
VERTEX
8
ENGRAVE
10
62.7140
20
78.8570
0
VERTEX
8
ENGRAVE
10
62.7140
20
78.5710
0
VERTEX
8
ENGRAVE
10
62.7140
20
78.2860
0
VERTEX
8
ENGRAVE
10
62.8570
20
78.1430
0
VERTEX
8
ENGRAVE
10
63.1430
20
78.1430
0
VERTEX
8
ENGRAVE
10
63.4290
20
78.1430
0
VERTEX
8
ENGRAVE
10
63.5710
20
78.2860
0
VERTEX
8
ENGRAVE
10
63.7140
20
78.4290
0
VERTEX
8
ENGRAVE
10
63.8570
20
78.5710
0
VERTEX
8
ENGRAVE
10
64.0000
20
78.7140
0
VERTEX
8
ENGRAVE
10
64.2860
20
78.7140
0
VERTEX
8
ENGRAVE
10
64.5710
20
78.7140
0
VERTEX
8
ENGRAVE
10
64.8570
20
78.7140
0
VERTEX
8
ENGRAVE
10
65.0000
20
78.8570
0
VERTEX
8
ENGRAVE
10
65.1430
20
79.0000
0
VERTEX
8
ENGRAVE
10
65.2860
20
79.1430
0
VERTEX
8
ENGRAVE
10
65.4290
20
79.2860
0
VERTEX
8
ENGRAVE
10
65.5710
20
79.4290
0
VERTEX
8
ENGRAVE
10
65.7140
20
79.5710
0
VERTEX
8
ENGRAVE
10
66.0000
20
79.5710
0
VERTEX
8
ENGRAVE
10
66.1430
20
79.7140
0
VERTEX
8
ENGRAVE
10
66.2860
20
79.8570
0
VERTEX
8
ENGRAVE
10
66.4290
20
80.0000
0
VERTEX
8
ENGRAVE
10
66.5710
20
80.1430
0
VERTEX
8
ENGRAVE
10
66.8570
20
80.1430
0
VERTEX
8
ENGRAVE
10
67.0000
20
80.2860
0
VERTEX
8
ENGRAVE
10
67.1430
20
80.4290
0
VERTEX
8
ENGRAVE
10
67.2860
20
80.5710
0
VERTEX
8
ENGRAVE
10
67.4290
20
80.7140
0
VERTEX
8
ENGRAVE
10
67.5710
20
80.8570
0
VERTEX
8
ENGRAVE
10
67.7140
20
81.0000
0
VERTEX
8
ENGRAVE
10
67.8570
20
81.1430
0
VERTEX
8
ENGRAVE
10
68.0000
20
81.2860
0
VERTEX
8
ENGRAVE
10
68.1430
20
81.1430
0
VERTEX
8
ENGRAVE
10
68.2860
20
81.0000
0
VERTEX
8
ENGRAVE
10
68.5710
20
81.0000
0
VERTEX
8
ENGRAVE
10
68.8570
20
81.0000
0
VERTEX
8
ENGRAVE
10
69.0000
20
81.1430
0
VERTEX
8
ENGRAVE
10
69.0000
20
81.4290
0
VERTEX
8
ENGRAVE
10
69.0000
20
81.7140
0
VERTEX
8
ENGRAVE
10
69.0000
20
82.0000
0
VERTEX
8
ENGRAVE
10
69.0000
20
82.2860
0
VERTEX
8
ENGRAVE
10
69.1430
20
82.4290
0
VERTEX
8
ENGRAVE
10
69.2860
20
82.5710
0
VERTEX
8
ENGRAVE
10
69.2860
20
82.8570
0
VERTEX
8
ENGRAVE
10
69.4290
20
83.0000
0
VERTEX
8
ENGRAVE
10
69.5710
20
83.1430
0
VERTEX
8
ENGRAVE
10
69.5710
20
83.4290
0
VERTEX
8
ENGRAVE
10
69.7140
20
83.5710
0
VERTEX
8
ENGRAVE
10
69.8570
20
83.7140
0
VERTEX
8
ENGRAVE
10
69.8570
20
84.0000
0
VERTEX
8
ENGRAVE
10
70.0000
20
84.1430
0
VERTEX
8
ENGRAVE
10
70.1430
20
84.2860
0
VERTEX
8
ENGRAVE
10
70.2860
20
84.4290
0
SEQEND
0
POLYLINE
8
ENGRAVE
66
1
70
1
0
VERTEX
8
ENGRAVE
10
59.0000
20
83.7140
0
VERTEX
8
ENGRAVE
10
59.1430
20
83.8570
0
VERTEX
8
ENGRAVE
10
59.2860
20
83.7140
0
VERTEX
8
ENGRAVE
10
59.1430
20
83.5710
0
SEQEND
0
POLYLINE
8
ENGRAVE
66
1
70
1
0
VERTEX
8
ENGRAVE
10
62.7140
20
83.1430
0
VERTEX
8
ENGRAVE
10
62.8570
20
83.2860
0
VERTEX
8
ENGRAVE
10
63.0000
20
83.1430
0
VERTEX
8
ENGRAVE
10
62.8570
20
83.0000
0
SEQEND
0
POLYLINE
8
ENGRAVE
66
1
70
1
0
VERTEX
8
ENGRAVE
10
62.4290
20
82.8570
0
VERTEX
8
ENGRAVE
10
62.5710
20
83.0000
0
VERTEX
8
ENGRAVE
10
62.7140
20
82.8570
0
VERTEX
8
ENGRAVE
10
62.5710
20
82.7140
0
SEQEND
0
POLYLINE
8
ENGRAVE
66
1
70
1
0
VERTEX
8
ENGRAVE
10
59.2860
20
81.4290
0
VERTEX
8
ENGRAVE
10
59.4290
20
81.5710
0
VERTEX
8
ENGRAVE
10
59.7140
20
81.5710
0
VERTEX
8
ENGRAVE
10
59.8570
20
81.4290
0
VERTEX
8
ENGRAVE
10
59.8570
20
81.1430
0
VERTEX
8
ENGRAVE
10
59.8570
20
80.8570
0
VERTEX
8
ENGRAVE
10
59.7140
20
80.7140
0
VERTEX
8
ENGRAVE
10
59.4290
20
80.7140
0
VERTEX
8
ENGRAVE
10
59.2860
20
80.5710
0
VERTEX
8
ENGRAVE
10
59.2860
20
80.2860
0
VERTEX
8
ENGRAVE
10
59.2860
20
80.0000
0
VERTEX
8
ENGRAVE
10
59.1430
20
79.8570
0
VERTEX
8
ENGRAVE
10
59.0000
20
79.7140
0
VERTEX
8
ENGRAVE
10
59.0000
20
79.4290
0
VERTEX
8
ENGRAVE
10
58.8570
20
79.2860
0
VERTEX
8
ENGRAVE
10
58.7140
20
79.1430
0
VERTEX
8
ENGRAVE
10
58.5710
20
79.0000
0
VERTEX
8
ENGRAVE
10
58.4290
20
78.8570
0
VERTEX
8
ENGRAVE
10
58.2860
20
78.7140
0
VERTEX
8
ENGRAVE
10
58.0000
20
78.7140
0
VERTEX
8
ENGRAVE
10
57.7140
20
78.7140
0
VERTEX
8
ENGRAVE
10
57.4290
20
78.7140
0
VERTEX
8
ENGRAVE
10
57.2860
20
78.8570
0
VERTEX
8
ENGRAVE
10
57.1430
20
79.0000
0
VERTEX
8
ENGRAVE
10
56.8570
20
79.0000
0
VERTEX
8
ENGRAVE
10
56.7140
20
79.1430
0
VERTEX
8
ENGRAVE
10
56.7140
20
79.4290
0
VERTEX
8
ENGRAVE
10
56.5710
20
79.5710
0
VERTEX
8
ENGRAVE
10
56.4290
20
79.7140
0
VERTEX
8
ENGRAVE
10
56.2860
20
79.8570
0
VERTEX
8
ENGRAVE
10
56.1430
20
80.0000
0
VERTEX
8
ENGRAVE
10
56.1430
20
80.2860
0
VERTEX
8
ENGRAVE
10
56.1430
20
80.5710
0
VERTEX
8
ENGRAVE
10
56.1430
20
80.8570
0
VERTEX
8
ENGRAVE
10
56.2860
20
81.0000
0
VERTEX
8
ENGRAVE
10
56.5710
20
81.0000
0
VERTEX
8
ENGRAVE
10
56.8570
20
81.0000
0
VERTEX
8
ENGRAVE
10
57.1430
20
81.0000
0
VERTEX
8
ENGRAVE
10
57.4290
20
81.0000
0
VERTEX
8
ENGRAVE
10
57.7140
20
81.0000
0
VERTEX
8
ENGRAVE
10
58.0000
20
81.0000
0
VERTEX
8
ENGRAVE
10
58.2860
20
81.0000
0
VERTEX
8
ENGRAVE
10
58.5710
20
81.0000
0
VERTEX
8
ENGRAVE
10
58.7140
20
81.1430
0
VERTEX
8
ENGRAVE
10
58.8570
20
81.2860
0
VERTEX
8
ENGRAVE
10
59.1430
20
81.2860
0
SEQEND
0
POLYLINE
8
ENGRAVE
66
1
70
1
0
VERTEX
8
ENGRAVE
10
57.2860
20
80.0000
0
VERTEX
8
ENGRAVE
10
57.4290
20
80.1430
0
VERTEX
8
ENGRAVE
10
57.7140
20
80.1430
0
VERTEX
8
ENGRAVE
10
58.0000
20
80.1430
0
VERTEX
8
ENGRAVE
10
58.1430
20
80.0000
0
VERTEX
8
ENGRAVE
10
58.0000
20
79.8570
0
VERTEX
8
ENGRAVE
10
57.8570
20
79.7140
0
VERTEX
8
ENGRAVE
10
57.7140
20
79.5710
0
VERTEX
8
ENGRAVE
10
57.5710
20
79.7140
0
VERTEX
8
ENGRAVE
10
57.4290
20
79.8570
0
SEQEND
0
POLYLINE
8
ENGRAVE
66
1
70
1
0
VERTEX
8
ENGRAVE
10
62.1430
20
80.0000
0
VERTEX
8
ENGRAVE
10
62.2860
20
80.1430
0
VERTEX
8
ENGRAVE
10
62.4290
20
80.0000
0
VERTEX
8
ENGRAVE
10
62.2860
20
79.8570
0
SEQEND
0
POLYLINE
8
ENGRAVE
66
1
70
1
0
VERTEX
8
ENGRAVE
10
64.7140
20
79.7140
0
VERTEX
8
ENGRAVE
10
64.8570
20
79.8570
0
VERTEX
8
ENGRAVE
10
65.0000
20
79.7140
0
VERTEX
8
ENGRAVE
10
64.8570
20
79.5710
0
SEQEND
0
POLYLINE
8
ENGRAVE
66
1
70
1
0
VERTEX
8
ENGRAVE
10
63.8570
20
79.4290
0
VERTEX
8
ENGRAVE
10
64.0000
20
79.5710
0
VERTEX
8
ENGRAVE
10
64.2860
20
79.5710
0
VERTEX
8
ENGRAVE
10
64.5710
20
79.5710
0
VERTEX
8
ENGRAVE
10
64.7140
20
79.4290
0
VERTEX
8
ENGRAVE
10
64.5710
20
79.2860
0
VERTEX
8
ENGRAVE
10
64.2860
20
79.2860
0
VERTEX
8
ENGRAVE
10
64.0000
20
79.2860
0
SEQEND
0
POLYLINE
8
ENGRAVE
66
1
70
1
0
VERTEX
8
ENGRAVE
10
52.1430
20
79.1430
0
VERTEX
8
ENGRAVE
10
52.2860
20
79.2860
0
VERTEX
8
ENGRAVE
10
52.4290
20
79.1430
0
VERTEX
8
ENGRAVE
10
52.2860
20
79.0000
0
SEQEND
0
POLYLINE
8
ENGRAVE
66
1
70
1
0
VERTEX
8
ENGRAVE
10
63.0000
20
79.1430
0
VERTEX
8
ENGRAVE
10
63.1430
20
79.2860
0
VERTEX
8
ENGRAVE
10
63.4290
20
79.2860
0
VERTEX
8
ENGRAVE
10
63.5710
20
79.1430
0
VERTEX
8
ENGRAVE
10
63.4290
20
79.0000
0
VERTEX
8
ENGRAVE
10
63.2860
20
78.8570
0
VERTEX
8
ENGRAVE
10
63.1430
20
78.7140
0
VERTEX
8
ENGRAVE
10
63.0000
20
78.8570
0
SEQEND
0
POLYLINE
8
ENGRAVE
66
1
70
1
0
VERTEX
8
ENGRAVE
10
51.5710
20
78.0000
0
VERTEX
8
ENGRAVE
10
51.7140
20
78.1430
0
VERTEX
8
ENGRAVE
10
51.8570
20
78.0000
0
VERTEX
8
ENGRAVE
10
51.7140
20
77.8570
0
SEQEND
0
POLYLINE
8
ENGRAVE
66
1
70
1
0
VERTEX
8
ENGRAVE
10
52.4290
20
77.7140
0
VERTEX
8
ENGRAVE
10
52.5710
20
77.8570
0
VERTEX
8
ENGRAVE
10
52.7140
20
77.7140
0
VERTEX
8
ENGRAVE
10
52.5710
20
77.5710
0
SEQEND
0
POLYLINE
8
ENGRAVE
66
1
70
1
0
VERTEX
8
ENGRAVE
10
62.1430
20
77.4290
0
VERTEX
8
ENGRAVE
10
62.2860
20
77.5710
0
VERTEX
8
ENGRAVE
10
62.5710
20
77.5710
0
VERTEX
8
ENGRAVE
10
62.7140
20
77.4290
0
VERTEX
8
ENGRAVE
10
62.8570
20
77.2860
0
VERTEX
8
ENGRAVE
10
63.0000
20
77.1430
0
VERTEX
8
ENGRAVE
10
63.0000
20
76.8570
0
VERTEX
8
ENGRAVE
10
62.8570
20
76.7140
0
VERTEX
8
ENGRAVE
10
62.7140
20
76.5710
0
VERTEX
8
ENGRAVE
10
62.7140
20
76.2860
0
VERTEX
8
ENGRAVE
10
62.7140
20
76.0000
0
VERTEX
8
ENGRAVE
10
62.5710
20
75.8570
0
VERTEX
8
ENGRAVE
10
62.4290
20
75.7140
0
VERTEX
8
ENGRAVE
10
62.4290
20
75.4290
0
VERTEX
8
ENGRAVE
10
62.4290
20
75.1430
0
VERTEX
8
ENGRAVE
10
62.2860
20
75.0000
0
VERTEX
8
ENGRAVE
10
62.1430
20
74.8570
0
VERTEX
8
ENGRAVE
10
62.0000
20
74.7140
0
VERTEX
8
ENGRAVE
10
61.8570
20
74.5710
0
VERTEX
8
ENGRAVE
10
61.7140
20
74.4290
0
VERTEX
8
ENGRAVE
10
61.5710
20
74.2860
0
VERTEX
8
ENGRAVE
10
61.4290
20
74.1430
0
VERTEX
8
ENGRAVE
10
61.1430
20
74.1430
0
VERTEX
8
ENGRAVE
10
60.8570
20
74.1430
0
VERTEX
8
ENGRAVE
10
60.5710
20
74.1430
0
VERTEX
8
ENGRAVE
10
60.2860
20
74.1430
0
VERTEX
8
ENGRAVE
10
60.1430
20
74.2860
0
VERTEX
8
ENGRAVE
10
60.0000
20
74.4290
0
VERTEX
8
ENGRAVE
10
59.8570
20
74.5710
0
VERTEX
8
ENGRAVE
10
59.7140
20
74.7140
0
VERTEX
8
ENGRAVE
10
59.5710
20
74.8570
0
VERTEX
8
ENGRAVE
10
59.5710
20
75.1430
0
VERTEX
8
ENGRAVE
10
59.5710
20
75.4290
0
VERTEX
8
ENGRAVE
10
59.5710
20
75.7140
0
VERTEX
8
ENGRAVE
10
59.7140
20
75.8570
0
VERTEX
8
ENGRAVE
10
59.8570
20
76.0000
0
VERTEX
8
ENGRAVE
10
60.0000
20
76.1430
0
VERTEX
8
ENGRAVE
10
60.1430
20
76.0000
0
VERTEX
8
ENGRAVE
10
60.2860
20
75.8570
0
VERTEX
8
ENGRAVE
10
60.5710
20
75.8570
0
VERTEX
8
ENGRAVE
10
60.7140
20
75.7140
0
VERTEX
8
ENGRAVE
10
60.8570
20
75.5710
0
VERTEX
8
ENGRAVE
10
61.0000
20
75.4290
0
VERTEX
8
ENGRAVE
10
61.1430
20
75.2860
0
VERTEX
8
ENGRAVE
10
61.2860
20
75.4290
0
VERTEX
8
ENGRAVE
10
61.4290
20
75.5710
0
VERTEX
8
ENGRAVE
10
61.5710
20
75.7140
0
VERTEX
8
ENGRAVE
10
61.5710
20
76.0000
0
VERTEX
8
ENGRAVE
10
61.7140
20
76.1430
0
VERTEX
8
ENGRAVE
10
61.8570
20
76.2860
0
VERTEX
8
ENGRAVE
10
61.8570
20
76.5710
0
VERTEX
8
ENGRAVE
10
62.0000
20
76.7140
0
VERTEX
8
ENGRAVE
10
62.1430
20
76.8570
0
VERTEX
8
ENGRAVE
10
62.1430
20
77.1430
0
SEQEND
0
POLYLINE
8
ENGRAVE
66
1
70
1
0
VERTEX
8
ENGRAVE
10
50.4290
20
77.1430
0
VERTEX
8
ENGRAVE
10
50.5710
20
77.2860
0
VERTEX
8
ENGRAVE
10
50.7140
20
77.1430
0
VERTEX
8
ENGRAVE
10
50.5710
20
77.0000
0
SEQEND
0
POLYLINE
8
ENGRAVE
66
1
70
1
0
VERTEX
8
ENGRAVE
10
51.8570
20
76.8570
0
VERTEX
8
ENGRAVE
10
52.0000
20
77.0000
0
VERTEX
8
ENGRAVE
10
52.2860
20
77.0000
0
VERTEX
8
ENGRAVE
10
52.4290
20
76.8570
0
VERTEX
8
ENGRAVE
10
52.5710
20
76.7140
0
VERTEX
8
ENGRAVE
10
52.7140
20
76.5710
0
VERTEX
8
ENGRAVE
10
52.7140
20
76.2860
0
VERTEX
8
ENGRAVE
10
52.8570
20
76.1430
0
VERTEX
8
ENGRAVE
10
53.0000
20
76.0000
0
VERTEX
8
ENGRAVE
10
53.1430
20
75.8570
0
VERTEX
8
ENGRAVE
10
53.2860
20
75.7140
0
VERTEX
8
ENGRAVE
10
53.4290
20
75.5710
0
VERTEX
8
ENGRAVE
10
53.7140
20
75.5710
0
VERTEX
8
ENGRAVE
10
53.8570
20
75.4290
0
VERTEX
8
ENGRAVE
10
54.0000
20
75.2860
0
VERTEX
8
ENGRAVE
10
54.2860
20
75.2860
0
VERTEX
8
ENGRAVE
10
54.5710
20
75.2860
0
VERTEX
8
ENGRAVE
10
54.7140
20
75.1430
0
VERTEX
8
ENGRAVE
10
54.7140
20
74.8570
0
VERTEX
8
ENGRAVE
10
54.8570
20
74.7140
0
VERTEX
8
ENGRAVE
10
55.0000
20
74.5710
0
VERTEX
8
ENGRAVE
10
55.1430
20
74.4290
0
VERTEX
8
ENGRAVE
10
55.2860
20
74.2860
0
VERTEX
8
ENGRAVE
10
55.4290
20
74.1430
0
VERTEX
8
ENGRAVE
10
55.5710
20
74.0000
0
VERTEX
8
ENGRAVE
10
55.5710
20
73.7140
0
VERTEX
8
ENGRAVE
10
55.5710
20
73.4290
0
VERTEX
8
ENGRAVE
10
55.7140
20
73.2860
0
VERTEX
8
ENGRAVE
10
55.8570
20
73.1430
0
VERTEX
8
ENGRAVE
10
55.8570
20
72.8570
0
VERTEX
8
ENGRAVE
10
55.7140
20
72.7140
0
VERTEX
8
ENGRAVE
10
55.5710
20
72.5710
0
VERTEX
8
ENGRAVE
10
55.5710
20
72.2860
0
VERTEX
8
ENGRAVE
10
55.5710
20
72.0000
0
VERTEX
8
ENGRAVE
10
55.7140
20
71.8570
0
VERTEX
8
ENGRAVE
10
55.8570
20
71.7140
0
VERTEX
8
ENGRAVE
10
55.8570
20
71.4290
0
VERTEX
8
ENGRAVE
10
56.0000
20
71.2860
0
VERTEX
8
ENGRAVE
10
56.1430
20
71.1430
0
VERTEX
8
ENGRAVE
10
56.2860
20
71.0000
0
VERTEX
8
ENGRAVE
10
56.4290
20
70.8570
0
VERTEX
8
ENGRAVE
10
56.5710
20
70.7140
0
VERTEX
8
ENGRAVE
10
56.8570
20
70.7140
0
VERTEX
8
ENGRAVE
10
57.0000
20
70.5710
0
VERTEX
8
ENGRAVE
10
57.0000
20
70.2860
0
VERTEX
8
ENGRAVE
10
57.1430
20
70.1430
0
VERTEX
8
ENGRAVE
10
57.2860
20
70.0000
0
VERTEX
8
ENGRAVE
10
57.2860
20
69.7140
0
VERTEX
8
ENGRAVE
10
57.4290
20
69.5710
0
VERTEX
8
ENGRAVE
10
57.5710
20
69.4290
0
VERTEX
8
ENGRAVE
10
57.5710
20
69.1430
0
VERTEX
8
ENGRAVE
10
57.7140
20
69.0000
0
VERTEX
8
ENGRAVE
10
57.8570
20
68.8570
0
VERTEX
8
ENGRAVE
10
58.0000
20
68.7140
0
VERTEX
8
ENGRAVE
10
58.1430
20
68.5710
0
VERTEX
8
ENGRAVE
10
58.2860
20
68.4290
0
VERTEX
8
ENGRAVE
10
58.5710
20
68.4290
0
VERTEX
8
ENGRAVE
10
58.7140
20
68.2860
0
VERTEX
8
ENGRAVE
10
58.7140
20
68.0000
0
VERTEX
8
ENGRAVE
10
58.8570
20
67.8570
0
VERTEX
8
ENGRAVE
10
59.0000
20
67.7140
0
VERTEX
8
ENGRAVE
10
59.1430
20
67.5710
0
VERTEX
8
ENGRAVE
10
59.2860
20
67.4290
0
VERTEX
8
ENGRAVE
10
59.4290
20
67.2860
0
VERTEX
8
ENGRAVE
10
59.5710
20
67.1430
0
VERTEX
8
ENGRAVE
10
59.7140
20
67.0000
0
VERTEX
8
ENGRAVE
10
59.8570
20
66.8570
0
VERTEX
8
ENGRAVE
10
60.0000
20
66.7140
0
VERTEX
8
ENGRAVE
10
60.1430
20
66.5710
0
VERTEX
8
ENGRAVE
10
60.2860
20
66.4290
0
VERTEX
8
ENGRAVE
10
60.5710
20
66.4290
0
VERTEX
8
ENGRAVE
10
60.8570
20
66.4290
0
VERTEX
8
ENGRAVE
10
61.0000
20
66.2860
0
VERTEX
8
ENGRAVE
10
61.1430
20
66.1430
0
VERTEX
8
ENGRAVE
10
61.2860
20
66.0000
0
VERTEX
8
ENGRAVE
10
61.2860
20
65.7140
0
VERTEX
8
ENGRAVE
10
61.2860
20
65.4290
0
VERTEX
8
ENGRAVE
10
61.4290
20
65.2860
0
VERTEX
8
ENGRAVE
10
61.5710
20
65.1430
0
VERTEX
8
ENGRAVE
10
61.5710
20
64.8570
0
VERTEX
8
ENGRAVE
10
61.7140
20
64.7140
0
VERTEX
8
ENGRAVE
10
62.0000
20
64.7140
0
VERTEX
8
ENGRAVE
10
62.1430
20
64.5710
0
VERTEX
8
ENGRAVE
10
62.2860
20
64.4290
0
VERTEX
8
ENGRAVE
10
62.4290
20
64.2860
0
VERTEX
8
ENGRAVE
10
62.4290
20
64.0000
0
VERTEX
8
ENGRAVE
10
62.5710
20
63.8570
0
VERTEX
8
ENGRAVE
10
62.8570
20
63.8570
0
VERTEX
8
ENGRAVE
10
63.1430
20
63.8570
0
VERTEX
8
ENGRAVE
10
63.2860
20
63.7140
0
VERTEX
8
ENGRAVE
10
63.2860
20
63.4290
0
VERTEX
8
ENGRAVE
10
63.4290
20
63.2860
0
VERTEX
8
ENGRAVE
10
63.7140
20
63.2860
0
VERTEX
8
ENGRAVE
10
64.0000
20
63.2860
0
VERTEX
8
ENGRAVE
10
64.2860
20
63.2860
0
VERTEX
8
ENGRAVE
10
64.4290
20
63.4290
0
VERTEX
8
ENGRAVE
10
64.5710
20
63.5710
0
VERTEX
8
ENGRAVE
10
64.8570
20
63.5710
0
VERTEX
8
ENGRAVE
10
65.1430
20
63.5710
0
VERTEX
8
ENGRAVE
10
65.2860
20
63.7140
0
VERTEX
8
ENGRAVE
10
65.4290
20
63.8570
0
VERTEX
8
ENGRAVE
10
65.5710
20
64.0000
0
VERTEX
8
ENGRAVE
10
65.7140
20
64.1430
0
VERTEX
8
ENGRAVE
10
65.8570
20
64.0000
0
VERTEX
8
ENGRAVE
10
66.0000
20
63.8570
0
VERTEX
8
ENGRAVE
10
66.1430
20
63.7140
0
VERTEX
8
ENGRAVE
10
66.1430
20
63.4290
0
VERTEX
8
ENGRAVE
10
66.1430
20
63.1430
0
VERTEX
8
ENGRAVE
10
66.1430
20
62.8570
0
VERTEX
8
ENGRAVE
10
66.1430
20
62.5710
0
VERTEX
8
ENGRAVE
10
66.1430
20
62.2860
0
VERTEX
8
ENGRAVE
10
66.1430
20
62.0000
0
VERTEX
8
ENGRAVE
10
66.2860
20
61.8570
0
VERTEX
8
ENGRAVE
10
66.5710
20
61.8570
0
VERTEX
8
ENGRAVE
10
66.7140
20
62.0000
0
VERTEX
8
ENGRAVE
10
66.7140
20
62.2860
0
VERTEX
8
ENGRAVE
10
66.7140
20
62.5710
0
VERTEX
8
ENGRAVE
10
66.7140
20
62.8570
0
VERTEX
8
ENGRAVE
10
66.7140
20
63.1430
0
VERTEX
8
ENGRAVE
10
66.7140
20
63.4290
0
VERTEX
8
ENGRAVE
10
66.7140
20
63.7140
0
VERTEX
8
ENGRAVE
10
66.7140
20
64.0000
0
VERTEX
8
ENGRAVE
10
66.7140
20
64.2860
0
VERTEX
8
ENGRAVE
10
66.7140
20
64.5710
0
VERTEX
8
ENGRAVE
10
66.7140
20
64.8570
0
VERTEX
8
ENGRAVE
10
66.7140
20
65.1430
0
VERTEX
8
ENGRAVE
10
66.7140
20
65.4290
0
VERTEX
8
ENGRAVE
10
66.7140
20
65.7140
0
VERTEX
8
ENGRAVE
10
66.7140
20
66.0000
0
VERTEX
8
ENGRAVE
10
66.8570
20
66.1430
0
VERTEX
8
ENGRAVE
10
67.0000
20
66.2860
0
VERTEX
8
ENGRAVE
10
67.1430
20
66.4290
0
VERTEX
8
ENGRAVE
10
67.4290
20
66.4290
0
VERTEX
8
ENGRAVE
10
67.7140
20
66.4290
0
VERTEX
8
ENGRAVE
10
68.0000
20
66.4290
0
VERTEX
8
ENGRAVE
10
68.1430
20
66.2860
0
VERTEX
8
ENGRAVE
10
68.1430
20
66.0000
0
VERTEX
8
ENGRAVE
10
68.1430
20
65.7140
0
VERTEX
8
ENGRAVE
10
68.1430
20
65.4290
0
VERTEX
8
ENGRAVE
10
68.1430
20
65.1430
0
VERTEX
8
ENGRAVE
10
68.1430
20
64.8570
0
VERTEX
8
ENGRAVE
10
68.1430
20
64.5710
0
VERTEX
8
ENGRAVE
10
68.1430
20
64.2860
0
VERTEX
8
ENGRAVE
10
68.1430
20
64.0000
0
VERTEX
8
ENGRAVE
10
68.1430
20
63.7140
0
VERTEX
8
ENGRAVE
10
68.1430
20
63.4290
0
VERTEX
8
ENGRAVE
10
68.0000
20
63.2860
0
VERTEX
8
ENGRAVE
10
67.8570
20
63.1430
0
VERTEX
8
ENGRAVE
10
67.8570
20
62.8570
0
VERTEX
8
ENGRAVE
10
67.8570
20
62.5710
0
VERTEX
8
ENGRAVE
10
67.8570
20
62.2860
0
VERTEX
8
ENGRAVE
10
67.8570
20
62.0000
0
VERTEX
8
ENGRAVE
10
68.0000
20
61.8570
0
VERTEX
8
ENGRAVE
10
68.2860
20
61.8570
0
VERTEX
8
ENGRAVE
10
68.4290
20
61.7140
0
VERTEX
8
ENGRAVE
10
68.5710
20
61.5710
0
VERTEX
8
ENGRAVE
10
68.7140
20
61.4290
0
VERTEX
8
ENGRAVE
10
68.7140
20
61.1430
0
VERTEX
8
ENGRAVE
10
68.5710
20
61.0000
0
VERTEX
8
ENGRAVE
10
68.4290
20
60.8570
0
VERTEX
8
ENGRAVE
10
68.2860
20
60.7140
0
VERTEX
8
ENGRAVE
10
68.1430
20
60.5710
0
VERTEX
8
ENGRAVE
10
68.1430
20
60.2860
0
VERTEX
8
ENGRAVE
10
68.0000
20
60.1430
0
VERTEX
8
ENGRAVE
10
67.8570
20
60.0000
0
VERTEX
8
ENGRAVE
10
67.8570
20
59.7140
0
VERTEX
8
ENGRAVE
10
67.8570
20
59.4290
0
VERTEX
8
ENGRAVE
10
67.8570
20
59.1430
0
VERTEX
8
ENGRAVE
10
67.8570
20
58.8570
0
VERTEX
8
ENGRAVE
10
67.8570
20
58.5710
0
VERTEX
8
ENGRAVE
10
67.8570
20
58.2860
0
VERTEX
8
ENGRAVE
10
67.8570
20
58.0000
0
VERTEX
8
ENGRAVE
10
67.8570
20
57.7140
0
VERTEX
8
ENGRAVE
10
67.8570
20
57.4290
0
VERTEX
8
ENGRAVE
10
67.8570
20
57.1430
0
VERTEX
8
ENGRAVE
10
67.8570
20
56.8570
0
VERTEX
8
ENGRAVE
10
67.8570
20
56.5710
0
VERTEX
8
ENGRAVE
10
67.8570
20
56.2860
0
VERTEX
8
ENGRAVE
10
67.8570
20
56.0000
0
VERTEX
8
ENGRAVE
10
67.8570
20
55.7140
0
VERTEX
8
ENGRAVE
10
67.8570
20
55.4290
0
VERTEX
8
ENGRAVE
10
67.8570
20
55.1430
0
VERTEX
8
ENGRAVE
10
67.8570
20
54.8570
0
VERTEX
8
ENGRAVE
10
67.8570
20
54.5710
0
VERTEX
8
ENGRAVE
10
67.8570
20
54.2860
0
VERTEX
8
ENGRAVE
10
67.8570
20
54.0000
0
VERTEX
8
ENGRAVE
10
67.8570
20
53.7140
0
VERTEX
8
ENGRAVE
10
67.8570
20
53.4290
0
VERTEX
8
ENGRAVE
10
67.7140
20
53.2860
0
VERTEX
8
ENGRAVE
10
67.5710
20
53.4290
0
VERTEX
8
ENGRAVE
10
67.5710
20
53.7140
0
VERTEX
8
ENGRAVE
10
67.5710
20
54.0000
0
VERTEX
8
ENGRAVE
10
67.5710
20
54.2860
0
VERTEX
8
ENGRAVE
10
67.5710
20
54.5710
0
VERTEX
8
ENGRAVE
10
67.5710
20
54.8570
0
VERTEX
8
ENGRAVE
10
67.4290
20
55.0000
0
VERTEX
8
ENGRAVE
10
67.2860
20
55.1430
0
VERTEX
8
ENGRAVE
10
67.2860
20
55.4290
0
VERTEX
8
ENGRAVE
10
67.2860
20
55.7140
0
VERTEX
8
ENGRAVE
10
67.2860
20
56.0000
0
VERTEX
8
ENGRAVE
10
67.2860
20
56.2860
0
VERTEX
8
ENGRAVE
10
67.2860
20
56.5710
0
VERTEX
8
ENGRAVE
10
67.1430
20
56.7140
0
VERTEX
8
ENGRAVE
10
67.0000
20
56.8570
0
VERTEX
8
ENGRAVE
10
67.0000
20
57.1430
0
VERTEX
8
ENGRAVE
10
67.0000
20
57.4290
0
VERTEX
8
ENGRAVE
10
67.0000
20
57.7140
0
VERTEX
8
ENGRAVE
10
66.8570
20
57.8570
0
VERTEX
8
ENGRAVE
10
66.7140
20
58.0000
0
VERTEX
8
ENGRAVE
10
66.7140
20
58.2860
0
VERTEX
8
ENGRAVE
10
66.7140
20
58.5710
0
VERTEX
8
ENGRAVE
10
66.7140
20
58.8570
0
VERTEX
8
ENGRAVE
10
66.5710
20
59.0000
0
VERTEX
8
ENGRAVE
10
66.4290
20
59.1430
0
VERTEX
8
ENGRAVE
10
66.4290
20
59.4290
0
VERTEX
8
ENGRAVE
10
66.4290
20
59.7140
0
VERTEX
8
ENGRAVE
10
66.4290
20
60.0000
0
VERTEX
8
ENGRAVE
10
66.2860
20
60.1430
0
VERTEX
8
ENGRAVE
10
66.1430
20
60.2860
0
VERTEX
8
ENGRAVE
10
66.1430
20
60.5710
0
VERTEX
8
ENGRAVE
10
66.1430
20
60.8570
0
VERTEX
8
ENGRAVE
10
66.0000
20
61.0000
0
VERTEX
8
ENGRAVE
10
65.7140
20
61.0000
0
VERTEX
8
ENGRAVE
10
65.4290
20
61.0000
0
VERTEX
8
ENGRAVE
10
65.1430
20
61.0000
0
VERTEX
8
ENGRAVE
10
64.8570
20
61.0000
0
VERTEX
8
ENGRAVE
10
64.7140
20
60.8570
0
VERTEX
8
ENGRAVE
10
64.5710
20
60.7140
0
VERTEX
8
ENGRAVE
10
64.2860
20
60.7140
0
VERTEX
8
ENGRAVE
10
64.0000
20
60.7140
0
VERTEX
8
ENGRAVE
10
63.8570
20
60.5710
0
VERTEX
8
ENGRAVE
10
63.7140
20
60.4290
0
VERTEX
8
ENGRAVE
10
63.5710
20
60.2860
0
VERTEX
8
ENGRAVE
10
63.5710
20
60.0000
0
VERTEX
8
ENGRAVE
10
63.5710
20
59.7140
0
VERTEX
8
ENGRAVE
10
63.5710
20
59.4290
0
VERTEX
8
ENGRAVE
10
63.5710
20
59.1430
0
VERTEX
8
ENGRAVE
10
63.5710
20
58.8570
0
VERTEX
8
ENGRAVE
10
63.7140
20
58.7140
0
VERTEX
8
ENGRAVE
10
63.8570
20
58.5710
0
VERTEX
8
ENGRAVE
10
64.0000
20
58.4290
0
VERTEX
8
ENGRAVE
10
64.1430
20
58.2860
0
VERTEX
8
ENGRAVE
10
64.1430
20
58.0000
0
VERTEX
8
ENGRAVE
10
64.2860
20
57.8570
0
VERTEX
8
ENGRAVE
10
64.4290
20
57.7140
0
VERTEX
8
ENGRAVE
10
64.4290
20
57.4290
0
VERTEX
8
ENGRAVE
10
64.5710
20
57.2860
0
VERTEX
8
ENGRAVE
10
64.7140
20
57.1430
0
VERTEX
8
ENGRAVE
10
64.8570
20
57.0000
0
VERTEX
8
ENGRAVE
10
65.1430
20
57.0000
0
VERTEX
8
ENGRAVE
10
65.2860
20
56.8570
0
VERTEX
8
ENGRAVE
10
65.4290
20
56.7140
0
VERTEX
8
ENGRAVE
10
65.5710
20
56.5710
0
VERTEX
8
ENGRAVE
10
65.7140
20
56.4290
0
VERTEX
8
ENGRAVE
10
65.8570
20
56.2860
0
VERTEX
8
ENGRAVE
10
65.8570
20
56.0000
0
VERTEX
8
ENGRAVE
10
66.0000
20
55.8570
0
VERTEX
8
ENGRAVE
10
66.1430
20
55.7140
0
VERTEX
8
ENGRAVE
10
66.1430
20
55.4290
0
VERTEX
8
ENGRAVE
10
66.0000
20
55.2860
0
VERTEX
8
ENGRAVE
10
65.8570
20
55.4290
0
VERTEX
8
ENGRAVE
10
65.7140
20
55.5710
0
VERTEX
8
ENGRAVE
10
65.4290
20
55.5710
0
VERTEX
8
ENGRAVE
10
65.2860
20
55.4290
0
VERTEX
8
ENGRAVE
10
65.1430
20
55.2860
0
VERTEX
8
ENGRAVE
10
65.0000
20
55.1430
0
VERTEX
8
ENGRAVE
10
65.0000
20
54.8570
0
VERTEX
8
ENGRAVE
10
65.1430
20
54.7140
0
VERTEX
8
ENGRAVE
10
65.4290
20
54.7140
0
VERTEX
8
ENGRAVE
10
65.7140
20
54.7140
0
VERTEX
8
ENGRAVE
10
65.8570
20
54.5710
0
VERTEX
8
ENGRAVE
10
65.7140
20
54.4290
0
VERTEX
8
ENGRAVE
10
65.5710
20
54.2860
0
VERTEX
8
ENGRAVE
10
65.4290
20
54.1430
0
VERTEX
8
ENGRAVE
10
65.2860
20
54.0000
0
VERTEX
8
ENGRAVE
10
65.1430
20
53.8570
0
VERTEX
8
ENGRAVE
10
64.8570
20
53.8570
0
VERTEX
8
ENGRAVE
10
64.7140
20
53.7140
0
VERTEX
8
ENGRAVE
10
64.5710
20
53.5710
0
VERTEX
8
ENGRAVE
10
64.2860
20
53.5710
0
VERTEX
8
ENGRAVE
10
64.0000
20
53.5710
0
VERTEX
8
ENGRAVE
10
63.7140
20
53.5710
0
VERTEX
8
ENGRAVE
10
63.4290
20
53.5710
0
VERTEX
8
ENGRAVE
10
63.1430
20
53.5710
0
VERTEX
8
ENGRAVE
10
62.8570
20
53.5710
0
VERTEX
8
ENGRAVE
10
62.7140
20
53.7140
0
VERTEX
8
ENGRAVE
10
62.5710
20
53.8570
0
VERTEX
8
ENGRAVE
10
62.2860
20
53.8570
0
VERTEX
8
ENGRAVE
10
62.1430
20
54.0000
0
VERTEX
8
ENGRAVE
10
62.0000
20
54.1430
0
VERTEX
8
ENGRAVE
10
61.8570
20
54.2860
0
VERTEX
8
ENGRAVE
10
61.7140
20
54.4290
0
VERTEX
8
ENGRAVE
10
61.5710
20
54.5710
0
VERTEX
8
ENGRAVE
10
61.4290
20
54.7140
0
VERTEX
8
ENGRAVE
10
61.2860
20
54.8570
0
VERTEX
8
ENGRAVE
10
61.1430
20
55.0000
0
VERTEX
8
ENGRAVE
10
61.0000
20
55.1430
0
VERTEX
8
ENGRAVE
10
61.0000
20
55.4290
0
VERTEX
8
ENGRAVE
10
61.0000
20
55.7140
0
VERTEX
8
ENGRAVE
10
61.0000
20
56.0000
0
VERTEX
8
ENGRAVE
10
61.1430
20
56.1430
0
VERTEX
8
ENGRAVE
10
61.2860
20
56.2860
0
VERTEX
8
ENGRAVE
10
61.4290
20
56.4290
0
VERTEX
8
ENGRAVE
10
61.5710
20
56.5710
0
VERTEX
8
ENGRAVE
10
61.7140
20
56.7140
0
VERTEX
8
ENGRAVE
10
61.8570
20
56.8570
0
VERTEX
8
ENGRAVE
10
62.0000
20
57.0000
0
VERTEX
8
ENGRAVE
10
62.1430
20
57.1430
0
VERTEX
8
ENGRAVE
10
62.1430
20
57.4290
0
VERTEX
8
ENGRAVE
10
62.2860
20
57.5710
0
VERTEX
8
ENGRAVE
10
62.4290
20
57.7140
0
VERTEX
8
ENGRAVE
10
62.4290
20
58.0000
0
VERTEX
8
ENGRAVE
10
62.4290
20
58.2860
0
VERTEX
8
ENGRAVE
10
62.4290
20
58.5710
0
VERTEX
8
ENGRAVE
10
62.4290
20
58.8570
0
VERTEX
8
ENGRAVE
10
62.2860
20
59.0000
0
VERTEX
8
ENGRAVE
10
62.1430
20
59.1430
0
VERTEX
8
ENGRAVE
10
62.0000
20
59.2860
0
VERTEX
8
ENGRAVE
10
61.7140
20
59.2860
0
VERTEX
8
ENGRAVE
10
61.5710
20
59.4290
0
VERTEX
8
ENGRAVE
10
61.5710
20
59.7140
0
VERTEX
8
ENGRAVE
10
61.7140
20
59.8570
0
VERTEX
8
ENGRAVE
10
61.8570
20
60.0000
0
VERTEX
8
ENGRAVE
10
62.0000
20
60.1430
0
VERTEX
8
ENGRAVE
10
62.1430
20
60.2860
0
VERTEX
8
ENGRAVE
10
62.2860
20
60.4290
0
VERTEX
8
ENGRAVE
10
62.4290
20
60.5710
0
VERTEX
8
ENGRAVE
10
62.4290
20
60.8570
0
VERTEX
8
ENGRAVE
10
62.4290
20
61.1430
0
VERTEX
8
ENGRAVE
10
62.4290
20
61.4290
0
VERTEX
8
ENGRAVE
10
62.4290
20
61.7140
0
VERTEX
8
ENGRAVE
10
62.4290
20
62.0000
0
VERTEX
8
ENGRAVE
10
62.4290
20
62.2860
0
VERTEX
8
ENGRAVE
10
62.4290
20
62.5710
0
VERTEX
8
ENGRAVE
10
62.2860
20
62.7140
0
VERTEX
8
ENGRAVE
10
62.1430
20
62.8570
0
VERTEX
8
ENGRAVE
10
62.0000
20
63.0000
0
VERTEX
8
ENGRAVE
10
61.8570
20
63.1430
0
VERTEX
8
ENGRAVE
10
61.8570
20
63.4290
0
VERTEX
8
ENGRAVE
10
61.7140
20
63.5710
0
VERTEX
8
ENGRAVE
10
61.5710
20
63.7140
0
VERTEX
8
ENGRAVE
10
61.4290
20
63.8570
0
VERTEX
8
ENGRAVE
10
61.1430
20
63.8570
0
VERTEX
8
ENGRAVE
10
61.0000
20
64.0000
0
VERTEX
8
ENGRAVE
10
60.8570
20
64.1430
0
VERTEX
8
ENGRAVE
10
60.7140
20
64.2860
0
VERTEX
8
ENGRAVE
10
60.5710
20
64.4290
0
VERTEX
8
ENGRAVE
10
60.4290
20
64.5710
0
VERTEX
8
ENGRAVE
10
60.4290
20
64.8570
0
VERTEX
8
ENGRAVE
10
60.2860
20
65.0000
0
VERTEX
8
ENGRAVE
10
60.1430
20
65.1430
0
VERTEX
8
ENGRAVE
10
60.0000
20
65.2860
0
VERTEX
8
ENGRAVE
10
59.8570
20
65.4290
0
VERTEX
8
ENGRAVE
10
59.7140
20
65.5710
0
VERTEX
8
ENGRAVE
10
59.5710
20
65.7140
0
VERTEX
8
ENGRAVE
10
59.5710
20
66.0000
0
VERTEX
8
ENGRAVE
10
59.4290
20
66.1430
0
VERTEX
8
ENGRAVE
10
59.2860
20
66.2860
0
VERTEX
8
ENGRAVE
10
59.1430
20
66.4290
0
VERTEX
8
ENGRAVE
10
59.0000
20
66.5710
0
VERTEX
8
ENGRAVE
10
58.8570
20
66.7140
0
VERTEX
8
ENGRAVE
10
58.7140
20
66.8570
0
VERTEX
8
ENGRAVE
10
58.5710
20
67.0000
0
VERTEX
8
ENGRAVE
10
58.4290
20
67.1430
0
VERTEX
8
ENGRAVE
10
58.2860
20
67.2860
0
VERTEX
8
ENGRAVE
10
58.1430
20
67.4290
0
VERTEX
8
ENGRAVE
10
58.0000
20
67.5710
0
VERTEX
8
ENGRAVE
10
57.8570
20
67.7140
0
VERTEX
8
ENGRAVE
10
57.7140
20
67.8570
0
VERTEX
8
ENGRAVE
10
57.5710
20
68.0000
0
VERTEX
8
ENGRAVE
10
57.4290
20
68.1430
0
VERTEX
8
ENGRAVE
10
57.2860
20
68.2860
0
VERTEX
8
ENGRAVE
10
57.1430
20
68.4290
0
VERTEX
8
ENGRAVE
10
57.0000
20
68.5710
0
VERTEX
8
ENGRAVE
10
56.8570
20
68.7140
0
VERTEX
8
ENGRAVE
10
56.7140
20
68.8570
0
VERTEX
8
ENGRAVE
10
56.7140
20
69.1430
0
VERTEX
8
ENGRAVE
10
56.5710
20
69.2860
0
VERTEX
8
ENGRAVE
10
56.4290
20
69.4290
0
VERTEX
8
ENGRAVE
10
56.2860
20
69.5710
0
VERTEX
8
ENGRAVE
10
56.1430
20
69.7140
0
VERTEX
8
ENGRAVE
10
56.1430
20
70.0000
0
VERTEX
8
ENGRAVE
10
56.0000
20
70.1430
0
VERTEX
8
ENGRAVE
10
55.7140
20
70.1430
0
VERTEX
8
ENGRAVE
10
55.4290
20
70.1430
0
VERTEX
8
ENGRAVE
10
55.1430
20
70.1430
0
VERTEX
8
ENGRAVE
10
54.8570
20
70.1430
0
VERTEX
8
ENGRAVE
10
54.5710
20
70.1430
0
VERTEX
8
ENGRAVE
10
54.2860
20
70.1430
0
VERTEX
8
ENGRAVE
10
54.0000
20
70.1430
0
VERTEX
8
ENGRAVE
10
53.8570
20
70.0000
0
VERTEX
8
ENGRAVE
10
53.7140
20
69.8570
0
VERTEX
8
ENGRAVE
10
53.4290
20
69.8570
0
VERTEX
8
ENGRAVE
10
53.1430
20
69.8570
0
VERTEX
8
ENGRAVE
10
52.8570
20
69.8570
0
VERTEX
8
ENGRAVE
10
52.7140
20
69.7140
0
VERTEX
8
ENGRAVE
10
52.5710
20
69.5710
0
VERTEX
8
ENGRAVE
10
52.2860
20
69.5710
0
VERTEX
8
ENGRAVE
10
52.0000
20
69.5710
0
VERTEX
8
ENGRAVE
10
51.8570
20
69.7140
0
VERTEX
8
ENGRAVE
10
51.8570
20
70.0000
0
VERTEX
8
ENGRAVE
10
51.7140
20
70.1430
0
VERTEX
8
ENGRAVE
10
51.5710
20
70.2860
0
VERTEX
8
ENGRAVE
10
51.5710
20
70.5710
0
VERTEX
8
ENGRAVE
10
51.7140
20
70.7140
0
VERTEX
8
ENGRAVE
10
51.8570
20
70.8570
0
VERTEX
8
ENGRAVE
10
52.0000
20
71.0000
0
VERTEX
8
ENGRAVE
10
52.2860
20
71.0000
0
VERTEX
8
ENGRAVE
10
52.5710
20
71.0000
0
VERTEX
8
ENGRAVE
10
52.8570
20
71.0000
0
VERTEX
8
ENGRAVE
10
53.0000
20
71.1430
0
VERTEX
8
ENGRAVE
10
53.1430
20
71.2860
0
VERTEX
8
ENGRAVE
10
53.2860
20
71.4290
0
VERTEX
8
ENGRAVE
10
53.2860
20
71.7140
0
VERTEX
8
ENGRAVE
10
53.2860
20
72.0000
0
VERTEX
8
ENGRAVE
10
53.2860
20
72.2860
0
VERTEX
8
ENGRAVE
10
53.1430
20
72.4290
0
VERTEX
8
ENGRAVE
10
53.0000
20
72.5710
0
VERTEX
8
ENGRAVE
10
53.0000
20
72.8570
0
VERTEX
8
ENGRAVE
10
52.8570
20
73.0000
0
VERTEX
8
ENGRAVE
10
52.5710
20
73.0000
0
VERTEX
8
ENGRAVE
10
52.4290
20
73.1430
0
VERTEX
8
ENGRAVE
10
52.4290
20
73.4290
0
VERTEX
8
ENGRAVE
10
52.5710
20
73.5710
0
VERTEX
8
ENGRAVE
10
52.8570
20
73.5710
0
VERTEX
8
ENGRAVE
10
53.1430
20
73.5710
0
VERTEX
8
ENGRAVE
10
53.2860
20
73.7140
0
VERTEX
8
ENGRAVE
10
53.2860
20
74.0000
0
VERTEX
8
ENGRAVE
10
53.2860
20
74.2860
0
VERTEX
8
ENGRAVE
10
53.2860
20
74.5710
0
VERTEX
8
ENGRAVE
10
53.1430
20
74.7140
0
VERTEX
8
ENGRAVE
10
52.8570
20
74.7140
0
VERTEX
8
ENGRAVE
10
52.5710
20
74.7140
0
VERTEX
8
ENGRAVE
10
52.4290
20
74.8570
0
VERTEX
8
ENGRAVE
10
52.4290
20
75.1430
0
VERTEX
8
ENGRAVE
10
52.2860
20
75.2860
0
VERTEX
8
ENGRAVE
10
52.1430
20
75.4290
0
VERTEX
8
ENGRAVE
10
52.1430
20
75.7140
0
VERTEX
8
ENGRAVE
10
52.0000
20
75.8570
0
VERTEX
8
ENGRAVE
10
51.8570
20
76.0000
0
VERTEX
8
ENGRAVE
10
51.7140
20
76.1430
0
VERTEX
8
ENGRAVE
10
51.5710
20
76.2860
0
VERTEX
8
ENGRAVE
10
51.5710
20
76.5710
0
VERTEX
8
ENGRAVE
10
51.7140
20
76.7140
0
SEQEND
0
POLYLINE
8
ENGRAVE
66
1
70
1
0
VERTEX
8
ENGRAVE
10
49.5710
20
76.2860
0
VERTEX
8
ENGRAVE
10
49.7140
20
76.4290
0
VERTEX
8
ENGRAVE
10
50.0000
20
76.4290
0
VERTEX
8
ENGRAVE
10
50.2860
20
76.4290
0
VERTEX
8
ENGRAVE
10
50.4290
20
76.2860
0
VERTEX
8
ENGRAVE
10
50.4290
20
76.0000
0
VERTEX
8
ENGRAVE
10
50.2860
20
75.8570
0
VERTEX
8
ENGRAVE
10
50.0000
20
75.8570
0
VERTEX
8
ENGRAVE
10
49.7140
20
75.8570
0
VERTEX
8
ENGRAVE
10
49.5710
20
76.0000
0
SEQEND
0
POLYLINE
8
ENGRAVE
66
1
70
1
0
VERTEX
8
ENGRAVE
10
51.0000
20
76.0000
0
VERTEX
8
ENGRAVE
10
51.1430
20
76.1430
0
VERTEX
8
ENGRAVE
10
51.2860
20
76.0000
0
VERTEX
8
ENGRAVE
10
51.1430
20
75.8570
0
SEQEND
0
POLYLINE
8
ENGRAVE
66
1
70
1
0
VERTEX
8
ENGRAVE
10
47.2860
20
75.4290
0
VERTEX
8
ENGRAVE
10
47.4290
20
75.5710
0
VERTEX
8
ENGRAVE
10
47.5710
20
75.4290
0
VERTEX
8
ENGRAVE
10
47.4290
20
75.2860
0
SEQEND
0
POLYLINE
8
ENGRAVE
66
1
70
1
0
VERTEX
8
ENGRAVE
10
48.1430
20
75.4290
0
VERTEX
8
ENGRAVE
10
48.2860
20
75.5710
0
VERTEX
8
ENGRAVE
10
48.5710
20
75.5710
0
VERTEX
8
ENGRAVE
10
48.8570
20
75.5710
0
VERTEX
8
ENGRAVE
10
49.1430
20
75.5710
0
VERTEX
8
ENGRAVE
10
49.2860
20
75.4290
0
VERTEX
8
ENGRAVE
10
49.2860
20
75.1430
0
VERTEX
8
ENGRAVE
10
49.1430
20
75.0000
0
VERTEX
8
ENGRAVE
10
48.8570
20
75.0000
0
VERTEX
8
ENGRAVE
10
48.5710
20
75.0000
0
VERTEX
8
ENGRAVE
10
48.4290
20
75.1430
0
VERTEX
8
ENGRAVE
10
48.2860
20
75.2860
0
SEQEND
0
POLYLINE
8
ENGRAVE
66
1
70
1
0
VERTEX
8
ENGRAVE
10
51.2860
20
75.4290
0
VERTEX
8
ENGRAVE
10
51.4290
20
75.5710
0
VERTEX
8
ENGRAVE
10
51.5710
20
75.4290
0
VERTEX
8
ENGRAVE
10
51.7140
20
75.2860
0
VERTEX
8
ENGRAVE
10
51.8570
20
75.1430
0
VERTEX
8
ENGRAVE
10
51.8570
20
74.8570
0
VERTEX
8
ENGRAVE
10
51.8570
20
74.5710
0
VERTEX
8
ENGRAVE
10
51.8570
20
74.2860
0
VERTEX
8
ENGRAVE
10
51.8570
20
74.0000
0
VERTEX
8
ENGRAVE
10
51.8570
20
73.7140
0
VERTEX
8
ENGRAVE
10
51.8570
20
73.4290
0
VERTEX
8
ENGRAVE
10
51.8570
20
73.1430
0
VERTEX
8
ENGRAVE
10
52.0000
20
73.0000
0
VERTEX
8
ENGRAVE
10
52.1430
20
72.8570
0
VERTEX
8
ENGRAVE
10
52.2860
20
72.7140
0
VERTEX
8
ENGRAVE
10
52.4290
20
72.5710
0
VERTEX
8
ENGRAVE
10
52.5710
20
72.4290
0
VERTEX
8
ENGRAVE
10
52.7140
20
72.2860
0
VERTEX
8
ENGRAVE
10
52.7140
20
72.0000
0
VERTEX
8
ENGRAVE
10
52.5710
20
71.8570
0
VERTEX
8
ENGRAVE
10
52.2860
20
71.8570
0
VERTEX
8
ENGRAVE
10
52.1430
20
71.7140
0
VERTEX
8
ENGRAVE
10
52.0000
20
71.5710
0
VERTEX
8
ENGRAVE
10
51.7140
20
71.5710
0
VERTEX
8
ENGRAVE
10
51.5710
20
71.4290
0
VERTEX
8
ENGRAVE
10
51.4290
20
71.2860
0
VERTEX
8
ENGRAVE
10
51.2860
20
71.1430
0
VERTEX
8
ENGRAVE
10
51.2860
20
70.8570
0
VERTEX
8
ENGRAVE
10
51.2860
20
70.5710
0
VERTEX
8
ENGRAVE
10
51.2860
20
70.2860
0
VERTEX
8
ENGRAVE
10
51.2860
20
70.0000
0
VERTEX
8
ENGRAVE
10
51.2860
20
69.7140
0
VERTEX
8
ENGRAVE
10
51.4290
20
69.5710
0
VERTEX
8
ENGRAVE
10
51.5710
20
69.4290
0
VERTEX
8
ENGRAVE
10
51.7140
20
69.2860
0
VERTEX
8
ENGRAVE
10
52.0000
20
69.2860
0
VERTEX
8
ENGRAVE
10
52.2860
20
69.2860
0
VERTEX
8
ENGRAVE
10
52.5710
20
69.2860
0
VERTEX
8
ENGRAVE
10
52.8570
20
69.2860
0
VERTEX
8
ENGRAVE
10
53.1430
20
69.2860
0
VERTEX
8
ENGRAVE
10
53.4290
20
69.2860
0
VERTEX
8
ENGRAVE
10
53.7140
20
69.2860
0
VERTEX
8
ENGRAVE
10
53.8570
20
69.4290
0
VERTEX
8
ENGRAVE
10
54.0000
20
69.5710
0
VERTEX
8
ENGRAVE
10
54.2860
20
69.5710
0
VERTEX
8
ENGRAVE
10
54.5710
20
69.5710
0
VERTEX
8
ENGRAVE
10
54.8570
20
69.5710
0
VERTEX
8
ENGRAVE
10
55.1430
20
69.5710
0
VERTEX
8
ENGRAVE
10
55.4290
20
69.5710
0
VERTEX
8
ENGRAVE
10
55.7140
20
69.5710
0
VERTEX
8
ENGRAVE
10
55.8570
20
69.4290
0
VERTEX
8
ENGRAVE
10
55.8570
20
69.1430
0
VERTEX
8
ENGRAVE
10
56.0000
20
69.0000
0
VERTEX
8
ENGRAVE
10
56.1430
20
68.8570
0
VERTEX
8
ENGRAVE
10
56.0000
20
68.7140
0
VERTEX
8
ENGRAVE
10
55.8570
20
68.5710
0
VERTEX
8
ENGRAVE
10
55.8570
20
68.2860
0
VERTEX
8
ENGRAVE
10
56.0000
20
68.1430
0
VERTEX
8
ENGRAVE
10
56.1430
20
68.0000
0
VERTEX
8
ENGRAVE
10
56.0000
20
67.8570
0
VERTEX
8
ENGRAVE
10
55.8570
20
67.7140
0
VERTEX
8
ENGRAVE
10
55.8570
20
67.4290
0
VERTEX
8
ENGRAVE
10
55.7140
20
67.2860
0
VERTEX
8
ENGRAVE
10
55.5710
20
67.1430
0
VERTEX
8
ENGRAVE
10
55.5710
20
66.8570
0
VERTEX
8
ENGRAVE
10
55.5710
20
66.5710
0
VERTEX
8
ENGRAVE
10
55.5710
20
66.2860
0
VERTEX
8
ENGRAVE
10
55.4290
20
66.1430
0
VERTEX
8
ENGRAVE
10
55.2860
20
66.0000
0
VERTEX
8
ENGRAVE
10
55.2860
20
65.7140
0
VERTEX
8
ENGRAVE
10
55.2860
20
65.4290
0
VERTEX
8
ENGRAVE
10
55.2860
20
65.1430
0
VERTEX
8
ENGRAVE
10
55.2860
20
64.8570
0
VERTEX
8
ENGRAVE
10
55.4290
20
64.7140
0
VERTEX
8
ENGRAVE
10
55.5710
20
64.5710
0
VERTEX
8
ENGRAVE
10
55.5710
20
64.2860
0
VERTEX
8
ENGRAVE
10
55.7140
20
64.1430
0
VERTEX
8
ENGRAVE
10
56.0000
20
64.1430
0
VERTEX
8
ENGRAVE
10
56.1430
20
64.0000
0
VERTEX
8
ENGRAVE
10
56.1430
20
63.7140
0
VERTEX
8
ENGRAVE
10
56.2860
20
63.5710
0
VERTEX
8
ENGRAVE
10
56.4290
20
63.4290
0
VERTEX
8
ENGRAVE
10
56.2860
20
63.2860
0
VERTEX
8
ENGRAVE
10
56.1430
20
63.1430
0
VERTEX
8
ENGRAVE
10
56.0000
20
63.0000
0
VERTEX
8
ENGRAVE
10
55.7140
20
63.0000
0
VERTEX
8
ENGRAVE
10
55.4290
20
63.0000
0
VERTEX
8
ENGRAVE
10
55.1430
20
63.0000
0
VERTEX
8
ENGRAVE
10
55.0000
20
63.1430
0
VERTEX
8
ENGRAVE
10
54.8570
20
63.2860
0
VERTEX
8
ENGRAVE
10
54.5710
20
63.2860
0
VERTEX
8
ENGRAVE
10
54.4290
20
63.4290
0
VERTEX
8
ENGRAVE
10
54.2860
20
63.5710
0
VERTEX
8
ENGRAVE
10
54.0000
20
63.5710
0
VERTEX
8
ENGRAVE
10
53.8570
20
63.7140
0
VERTEX
8
ENGRAVE
10
53.7140
20
63.8570
0
VERTEX
8
ENGRAVE
10
53.5710
20
64.0000
0
VERTEX
8
ENGRAVE
10
53.4290
20
64.1430
0
VERTEX
8
ENGRAVE
10
53.1430
20
64.1430
0
VERTEX
8
ENGRAVE
10
53.0000
20
64.2860
0
VERTEX
8
ENGRAVE
10
52.8570
20
64.4290
0
VERTEX
8
ENGRAVE
10
52.5710
20
64.4290
0
VERTEX
8
ENGRAVE
10
52.2860
20
64.4290
0
VERTEX
8
ENGRAVE
10
52.0000
20
64.4290
0
VERTEX
8
ENGRAVE
10
51.7140
20
64.4290
0
VERTEX
8
ENGRAVE
10
51.5710
20
64.5710
0
VERTEX
8
ENGRAVE
10
51.4290
20
64.7140
0
VERTEX
8
ENGRAVE
10
51.2860
20
64.8570
0
VERTEX
8
ENGRAVE
10
51.1430
20
65.0000
0
VERTEX
8
ENGRAVE
10
51.0000
20
65.1430
0
VERTEX
8
ENGRAVE
10
50.8570
20
65.2860
0
VERTEX
8
ENGRAVE
10
50.7140
20
65.4290
0
VERTEX
8
ENGRAVE
10
50.5710
20
65.5710
0
VERTEX
8
ENGRAVE
10
50.4290
20
65.7140
0
VERTEX
8
ENGRAVE
10
50.2860
20
65.8570
0
VERTEX
8
ENGRAVE
10
50.1430
20
66.0000
0
VERTEX
8
ENGRAVE
10
50.0000
20
66.1430
0
VERTEX
8
ENGRAVE
10
49.8570
20
66.2860
0
VERTEX
8
ENGRAVE
10
49.8570
20
66.5710
0
VERTEX
8
ENGRAVE
10
49.8570
20
66.8570
0
VERTEX
8
ENGRAVE
10
49.8570
20
67.1430
0
VERTEX
8
ENGRAVE
10
49.7140
20
67.2860
0
VERTEX
8
ENGRAVE
10
49.5710
20
67.4290
0
VERTEX
8
ENGRAVE
10
49.7140
20
67.5710
0
VERTEX
8
ENGRAVE
10
50.0000
20
67.5710
0
VERTEX
8
ENGRAVE
10
50.2860
20
67.5710
0
VERTEX
8
ENGRAVE
10
50.4290
20
67.7140
0
VERTEX
8
ENGRAVE
10
50.4290
20
68.0000
0
VERTEX
8
ENGRAVE
10
50.5710
20
68.1430
0
VERTEX
8
ENGRAVE
10
50.7140
20
68.2860
0
VERTEX
8
ENGRAVE
10
50.5710
20
68.4290
0
VERTEX
8
ENGRAVE
10
50.4290
20
68.5710
0
VERTEX
8
ENGRAVE
10
50.2860
20
68.7140
0
VERTEX
8
ENGRAVE
10
50.0000
20
68.7140
0
VERTEX
8
ENGRAVE
10
49.8570
20
68.5710
0
VERTEX
8
ENGRAVE
10
49.7140
20
68.4290
0
VERTEX
8
ENGRAVE
10
49.5710
20
68.2860
0
VERTEX
8
ENGRAVE
10
49.5710
20
68.0000
0
VERTEX
8
ENGRAVE
10
49.5710
20
67.7140
0
VERTEX
8
ENGRAVE
10
49.4290
20
67.5710
0
VERTEX
8
ENGRAVE
10
49.1430
20
67.5710
0
VERTEX
8
ENGRAVE
10
48.8570
20
67.5710
0
VERTEX
8
ENGRAVE
10
48.5710
20
67.5710
0
VERTEX
8
ENGRAVE
10
48.2860
20
67.5710
0
VERTEX
8
ENGRAVE
10
48.0000
20
67.5710
0
VERTEX
8
ENGRAVE
10
47.7140
20
67.5710
0
VERTEX
8
ENGRAVE
10
47.4290
20
67.5710
0
VERTEX
8
ENGRAVE
10
47.1430
20
67.5710
0
VERTEX
8
ENGRAVE
10
46.8570
20
67.5710
0
VERTEX
8
ENGRAVE
10
46.7140
20
67.4290
0
VERTEX
8
ENGRAVE
10
46.5710
20
67.2860
0
VERTEX
8
ENGRAVE
10
46.4290
20
67.1430
0
VERTEX
8
ENGRAVE
10
46.5710
20
67.0000
0
VERTEX
8
ENGRAVE
10
46.7140
20
66.8570
0
VERTEX
8
ENGRAVE
10
46.8570
20
66.7140
0
VERTEX
8
ENGRAVE
10
47.1430
20
66.7140
0
VERTEX
8
ENGRAVE
10
47.4290
20
66.7140
0
VERTEX
8
ENGRAVE
10
47.5710
20
66.5710
0
VERTEX
8
ENGRAVE
10
47.7140
20
66.4290
0
VERTEX
8
ENGRAVE
10
48.0000
20
66.4290
0
VERTEX
8
ENGRAVE
10
48.2860
20
66.4290
0
VERTEX
8
ENGRAVE
10
48.5710
20
66.4290
0
VERTEX
8
ENGRAVE
10
48.7140
20
66.2860
0
VERTEX
8
ENGRAVE
10
48.8570
20
66.1430
0
VERTEX
8
ENGRAVE
10
49.0000
20
66.0000
0
VERTEX
8
ENGRAVE
10
49.1430
20
65.8570
0
VERTEX
8
ENGRAVE
10
49.2860
20
65.7140
0
VERTEX
8
ENGRAVE
10
49.4290
20
65.5710
0
VERTEX
8
ENGRAVE
10
49.5710
20
65.4290
0
VERTEX
8
ENGRAVE
10
49.5710
20
65.1430
0
VERTEX
8
ENGRAVE
10
49.4290
20
65.0000
0
VERTEX
8
ENGRAVE
10
49.2860
20
64.8570
0
VERTEX
8
ENGRAVE
10
49.1430
20
64.7140
0
VERTEX
8
ENGRAVE
10
49.0000
20
64.5710
0
VERTEX
8
ENGRAVE
10
48.8570
20
64.4290
0
VERTEX
8
ENGRAVE
10
48.7140
20
64.2860
0
VERTEX
8
ENGRAVE
10
48.5710
20
64.1430
0
VERTEX
8
ENGRAVE
10
48.4290
20
64.0000
0
VERTEX
8
ENGRAVE
10
48.4290
20
63.7140
0
VERTEX
8
ENGRAVE
10
48.4290
20
63.4290
0
VERTEX
8
ENGRAVE
10
48.2860
20
63.2860
0
VERTEX
8
ENGRAVE
10
48.1430
20
63.1430
0
VERTEX
8
ENGRAVE
10
48.0000
20
63.0000
0
VERTEX
8
ENGRAVE
10
47.8570
20
62.8570
0
VERTEX
8
ENGRAVE
10
47.8570
20
62.5710
0
VERTEX
8
ENGRAVE
10
47.8570
20
62.2860
0
VERTEX
8
ENGRAVE
10
47.7140
20
62.1430
0
VERTEX
8
ENGRAVE
10
47.5710
20
62.0000
0
VERTEX
8
ENGRAVE
10
47.5710
20
61.7140
0
VERTEX
8
ENGRAVE
10
47.7140
20
61.5710
0
VERTEX
8
ENGRAVE
10
47.8570
20
61.4290
0
VERTEX
8
ENGRAVE
10
47.8570
20
61.1430
0
VERTEX
8
ENGRAVE
10
47.7140
20
61.0000
0
VERTEX
8
ENGRAVE
10
47.4290
20
61.0000
0
VERTEX
8
ENGRAVE
10
47.1430
20
61.0000
0
VERTEX
8
ENGRAVE
10
47.0000
20
61.1430
0
VERTEX
8
ENGRAVE
10
46.8570
20
61.2860
0
VERTEX
8
ENGRAVE
10
46.5710
20
61.2860
0
VERTEX
8
ENGRAVE
10
46.4290
20
61.4290
0
VERTEX
8
ENGRAVE
10
46.2860
20
61.5710
0
VERTEX
8
ENGRAVE
10
46.1430
20
61.7140
0
VERTEX
8
ENGRAVE
10
46.0000
20
61.8570
0
VERTEX
8
ENGRAVE
10
45.7140
20
61.8570
0
VERTEX
8
ENGRAVE
10
45.4290
20
61.8570
0
VERTEX
8
ENGRAVE
10
45.2860
20
62.0000
0
VERTEX
8
ENGRAVE
10
45.2860
20
62.2860
0
VERTEX
8
ENGRAVE
10
45.1430
20
62.4290
0
VERTEX
8
ENGRAVE
10
45.0000
20
62.5710
0
VERTEX
8
ENGRAVE
10
44.8570
20
62.7140
0
VERTEX
8
ENGRAVE
10
44.7140
20
62.8570
0
VERTEX
8
ENGRAVE
10
44.7140
20
63.1430
0
VERTEX
8
ENGRAVE
10
44.5710
20
63.2860
0
VERTEX
8
ENGRAVE
10
44.4290
20
63.4290
0
VERTEX
8
ENGRAVE
10
44.2860
20
63.5710
0
VERTEX
8
ENGRAVE
10
44.1430
20
63.7140
0
VERTEX
8
ENGRAVE
10
44.0000
20
63.8570
0
VERTEX
8
ENGRAVE
10
43.8570
20
64.0000
0
VERTEX
8
ENGRAVE
10
43.8570
20
64.2860
0
VERTEX
8
ENGRAVE
10
43.7140
20
64.4290
0
VERTEX
8
ENGRAVE
10
43.5710
20
64.5710
0
VERTEX
8
ENGRAVE
10
43.5710
20
64.8570
0
VERTEX
8
ENGRAVE
10
43.5710
20
65.1430
0
VERTEX
8
ENGRAVE
10
43.5710
20
65.4290
0
VERTEX
8
ENGRAVE
10
43.5710
20
65.7140
0
VERTEX
8
ENGRAVE
10
43.5710
20
66.0000
0
VERTEX
8
ENGRAVE
10
43.4290
20
66.1430
0
VERTEX
8
ENGRAVE
10
43.2860
20
66.2860
0
VERTEX
8
ENGRAVE
10
43.2860
20
66.5710
0
VERTEX
8
ENGRAVE
10
43.2860
20
66.8570
0
VERTEX
8
ENGRAVE
10
43.2860
20
67.1430
0
VERTEX
8
ENGRAVE
10
43.2860
20
67.4290
0
VERTEX
8
ENGRAVE
10
43.4290
20
67.5710
0
VERTEX
8
ENGRAVE
10
43.5710
20
67.7140
0
VERTEX
8
ENGRAVE
10
43.5710
20
68.0000
0
VERTEX
8
ENGRAVE
10
43.5710
20
68.2860
0
VERTEX
8
ENGRAVE
10
43.7140
20
68.4290
0
VERTEX
8
ENGRAVE
10
43.8570
20
68.5710
0
VERTEX
8
ENGRAVE
10
44.0000
20
68.7140
0
VERTEX
8
ENGRAVE
10
44.1430
20
68.5710
0
VERTEX
8
ENGRAVE
10
44.1430
20
68.2860
0
VERTEX
8
ENGRAVE
10
44.2860
20
68.1430
0
VERTEX
8
ENGRAVE
10
44.4290
20
68.0000
0
VERTEX
8
ENGRAVE
10
44.5710
20
67.8570
0
VERTEX
8
ENGRAVE
10
44.8570
20
67.8570
0
VERTEX
8
ENGRAVE
10
45.1430
20
67.8570
0
VERTEX
8
ENGRAVE
10
45.4290
20
67.8570
0
VERTEX
8
ENGRAVE
10
45.7140
20
67.8570
0
VERTEX
8
ENGRAVE
10
45.8570
20
68.0000
0
VERTEX
8
ENGRAVE
10
46.0000
20
68.1430
0
VERTEX
8
ENGRAVE
10
46.2860
20
68.1430
0
VERTEX
8
ENGRAVE
10
46.4290
20
68.2860
0
VERTEX
8
ENGRAVE
10
46.5710
20
68.4290
0
VERTEX
8
ENGRAVE
10
46.8570
20
68.4290
0
VERTEX
8
ENGRAVE
10
47.1430
20
68.4290
0
VERTEX
8
ENGRAVE
10
47.2860
20
68.5710
0
VERTEX
8
ENGRAVE
10
47.4290
20
68.7140
0
VERTEX
8
ENGRAVE
10
47.5710
20
68.8570
0
VERTEX
8
ENGRAVE
10
47.7140
20
69.0000
0
VERTEX
8
ENGRAVE
10
47.8570
20
69.1430
0
VERTEX
8
ENGRAVE
10
48.0000
20
69.2860
0
VERTEX
8
ENGRAVE
10
48.1430
20
69.4290
0
VERTEX
8
ENGRAVE
10
48.2860
20
69.5710
0
VERTEX
8
ENGRAVE
10
48.4290
20
69.7140
0
VERTEX
8
ENGRAVE
10
48.5710
20
69.8570
0
VERTEX
8
ENGRAVE
10
48.7140
20
70.0000
0
VERTEX
8
ENGRAVE
10
48.7140
20
70.2860
0
VERTEX
8
ENGRAVE
10
48.8570
20
70.4290
0
VERTEX
8
ENGRAVE
10
49.0000
20
70.5710
0
VERTEX
8
ENGRAVE
10
49.0000
20
70.8570
0
VERTEX
8
ENGRAVE
10
49.1430
20
71.0000
0
VERTEX
8
ENGRAVE
10
49.2860
20
71.1430
0
VERTEX
8
ENGRAVE
10
49.2860
20
71.4290
0
VERTEX
8
ENGRAVE
10
49.2860
20
71.7140
0
VERTEX
8
ENGRAVE
10
49.2860
20
72.0000
0
VERTEX
8
ENGRAVE
10
49.1430
20
72.1430
0
VERTEX
8
ENGRAVE
10
49.0000
20
72.2860
0
VERTEX
8
ENGRAVE
10
48.8570
20
72.4290
0
VERTEX
8
ENGRAVE
10
48.7140
20
72.5710
0
VERTEX
8
ENGRAVE
10
48.5710
20
72.7140
0
VERTEX
8
ENGRAVE
10
48.4290
20
72.8570
0
VERTEX
8
ENGRAVE
10
48.2860
20
73.0000
0
VERTEX
8
ENGRAVE
10
48.0000
20
73.0000
0
VERTEX
8
ENGRAVE
10
47.8570
20
73.1430
0
VERTEX
8
ENGRAVE
10
47.7140
20
73.2860
0
VERTEX
8
ENGRAVE
10
47.5710
20
73.4290
0
VERTEX
8
ENGRAVE
10
47.4290
20
73.5710
0
VERTEX
8
ENGRAVE
10
47.2860
20
73.7140
0
VERTEX
8
ENGRAVE
10
47.1430
20
73.8570
0
VERTEX
8
ENGRAVE
10
46.8570
20
73.8570
0
VERTEX
8
ENGRAVE
10
46.7140
20
74.0000
0
VERTEX
8
ENGRAVE
10
46.8570
20
74.1430
0
VERTEX
8
ENGRAVE
10
47.0000
20
74.2860
0
VERTEX
8
ENGRAVE
10
47.1430
20
74.4290
0
VERTEX
8
ENGRAVE
10
47.2860
20
74.5710
0
VERTEX
8
ENGRAVE
10
47.4290
20
74.7140
0
VERTEX
8
ENGRAVE
10
47.7140
20
74.7140
0
VERTEX
8
ENGRAVE
10
47.8570
20
74.5710
0
VERTEX
8
ENGRAVE
10
48.0000
20
74.4290
0
VERTEX
8
ENGRAVE
10
48.1430
20
74.2860
0
VERTEX
8
ENGRAVE
10
48.2860
20
74.1430
0
VERTEX
8
ENGRAVE
10
48.5710
20
74.1430
0
VERTEX
8
ENGRAVE
10
48.8570
20
74.1430
0
VERTEX
8
ENGRAVE
10
49.1430
20
74.1430
0
VERTEX
8
ENGRAVE
10
49.4290
20
74.1430
0
VERTEX
8
ENGRAVE
10
49.7140
20
74.1430
0
VERTEX
8
ENGRAVE
10
49.8570
20
74.2860
0
VERTEX
8
ENGRAVE
10
50.0000
20
74.4290
0
VERTEX
8
ENGRAVE
10
50.1430
20
74.5710
0
VERTEX
8
ENGRAVE
10
50.2860
20
74.7140
0
VERTEX
8
ENGRAVE
10
50.4290
20
74.8570
0
VERTEX
8
ENGRAVE
10
50.5710
20
75.0000
0
VERTEX
8
ENGRAVE
10
50.7140
20
75.1430
0
VERTEX
8
ENGRAVE
10
50.8570
20
75.2860
0
VERTEX
8
ENGRAVE
10
51.1430
20
75.2860
0
SEQEND
0
POLYLINE
8
ENGRAVE
66
1
70
1
0
VERTEX
8
ENGRAVE
10
59.8570
20
75.1430
0
VERTEX
8
ENGRAVE
10
60.0000
20
75.2860
0
VERTEX
8
ENGRAVE
10
60.1430
20
75.1430
0
VERTEX
8
ENGRAVE
10
60.0000
20
75.0000
0
SEQEND
0
POLYLINE
8
ENGRAVE
66
1
70
1
0
VERTEX
8
ENGRAVE
10
52.1430
20
74.5710
0
VERTEX
8
ENGRAVE
10
52.2860
20
74.7140
0
VERTEX
8
ENGRAVE
10
52.4290
20
74.5710
0
VERTEX
8
ENGRAVE
10
52.2860
20
74.4290
0
SEQEND
0
POLYLINE
8
ENGRAVE
66
1
70
1
0
VERTEX
8
ENGRAVE
10
52.7140
20
74.0000
0
VERTEX
8
ENGRAVE
10
52.8570
20
74.1430
0
VERTEX
8
ENGRAVE
10
53.0000
20
74.0000
0
VERTEX
8
ENGRAVE
10
52.8570
20
73.8570
0
SEQEND
0
POLYLINE
8
ENGRAVE
66
1
70
1
0
VERTEX
8
ENGRAVE
10
55.8570
20
74.0000
0
VERTEX
8
ENGRAVE
10
56.0000
20
74.1430
0
VERTEX
8
ENGRAVE
10
56.2860
20
74.1430
0
VERTEX
8
ENGRAVE
10
56.5710
20
74.1430
0
VERTEX
8
ENGRAVE
10
56.7140
20
74.0000
0
VERTEX
8
ENGRAVE
10
56.8570
20
73.8570
0
VERTEX
8
ENGRAVE
10
57.0000
20
73.7140
0
VERTEX
8
ENGRAVE
10
57.1430
20
73.5710
0
VERTEX
8
ENGRAVE
10
57.2860
20
73.4290
0
VERTEX
8
ENGRAVE
10
57.4290
20
73.2860
0
VERTEX
8
ENGRAVE
10
57.5710
20
73.1430
0
VERTEX
8
ENGRAVE
10
57.7140
20
73.0000
0
VERTEX
8
ENGRAVE
10
58.0000
20
73.0000
0
VERTEX
8
ENGRAVE
10
58.1430
20
73.1430
0
VERTEX
8
ENGRAVE
10
58.2860
20
73.2860
0
VERTEX
8
ENGRAVE
10
58.5710
20
73.2860
0
VERTEX
8
ENGRAVE
10
58.7140
20
73.1430
0
VERTEX
8
ENGRAVE
10
58.8570
20
73.0000
0
VERTEX
8
ENGRAVE
10
59.0000
20
72.8570
0
VERTEX
8
ENGRAVE
10
59.0000
20
72.5710
0
VERTEX
8
ENGRAVE
10
59.0000
20
72.2860
0
VERTEX
8
ENGRAVE
10
59.0000
20
72.0000
0
VERTEX
8
ENGRAVE
10
59.1430
20
71.8570
0
VERTEX
8
ENGRAVE
10
59.2860
20
71.7140
0
VERTEX
8
ENGRAVE
10
59.2860
20
71.4290
0
VERTEX
8
ENGRAVE
10
59.2860
20
71.1430
0
VERTEX
8
ENGRAVE
10
59.2860
20
70.8570
0
VERTEX
8
ENGRAVE
10
59.4290
20
70.7140
0
VERTEX
8
ENGRAVE
10
59.5710
20
70.5710
0
VERTEX
8
ENGRAVE
10
59.5710
20
70.2860
0
VERTEX
8
ENGRAVE
10
59.5710
20
70.0000
0
VERTEX
8
ENGRAVE
10
59.5710
20
69.7140
0
VERTEX
8
ENGRAVE
10
59.5710
20
69.4290
0
VERTEX
8
ENGRAVE
10
59.7140
20
69.2860
0
VERTEX
8
ENGRAVE
10
60.0000
20
69.2860
0
VERTEX
8
ENGRAVE
10
60.1430
20
69.1430
0
VERTEX
8
ENGRAVE
10
60.1430
20
68.8570
0
VERTEX
8
ENGRAVE
10
60.1430
20
68.5710
0
VERTEX
8
ENGRAVE
10
60.1430
20
68.2860
0
VERTEX
8
ENGRAVE
10
60.2860
20
68.1430
0
VERTEX
8
ENGRAVE
10
60.4290
20
68.0000
0
VERTEX
8
ENGRAVE
10
60.4290
20
67.7140
0
VERTEX
8
ENGRAVE
10
60.4290
20
67.4290
0
VERTEX
8
ENGRAVE
10
60.4290
20
67.1430
0
VERTEX
8
ENGRAVE
10
60.2860
20
67.0000
0
VERTEX
8
ENGRAVE
10
60.1430
20
67.1430
0
VERTEX
8
ENGRAVE
10
60.1430
20
67.4290
0
VERTEX
8
ENGRAVE
10
60.0000
20
67.5710
0
VERTEX
8
ENGRAVE
10
59.8570
20
67.7140
0
VERTEX
8
ENGRAVE
10
59.7140
20
67.8570
0
VERTEX
8
ENGRAVE
10
59.5710
20
68.0000
0
VERTEX
8
ENGRAVE
10
59.4290
20
68.1430
0
VERTEX
8
ENGRAVE
10
59.2860
20
68.2860
0
VERTEX
8
ENGRAVE
10
59.1430
20
68.4290
0
VERTEX
8
ENGRAVE
10
59.0000
20
68.5710
0
VERTEX
8
ENGRAVE
10
58.8570
20
68.7140
0
VERTEX
8
ENGRAVE
10
58.7140
20
68.8570
0
VERTEX
8
ENGRAVE
10
58.5710
20
69.0000
0
VERTEX
8
ENGRAVE
10
58.4290
20
69.1430
0
VERTEX
8
ENGRAVE
10
58.2860
20
69.2860
0
VERTEX
8
ENGRAVE
10
58.1430
20
69.4290
0
VERTEX
8
ENGRAVE
10
58.0000
20
69.5710
0
VERTEX
8
ENGRAVE
10
57.8570
20
69.7140
0
VERTEX
8
ENGRAVE
10
57.7140
20
69.8570
0
VERTEX
8
ENGRAVE
10
57.5710
20
70.0000
0
VERTEX
8
ENGRAVE
10
57.5710
20
70.2860
0
VERTEX
8
ENGRAVE
10
57.5710
20
70.5710
0
VERTEX
8
ENGRAVE
10
57.5710
20
70.8570
0
VERTEX
8
ENGRAVE
10
57.5710
20
71.1430
0
VERTEX
8
ENGRAVE
10
57.7140
20
71.2860
0
VERTEX
8
ENGRAVE
10
57.8570
20
71.4290
0
VERTEX
8
ENGRAVE
10
57.8570
20
71.7140
0
VERTEX
8
ENGRAVE
10
57.8570
20
72.0000
0
VERTEX
8
ENGRAVE
10
57.8570
20
72.2860
0
VERTEX
8
ENGRAVE
10
57.8570
20
72.5710
0
VERTEX
8
ENGRAVE
10
57.7140
20
72.7140
0
VERTEX
8
ENGRAVE
10
57.4290
20
72.7140
0
VERTEX
8
ENGRAVE
10
57.2860
20
72.5710
0
VERTEX
8
ENGRAVE
10
57.2860
20
72.2860
0
VERTEX
8
ENGRAVE
10
57.2860
20
72.0000
0
VERTEX
8
ENGRAVE
10
57.2860
20
71.7140
0
VERTEX
8
ENGRAVE
10
57.1430
20
71.5710
0
VERTEX
8
ENGRAVE
10
57.0000
20
71.4290
0
VERTEX
8
ENGRAVE
10
56.8570
20
71.2860
0
VERTEX
8
ENGRAVE
10
56.7140
20
71.4290
0
VERTEX
8
ENGRAVE
10
56.5710
20
71.5710
0
VERTEX
8
ENGRAVE
10
56.4290
20
71.7140
0
VERTEX
8
ENGRAVE
10
56.2860
20
71.8570
0
VERTEX
8
ENGRAVE
10
56.1430
20
72.0000
0
VERTEX
8
ENGRAVE
10
56.1430
20
72.2860
0
VERTEX
8
ENGRAVE
10
56.1430
20
72.5710
0
VERTEX
8
ENGRAVE
10
56.1430
20
72.8570
0
VERTEX
8
ENGRAVE
10
56.1430
20
73.1430
0
VERTEX
8
ENGRAVE
10
56.1430
20
73.4290
0
VERTEX
8
ENGRAVE
10
56.1430
20
73.7140
0
VERTEX
8
ENGRAVE
10
56.0000
20
73.8570
0
SEQEND
0
POLYLINE
8
ENGRAVE
66
1
70
1
0
VERTEX
8
ENGRAVE
10
45.8570
20
73.1430
0
VERTEX
8
ENGRAVE
10
46.0000
20
73.2860
0
VERTEX
8
ENGRAVE
10
46.1430
20
73.1430
0
VERTEX
8
ENGRAVE
10
46.0000
20
73.0000
0
SEQEND
0
POLYLINE
8
ENGRAVE
66
1
70
1
0
VERTEX
8
ENGRAVE
10
46.4290
20
72.8570
0
VERTEX
8
ENGRAVE
10
46.5710
20
73.0000
0
VERTEX
8
ENGRAVE
10
46.8570
20
73.0000
0
VERTEX
8
ENGRAVE
10
47.0000
20
72.8570
0
VERTEX
8
ENGRAVE
10
47.1430
20
72.7140
0
VERTEX
8
ENGRAVE
10
47.2860
20
72.5710
0
VERTEX
8
ENGRAVE
10
47.4290
20
72.4290
0
VERTEX
8
ENGRAVE
10
47.7140
20
72.4290
0
VERTEX
8
ENGRAVE
10
47.8570
20
72.2860
0
VERTEX
8
ENGRAVE
10
48.0000
20
72.1430
0
VERTEX
8
ENGRAVE
10
48.1430
20
72.0000
0
VERTEX
8
ENGRAVE
10
48.2860
20
71.8570
0
VERTEX
8
ENGRAVE
10
48.4290
20
71.7140
0
VERTEX
8
ENGRAVE
10
48.4290
20
71.4290
0
VERTEX
8
ENGRAVE
10
48.4290
20
71.1430
0
VERTEX
8
ENGRAVE
10
48.2860
20
71.0000
0
VERTEX
8
ENGRAVE
10
48.1430
20
70.8570
0
VERTEX
8
ENGRAVE
10
48.0000
20
70.7140
0
VERTEX
8
ENGRAVE
10
47.8570
20
70.8570
0
VERTEX
8
ENGRAVE
10
47.8570
20
71.1430
0
VERTEX
8
ENGRAVE
10
47.8570
20
71.4290
0
VERTEX
8
ENGRAVE
10
47.8570
20
71.7140
0
VERTEX
8
ENGRAVE
10
47.7140
20
71.8570
0
VERTEX
8
ENGRAVE
10
47.5710
20
71.7140
0
VERTEX
8
ENGRAVE
10
47.4290
20
71.5710
0
VERTEX
8
ENGRAVE
10
47.2860
20
71.4290
0
VERTEX
8
ENGRAVE
10
47.2860
20
71.1430
0
VERTEX
8
ENGRAVE
10
47.1430
20
71.0000
0
VERTEX
8
ENGRAVE
10
47.0000
20
70.8570
0
VERTEX
8
ENGRAVE
10
47.1430
20
70.7140
0
VERTEX
8
ENGRAVE
10
47.2860
20
70.5710
0
VERTEX
8
ENGRAVE
10
47.4290
20
70.4290
0
VERTEX
8
ENGRAVE
10
47.7140
20
70.4290
0
VERTEX
8
ENGRAVE
10
47.8570
20
70.2860
0
VERTEX
8
ENGRAVE
10
47.7140
20
70.1430
0
VERTEX
8
ENGRAVE
10
47.5710
20
70.0000
0
VERTEX
8
ENGRAVE
10
47.4290
20
69.8570
0
VERTEX
8
ENGRAVE
10
47.2860
20
69.7140
0
VERTEX
8
ENGRAVE
10
47.1430
20
69.5710
0
VERTEX
8
ENGRAVE
10
47.0000
20
69.4290
0
VERTEX
8
ENGRAVE
10
46.8570
20
69.2860
0
VERTEX
8
ENGRAVE
10
46.7140
20
69.1430
0
VERTEX
8
ENGRAVE
10
46.5710
20
69.0000
0
VERTEX
8
ENGRAVE
10
46.2860
20
69.0000
0
VERTEX
8
ENGRAVE
10
46.0000
20
69.0000
0
VERTEX
8
ENGRAVE
10
45.8570
20
68.8570
0
VERTEX
8
ENGRAVE
10
45.7140
20
68.7140
0
VERTEX
8
ENGRAVE
10
45.4290
20
68.7140
0
VERTEX
8
ENGRAVE
10
45.1430
20
68.7140
0
VERTEX
8
ENGRAVE
10
44.8570
20
68.7140
0
VERTEX
8
ENGRAVE
10
44.7140
20
68.8570
0
VERTEX
8
ENGRAVE
10
44.7140
20
69.1430
0
VERTEX
8
ENGRAVE
10
44.7140
20
69.4290
0
VERTEX
8
ENGRAVE
10
44.8570
20
69.5710
0
VERTEX
8
ENGRAVE
10
45.0000
20
69.4290
0
VERTEX
8
ENGRAVE
10
45.0000
20
69.1430
0
VERTEX
8
ENGRAVE
10
45.1430
20
69.0000
0
VERTEX
8
ENGRAVE
10
45.4290
20
69.0000
0
VERTEX
8
ENGRAVE
10
45.5710
20
69.1430
0
VERTEX
8
ENGRAVE
10
45.7140
20
69.2860
0
VERTEX
8
ENGRAVE
10
46.0000
20
69.2860
0
VERTEX
8
ENGRAVE
10
46.1430
20
69.4290
0
VERTEX
8
ENGRAVE
10
46.0000
20
69.5710
0
VERTEX
8
ENGRAVE
10
45.8570
20
69.7140
0
VERTEX
8
ENGRAVE
10
45.7140
20
69.8570
0
VERTEX
8
ENGRAVE
10
45.4290
20
69.8570
0
VERTEX
8
ENGRAVE
10
45.2860
20
70.0000
0
VERTEX
8
ENGRAVE
10
45.2860
20
70.2860
0
VERTEX
8
ENGRAVE
10
45.2860
20
70.5710
0
VERTEX
8
ENGRAVE
10
45.2860
20
70.8570
0
VERTEX
8
ENGRAVE
10
45.2860
20
71.1430
0
VERTEX
8
ENGRAVE
10
45.4290
20
71.2860
0
VERTEX
8
ENGRAVE
10
45.5710
20
71.4290
0
VERTEX
8
ENGRAVE
10
45.5710
20
71.7140
0
VERTEX
8
ENGRAVE
10
45.7140
20
71.8570
0
VERTEX
8
ENGRAVE
10
45.8570
20
72.0000
0
VERTEX
8
ENGRAVE
10
46.0000
20
72.1430
0
VERTEX
8
ENGRAVE
10
46.2860
20
72.1430
0
VERTEX
8
ENGRAVE
10
46.5710
20
72.1430
0
VERTEX
8
ENGRAVE
10
46.7140
20
72.2860
0
VERTEX
8
ENGRAVE
10
46.7140
20
72.5710
0
VERTEX
8
ENGRAVE
10
46.5710
20
72.7140
0
SEQEND
0
POLYLINE
8
ENGRAVE
66
1
70
1
0
VERTEX
8
ENGRAVE
10
61.8570
20
72.8570
0
VERTEX
8
ENGRAVE
10
62.0000
20
73.0000
0
VERTEX
8
ENGRAVE
10
62.2860
20
73.0000
0
VERTEX
8
ENGRAVE
10
62.5710
20
73.0000
0
VERTEX
8
ENGRAVE
10
62.8570
20
73.0000
0
VERTEX
8
ENGRAVE
10
63.1430
20
73.0000
0
VERTEX
8
ENGRAVE
10
63.4290
20
73.0000
0
VERTEX
8
ENGRAVE
10
63.7140
20
73.0000
0
VERTEX
8
ENGRAVE
10
64.0000
20
73.0000
0
VERTEX
8
ENGRAVE
10
64.2860
20
73.0000
0
VERTEX
8
ENGRAVE
10
64.5710
20
73.0000
0
VERTEX
8
ENGRAVE
10
64.7140
20
72.8570
0
VERTEX
8
ENGRAVE
10
64.7140
20
72.5710
0
VERTEX
8
ENGRAVE
10
64.7140
20
72.2860
0
VERTEX
8
ENGRAVE
10
64.5710
20
72.1430
0
VERTEX
8
ENGRAVE
10
64.2860
20
72.1430
0
VERTEX
8
ENGRAVE
10
64.0000
20
72.1430
0
VERTEX
8
ENGRAVE
10
63.7140
20
72.1430
0
VERTEX
8
ENGRAVE
10
63.4290
20
72.1430
0
VERTEX
8
ENGRAVE
10
63.2860
20
72.0000
0
VERTEX
8
ENGRAVE
10
63.1430
20
71.8570
0
VERTEX
8
ENGRAVE
10
62.8570
20
71.8570
0
VERTEX
8
ENGRAVE
10
62.5710
20
71.8570
0
VERTEX
8
ENGRAVE
10
62.2860
20
71.8570
0
VERTEX
8
ENGRAVE
10
62.0000
20
71.8570
0
VERTEX
8
ENGRAVE
10
61.8570
20
72.0000
0
VERTEX
8
ENGRAVE
10
61.8570
20
72.2860
0
VERTEX
8
ENGRAVE
10
61.8570
20
72.5710
0
SEQEND
0
POLYLINE
8
ENGRAVE
66
1
70
1
0
VERTEX
8
ENGRAVE
10
61.2860
20
71.7140
0
VERTEX
8
ENGRAVE
10
61.4290
20
71.8570
0
VERTEX
8
ENGRAVE
10
61.7140
20
71.8570
0
VERTEX
8
ENGRAVE
10
61.8570
20
71.7140
0
VERTEX
8
ENGRAVE
10
61.7140
20
71.5710
0
VERTEX
8
ENGRAVE
10
61.4290
20
71.5710
0
SEQEND
0
POLYLINE
8
ENGRAVE
66
1
70
1
0
VERTEX
8
ENGRAVE
10
63.8570
20
71.7140
0
VERTEX
8
ENGRAVE
10
64.0000
20
71.8570
0
VERTEX
8
ENGRAVE
10
64.2860
20
71.8570
0
VERTEX
8
ENGRAVE
10
64.4290
20
71.7140
0
VERTEX
8
ENGRAVE
10
64.5710
20
71.5710
0
VERTEX
8
ENGRAVE
10
64.7140
20
71.4290
0
VERTEX
8
ENGRAVE
10
64.7140
20
71.1430
0
VERTEX
8
ENGRAVE
10
64.7140
20
70.8570
0
VERTEX
8
ENGRAVE
10
64.5710
20
70.7140
0
VERTEX
8
ENGRAVE
10
64.4290
20
70.5710
0
VERTEX
8
ENGRAVE
10
64.4290
20
70.2860
0
VERTEX
8
ENGRAVE
10
64.2860
20
70.1430
0
VERTEX
8
ENGRAVE
10
64.1430
20
70.2860
0
VERTEX
8
ENGRAVE
10
64.1430
20
70.5710
0
VERTEX
8
ENGRAVE
10
64.1430
20
70.8570
0
VERTEX
8
ENGRAVE
10
64.1430
20
71.1430
0
VERTEX
8
ENGRAVE
10
64.0000
20
71.2860
0
VERTEX
8
ENGRAVE
10
63.8570
20
71.4290
0
SEQEND
0
POLYLINE
8
ENGRAVE
66
1
70
1
0
VERTEX
8
ENGRAVE
10
61.8570
20
71.1430
0
VERTEX
8
ENGRAVE
10
62.0000
20
71.2860
0
VERTEX
8
ENGRAVE
10
62.2860
20
71.2860
0
VERTEX
8
ENGRAVE
10
62.4290
20
71.1430
0
VERTEX
8
ENGRAVE
10
62.2860
20
71.0000
0
VERTEX
8
ENGRAVE
10
62.1430
20
70.8570
0
VERTEX
8
ENGRAVE
10
62.1430
20
70.5710
0
VERTEX
8
ENGRAVE
10
62.1430
20
70.2860
0
VERTEX
8
ENGRAVE
10
62.0000
20
70.1430
0
VERTEX
8
ENGRAVE
10
61.8570
20
70.2860
0
VERTEX
8
ENGRAVE
10
61.8570
20
70.5710
0
VERTEX
8
ENGRAVE
10
61.8570
20
70.8570
0
SEQEND
0
POLYLINE
8
ENGRAVE
66
1
70
1
0
VERTEX
8
ENGRAVE
10
63.0000
20
71.1430
0
VERTEX
8
ENGRAVE
10
63.1430
20
71.2860
0
VERTEX
8
ENGRAVE
10
63.2860
20
71.1430
0
VERTEX
8
ENGRAVE
10
63.1430
20
71.0000
0
SEQEND
0
POLYLINE
8
ENGRAVE
66
1
70
1
0
VERTEX
8
ENGRAVE
10
63.2860
20
70.2860
0
VERTEX
8
ENGRAVE
10
63.4290
20
70.4290
0
VERTEX
8
ENGRAVE
10
63.7140
20
70.4290
0
VERTEX
8
ENGRAVE
10
63.8570
20
70.2860
0
VERTEX
8
ENGRAVE
10
63.7140
20
70.1430
0
VERTEX
8
ENGRAVE
10
63.5710
20
70.0000
0
VERTEX
8
ENGRAVE
10
63.4290
20
69.8570
0
VERTEX
8
ENGRAVE
10
63.2860
20
70.0000
0
SEQEND
0
POLYLINE
8
ENGRAVE
66
1
70
1
0
VERTEX
8
ENGRAVE
10
43.8570
20
70.0000
0
VERTEX
8
ENGRAVE
10
44.0000
20
70.1430
0
VERTEX
8
ENGRAVE
10
44.1430
20
70.0000
0
VERTEX
8
ENGRAVE
10
44.0000
20
69.8570
0
SEQEND
0
POLYLINE
8
ENGRAVE
66
1
70
1
0
VERTEX
8
ENGRAVE
10
60.1430
20
70.0000
0
VERTEX
8
ENGRAVE
10
60.2860
20
70.1430
0
VERTEX
8
ENGRAVE
10
60.4290
20
70.0000
0
VERTEX
8
ENGRAVE
10
60.4290
20
69.7140
0
VERTEX
8
ENGRAVE
10
60.2860
20
69.5710
0
VERTEX
8
ENGRAVE
10
60.1430
20
69.7140
0
SEQEND
0
POLYLINE
8
ENGRAVE
66
1
70
1
0
VERTEX
8
ENGRAVE
10
66.1430
20
70.0000
0
VERTEX
8
ENGRAVE
10
66.2860
20
70.1430
0
VERTEX
8
ENGRAVE
10
66.4290
20
70.0000
0
VERTEX
8
ENGRAVE
10
66.4290
20
69.7140
0
VERTEX
8
ENGRAVE
10
66.2860
20
69.5710
0
VERTEX
8
ENGRAVE
10
66.1430
20
69.7140
0
SEQEND
0
POLYLINE
8
ENGRAVE
66
1
70
1
0
VERTEX
8
ENGRAVE
10
62.7140
20
69.7140
0
VERTEX
8
ENGRAVE
10
62.8570
20
69.8570
0
VERTEX
8
ENGRAVE
10
63.1430
20
69.8570
0
VERTEX
8
ENGRAVE
10
63.2860
20
69.7140
0
VERTEX
8
ENGRAVE
10
63.1430
20
69.5710
0
VERTEX
8
ENGRAVE
10
62.8570
20
69.5710
0
SEQEND
0
POLYLINE
8
ENGRAVE
66
1
70
1
0
VERTEX
8
ENGRAVE
10
63.8570
20
69.4290
0
VERTEX
8
ENGRAVE
10
64.0000
20
69.5710
0
VERTEX
8
ENGRAVE
10
64.1430
20
69.4290
0
VERTEX
8
ENGRAVE
10
64.0000
20
69.2860
0
SEQEND
0
POLYLINE
8
ENGRAVE
66
1
70
1
0
VERTEX
8
ENGRAVE
10
62.7140
20
69.1430
0
VERTEX
8
ENGRAVE
10
62.8570
20
69.2860
0
VERTEX
8
ENGRAVE
10
63.1430
20
69.2860
0
VERTEX
8
ENGRAVE
10
63.4290
20
69.2860
0
VERTEX
8
ENGRAVE
10
63.7140
20
69.2860
0
VERTEX
8
ENGRAVE
10
63.8570
20
69.1430
0
VERTEX
8
ENGRAVE
10
63.8570
20
68.8570
0
VERTEX
8
ENGRAVE
10
63.7140
20
68.7140
0
VERTEX
8
ENGRAVE
10
63.4290
20
68.7140
0
VERTEX
8
ENGRAVE
10
63.1430
20
68.7140
0
VERTEX
8
ENGRAVE
10
63.0000
20
68.8570
0
VERTEX
8
ENGRAVE
10
62.8570
20
69.0000
0
SEQEND
0
POLYLINE
8
ENGRAVE
66
1
70
1
0
VERTEX
8
ENGRAVE
10
56.7140
20
67.7140
0
VERTEX
8
ENGRAVE
10
56.8570
20
67.8570
0
VERTEX
8
ENGRAVE
10
57.1430
20
67.8570
0
VERTEX
8
ENGRAVE
10
57.2860
20
67.7140
0
VERTEX
8
ENGRAVE
10
57.2860
20
67.4290
0
VERTEX
8
ENGRAVE
10
57.4290
20
67.2860
0
VERTEX
8
ENGRAVE
10
57.5710
20
67.1430
0
VERTEX
8
ENGRAVE
10
57.7140
20
67.0000
0
VERTEX
8
ENGRAVE
10
57.8570
20
66.8570
0
VERTEX
8
ENGRAVE
10
58.0000
20
66.7140
0
VERTEX
8
ENGRAVE
10
58.1430
20
66.5710
0
VERTEX
8
ENGRAVE
10
58.2860
20
66.4290
0
VERTEX
8
ENGRAVE
10
58.4290
20
66.2860
0
VERTEX
8
ENGRAVE
10
58.5710
20
66.1430
0
VERTEX
8
ENGRAVE
10
58.7140
20
66.0000
0
VERTEX
8
ENGRAVE
10
58.8570
20
65.8570
0
VERTEX
8
ENGRAVE
10
59.0000
20
65.7140
0
VERTEX
8
ENGRAVE
10
59.0000
20
65.4290
0
VERTEX
8
ENGRAVE
10
59.1430
20
65.2860
0
VERTEX
8
ENGRAVE
10
59.2860
20
65.1430
0
VERTEX
8
ENGRAVE
10
59.4290
20
65.0000
0
VERTEX
8
ENGRAVE
10
59.5710
20
64.8570
0
VERTEX
8
ENGRAVE
10
59.7140
20
64.7140
0
VERTEX
8
ENGRAVE
10
59.8570
20
64.5710
0
VERTEX
8
ENGRAVE
10
60.0000
20
64.4290
0
VERTEX
8
ENGRAVE
10
60.1430
20
64.2860
0
VERTEX
8
ENGRAVE
10
60.1430
20
64.0000
0
VERTEX
8
ENGRAVE
10
60.1430
20
63.7140
0
VERTEX
8
ENGRAVE
10
60.0000
20
63.5710
0
VERTEX
8
ENGRAVE
10
59.7140
20
63.5710
0
VERTEX
8
ENGRAVE
10
59.5710
20
63.4290
0
VERTEX
8
ENGRAVE
10
59.4290
20
63.2860
0
VERTEX
8
ENGRAVE
10
59.2860
20
63.1430
0
VERTEX
8
ENGRAVE
10
59.1430
20
63.0000
0
VERTEX
8
ENGRAVE
10
59.0000
20
62.8570
0
VERTEX
8
ENGRAVE
10
58.8570
20
62.7140
0
VERTEX
8
ENGRAVE
10
58.7140
20
62.8570
0
VERTEX
8
ENGRAVE
10
58.5710
20
63.0000
0
VERTEX
8
ENGRAVE
10
58.2860
20
63.0000
0
VERTEX
8
ENGRAVE
10
58.1430
20
63.1430
0
VERTEX
8
ENGRAVE
10
58.0000
20
63.2860
0
VERTEX
8
ENGRAVE
10
57.8570
20
63.4290
0
VERTEX
8
ENGRAVE
10
57.7140
20
63.5710
0
VERTEX
8
ENGRAVE
10
57.5710
20
63.7140
0
VERTEX
8
ENGRAVE
10
57.4290
20
63.8570
0
VERTEX
8
ENGRAVE
10
57.2860
20
64.0000
0
VERTEX
8
ENGRAVE
10
57.1430
20
64.1430
0
VERTEX
8
ENGRAVE
10
57.0000
20
64.2860
0
VERTEX
8
ENGRAVE
10
56.8570
20
64.4290
0
VERTEX
8
ENGRAVE
10
56.5710
20
64.4290
0
VERTEX
8
ENGRAVE
10
56.4290
20
64.5710
0
VERTEX
8
ENGRAVE
10
56.4290
20
64.8570
0
VERTEX
8
ENGRAVE
10
56.2860
20
65.0000
0
VERTEX
8
ENGRAVE
10
56.1430
20
65.1430
0
VERTEX
8
ENGRAVE
10
56.1430
20
65.4290
0
VERTEX
8
ENGRAVE
10
56.1430
20
65.7140
0
VERTEX
8
ENGRAVE
10
56.1430
20
66.0000
0
VERTEX
8
ENGRAVE
10
56.2860
20
66.1430
0
VERTEX
8
ENGRAVE
10
56.4290
20
66.2860
0
VERTEX
8
ENGRAVE
10
56.4290
20
66.5710
0
VERTEX
8
ENGRAVE
10
56.5710
20
66.7140
0
VERTEX
8
ENGRAVE
10
56.7140
20
66.8570
0
VERTEX
8
ENGRAVE
10
56.7140
20
67.1430
0
VERTEX
8
ENGRAVE
10
56.7140
20
67.4290
0
SEQEND
0
POLYLINE
8
ENGRAVE
66
1
70
1
0
VERTEX
8
ENGRAVE
10
48.1430
20
66.8570
0
VERTEX
8
ENGRAVE
10
48.2860
20
67.0000
0
VERTEX
8
ENGRAVE
10
48.5710
20
67.0000
0
VERTEX
8
ENGRAVE
10
48.8570
20
67.0000
0
VERTEX
8
ENGRAVE
10
49.1430
20
67.0000
0
VERTEX
8
ENGRAVE
10
49.2860
20
66.8570
0
VERTEX
8
ENGRAVE
10
49.1430
20
66.7140
0
VERTEX
8
ENGRAVE
10
48.8570
20
66.7140
0
VERTEX
8
ENGRAVE
10
48.5710
20
66.7140
0
VERTEX
8
ENGRAVE
10
48.2860
20
66.7140
0
SEQEND
0
POLYLINE
8
ENGRAVE
66
1
70
1
0
VERTEX
8
ENGRAVE
10
66.4290
20
66.8570
0
VERTEX
8
ENGRAVE
10
66.5710
20
67.0000
0
VERTEX
8
ENGRAVE
10
66.7140
20
66.8570
0
VERTEX
8
ENGRAVE
10
66.5710
20
66.7140
0
SEQEND
0
POLYLINE
8
ENGRAVE
66
1
70
1
0
VERTEX
8
ENGRAVE
10
66.1430
20
65.1430
0
VERTEX
8
ENGRAVE
10
66.2860
20
65.2860
0
VERTEX
8
ENGRAVE
10
66.4290
20
65.1430
0
VERTEX
8
ENGRAVE
10
66.4290
20
64.8570
0
VERTEX
8
ENGRAVE
10
66.4290
20
64.5710
0
VERTEX
8
ENGRAVE
10
66.2860
20
64.4290
0
VERTEX
8
ENGRAVE
10
66.1430
20
64.5710
0
VERTEX
8
ENGRAVE
10
66.1430
20
64.8570
0
SEQEND
0
POLYLINE
8
ENGRAVE
66
1
70
1
0
VERTEX
8
ENGRAVE
10
49.8570
20
64.0000
0
VERTEX
8
ENGRAVE
10
50.0000
20
64.1430
0
VERTEX
8
ENGRAVE
10
50.2860
20
64.1430
0
VERTEX
8
ENGRAVE
10
50.4290
20
64.0000
0
VERTEX
8
ENGRAVE
10
50.2860
20
63.8570
0
VERTEX
8
ENGRAVE
10
50.1430
20
63.7140
0
VERTEX
8
ENGRAVE
10
50.0000
20
63.5710
0
VERTEX
8
ENGRAVE
10
49.7140
20
63.5710
0
VERTEX
8
ENGRAVE
10
49.5710
20
63.7140
0
VERTEX
8
ENGRAVE
10
49.7140
20
63.8570
0
SEQEND
0
POLYLINE
8
ENGRAVE
66
1
70
1
0
VERTEX
8
ENGRAVE
10
49.2860
20
63.4290
0
VERTEX
8
ENGRAVE
10
49.4290
20
63.5710
0
VERTEX
8
ENGRAVE
10
49.5710
20
63.4290
0
VERTEX
8
ENGRAVE
10
49.4290
20
63.2860
0
SEQEND
0
POLYLINE
8
ENGRAVE
66
1
70
1
0
VERTEX
8
ENGRAVE
10
51.8570
20
63.4290
0
VERTEX
8
ENGRAVE
10
52.0000
20
63.5710
0
VERTEX
8
ENGRAVE
10
52.1430
20
63.4290
0
VERTEX
8
ENGRAVE
10
52.2860
20
63.2860
0
VERTEX
8
ENGRAVE
10
52.5710
20
63.2860
0
VERTEX
8
ENGRAVE
10
52.8570
20
63.2860
0
VERTEX
8
ENGRAVE
10
53.0000
20
63.1430
0
VERTEX
8
ENGRAVE
10
53.0000
20
62.8570
0
VERTEX
8
ENGRAVE
10
52.8570
20
62.7140
0
VERTEX
8
ENGRAVE
10
52.7140
20
62.5710
0
VERTEX
8
ENGRAVE
10
52.7140
20
62.2860
0
VERTEX
8
ENGRAVE
10
52.7140
20
62.0000
0
VERTEX
8
ENGRAVE
10
52.8570
20
61.8570
0
VERTEX
8
ENGRAVE
10
53.0000
20
61.7140
0
VERTEX
8
ENGRAVE
10
53.0000
20
61.4290
0
VERTEX
8
ENGRAVE
10
53.1430
20
61.2860
0
VERTEX
8
ENGRAVE
10
53.2860
20
61.1430
0
VERTEX
8
ENGRAVE
10
53.2860
20
60.8570
0
VERTEX
8
ENGRAVE
10
53.4290
20
60.7140
0
VERTEX
8
ENGRAVE
10
53.5710
20
60.5710
0
VERTEX
8
ENGRAVE
10
53.7140
20
60.4290
0
VERTEX
8
ENGRAVE
10
53.8570
20
60.2860
0
VERTEX
8
ENGRAVE
10
54.0000
20
60.1430
0
VERTEX
8
ENGRAVE
10
54.1430
20
60.0000
0
VERTEX
8
ENGRAVE
10
54.1430
20
59.7140
0
VERTEX
8
ENGRAVE
10
54.0000
20
59.5710
0
VERTEX
8
ENGRAVE
10
53.7140
20
59.5710
0
VERTEX
8
ENGRAVE
10
53.5710
20
59.4290
0
VERTEX
8
ENGRAVE
10
53.5710
20
59.1430
0
VERTEX
8
ENGRAVE
10
53.5710
20
58.8570
0
VERTEX
8
ENGRAVE
10
53.5710
20
58.5710
0
VERTEX
8
ENGRAVE
10
53.5710
20
58.2860
0
VERTEX
8
ENGRAVE
10
53.4290
20
58.1430
0
VERTEX
8
ENGRAVE
10
53.2860
20
58.2860
0
VERTEX
8
ENGRAVE
10
53.2860
20
58.5710
0
VERTEX
8
ENGRAVE
10
53.1430
20
58.7140
0
VERTEX
8
ENGRAVE
10
53.0000
20
58.8570
0
VERTEX
8
ENGRAVE
10
52.8570
20
59.0000
0
VERTEX
8
ENGRAVE
10
52.5710
20
59.0000
0
VERTEX
8
ENGRAVE
10
52.4290
20
58.8570
0
VERTEX
8
ENGRAVE
10
52.4290
20
58.5710
0
VERTEX
8
ENGRAVE
10
52.4290
20
58.2860
0
VERTEX
8
ENGRAVE
10
52.4290
20
58.0000
0
VERTEX
8
ENGRAVE
10
52.4290
20
57.7140
0
VERTEX
8
ENGRAVE
10
52.2860
20
57.5710
0
VERTEX
8
ENGRAVE
10
52.0000
20
57.5710
0
VERTEX
8
ENGRAVE
10
51.7140
20
57.5710
0
VERTEX
8
ENGRAVE
10
51.5710
20
57.7140
0
VERTEX
8
ENGRAVE
10
51.4290
20
57.8570
0
VERTEX
8
ENGRAVE
10
51.2860
20
58.0000
0
VERTEX
8
ENGRAVE
10
51.1430
20
58.1430
0
VERTEX
8
ENGRAVE
10
51.0000
20
58.2860
0
VERTEX
8
ENGRAVE
10
50.8570
20
58.4290
0
VERTEX
8
ENGRAVE
10
50.7140
20
58.5710
0
VERTEX
8
ENGRAVE
10
50.5710
20
58.7140
0
VERTEX
8
ENGRAVE
10
50.4290
20
58.8570
0
VERTEX
8
ENGRAVE
10
50.2860
20
59.0000
0
VERTEX
8
ENGRAVE
10
50.1430
20
59.1430
0
VERTEX
8
ENGRAVE
10
50.1430
20
59.4290
0
VERTEX
8
ENGRAVE
10
50.1430
20
59.7140
0
VERTEX
8
ENGRAVE
10
50.0000
20
59.8570
0
VERTEX
8
ENGRAVE
10
49.8570
20
60.0000
0
VERTEX
8
ENGRAVE
10
49.8570
20
60.2860
0
VERTEX
8
ENGRAVE
10
49.7140
20
60.4290
0
VERTEX
8
ENGRAVE
10
49.5710
20
60.5710
0
VERTEX
8
ENGRAVE
10
49.5710
20
60.8570
0
VERTEX
8
ENGRAVE
10
49.5710
20
61.1430
0
VERTEX
8
ENGRAVE
10
49.5710
20
61.4290
0
VERTEX
8
ENGRAVE
10
49.5710
20
61.7140
0
VERTEX
8
ENGRAVE
10
49.7140
20
61.8570
0
VERTEX
8
ENGRAVE
10
49.8570
20
62.0000
0
VERTEX
8
ENGRAVE
10
50.0000
20
62.1430
0
VERTEX
8
ENGRAVE
10
50.1430
20
62.2860
0
VERTEX
8
ENGRAVE
10
50.1430
20
62.5710
0
VERTEX
8
ENGRAVE
10
50.2860
20
62.7140
0
VERTEX
8
ENGRAVE
10
50.4290
20
62.8570
0
VERTEX
8
ENGRAVE
10
50.5710
20
63.0000
0
VERTEX
8
ENGRAVE
10
50.7140
20
63.1430
0
VERTEX
8
ENGRAVE
10
50.8570
20
63.2860
0
VERTEX
8
ENGRAVE
10
51.1430
20
63.2860
0
VERTEX
8
ENGRAVE
10
51.4290
20
63.2860
0
VERTEX
8
ENGRAVE
10
51.7140
20
63.2860
0
SEQEND
0
POLYLINE
8
ENGRAVE
66
1
70
1
0
VERTEX
8
ENGRAVE
10
49.0000
20
63.1430
0
VERTEX
8
ENGRAVE
10
49.1430
20
63.2860
0
VERTEX
8
ENGRAVE
10
49.2860
20
63.1430
0
VERTEX
8
ENGRAVE
10
49.2860
20
62.8570
0
VERTEX
8
ENGRAVE
10
49.1430
20
62.7140
0
VERTEX
8
ENGRAVE
10
49.0000
20
62.8570
0
SEQEND
0
POLYLINE
8
ENGRAVE
66
1
70
1
0
VERTEX
8
ENGRAVE
10
53.8570
20
62.8570
0
VERTEX
8
ENGRAVE
10
54.0000
20
63.0000
0
VERTEX
8
ENGRAVE
10
54.1430
20
62.8570
0
VERTEX
8
ENGRAVE
10
54.2860
20
62.7140
0
VERTEX
8
ENGRAVE
10
54.5710
20
62.7140
0
VERTEX
8
ENGRAVE
10
54.7140
20
62.5710
0
VERTEX
8
ENGRAVE
10
54.8570
20
62.4290
0
VERTEX
8
ENGRAVE
10
55.1430
20
62.4290
0
VERTEX
8
ENGRAVE
10
55.2860
20
62.2860
0
VERTEX
8
ENGRAVE
10
55.2860
20
62.0000
0
VERTEX
8
ENGRAVE
10
55.2860
20
61.7140
0
VERTEX
8
ENGRAVE
10
55.2860
20
61.4290
0
VERTEX
8
ENGRAVE
10
55.2860
20
61.1430
0
VERTEX
8
ENGRAVE
10
55.2860
20
60.8570
0
VERTEX
8
ENGRAVE
10
55.2860
20
60.5710
0
VERTEX
8
ENGRAVE
10
55.2860
20
60.2860
0
VERTEX
8
ENGRAVE
10
55.2860
20
60.0000
0
VERTEX
8
ENGRAVE
10
55.2860
20
59.7140
0
VERTEX
8
ENGRAVE
10
55.1430
20
59.5710
0
VERTEX
8
ENGRAVE
10
55.0000
20
59.7140
0
VERTEX
8
ENGRAVE
10
54.8570
20
59.8570
0
VERTEX
8
ENGRAVE
10
54.7140
20
60.0000
0
VERTEX
8
ENGRAVE
10
54.5710
20
60.1430
0
VERTEX
8
ENGRAVE
10
54.4290
20
60.2860
0
VERTEX
8
ENGRAVE
10
54.4290
20
60.5710
0
VERTEX
8
ENGRAVE
10
54.2860
20
60.7140
0
VERTEX
8
ENGRAVE
10
54.1430
20
60.8570
0
VERTEX
8
ENGRAVE
10
54.0000
20
61.0000
0
VERTEX
8
ENGRAVE
10
53.8570
20
61.1430
0
VERTEX
8
ENGRAVE
10
53.7140
20
61.2860
0
VERTEX
8
ENGRAVE
10
53.5710
20
61.4290
0
VERTEX
8
ENGRAVE
10
53.5710
20
61.7140
0
VERTEX
8
ENGRAVE
10
53.5710
20
62.0000
0
VERTEX
8
ENGRAVE
10
53.4290
20
62.1430
0
VERTEX
8
ENGRAVE
10
53.2860
20
62.2860
0
VERTEX
8
ENGRAVE
10
53.2860
20
62.5710
0
VERTEX
8
ENGRAVE
10
53.4290
20
62.7140
0
VERTEX
8
ENGRAVE
10
53.7140
20
62.7140
0
SEQEND
0
POLYLINE
8
ENGRAVE
66
1
70
1
0
VERTEX
8
ENGRAVE
10
57.0000
20
62.5710
0
VERTEX
8
ENGRAVE
10
57.1430
20
62.7140
0
VERTEX
8
ENGRAVE
10
57.4290
20
62.7140
0
VERTEX
8
ENGRAVE
10
57.5710
20
62.5710
0
VERTEX
8
ENGRAVE
10
57.7140
20
62.4290
0
VERTEX
8
ENGRAVE
10
58.0000
20
62.4290
0
VERTEX
8
ENGRAVE
10
58.1430
20
62.2860
0
VERTEX
8
ENGRAVE
10
58.2860
20
62.1430
0
VERTEX
8
ENGRAVE
10
58.4290
20
62.0000
0
VERTEX
8
ENGRAVE
10
58.5710
20
61.8570
0
VERTEX
8
ENGRAVE
10
58.8570
20
61.8570
0
VERTEX
8
ENGRAVE
10
59.1430
20
61.8570
0
VERTEX
8
ENGRAVE
10
59.2860
20
62.0000
0
VERTEX
8
ENGRAVE
10
59.4290
20
62.1430
0
VERTEX
8
ENGRAVE
10
59.5710
20
62.2860
0
VERTEX
8
ENGRAVE
10
59.7140
20
62.4290
0
VERTEX
8
ENGRAVE
10
60.0000
20
62.4290
0
VERTEX
8
ENGRAVE
10
60.2860
20
62.4290
0
VERTEX
8
ENGRAVE
10
60.4290
20
62.2860
0
VERTEX
8
ENGRAVE
10
60.5710
20
62.1430
0
VERTEX
8
ENGRAVE
10
60.7140
20
62.0000
0
VERTEX
8
ENGRAVE
10
60.7140
20
61.7140
0
VERTEX
8
ENGRAVE
10
60.7140
20
61.4290
0
VERTEX
8
ENGRAVE
10
60.8570
20
61.2860
0
VERTEX
8
ENGRAVE
10
61.0000
20
61.1430
0
VERTEX
8
ENGRAVE
10
61.0000
20
60.8570
0
VERTEX
8
ENGRAVE
10
60.8570
20
60.7140
0
VERTEX
8
ENGRAVE
10
60.7140
20
60.5710
0
VERTEX
8
ENGRAVE
10
60.7140
20
60.2860
0
VERTEX
8
ENGRAVE
10
60.5710
20
60.1430
0
VERTEX
8
ENGRAVE
10
60.4290
20
60.0000
0
VERTEX
8
ENGRAVE
10
60.2860
20
59.8570
0
VERTEX
8
ENGRAVE
10
60.0000
20
59.8570
0
VERTEX
8
ENGRAVE
10
59.8570
20
59.7140
0
VERTEX
8
ENGRAVE
10
59.7140
20
59.5710
0
VERTEX
8
ENGRAVE
10
59.4290
20
59.5710
0
VERTEX
8
ENGRAVE
10
59.1430
20
59.5710
0
VERTEX
8
ENGRAVE
10
59.0000
20
59.4290
0
VERTEX
8
ENGRAVE
10
58.8570
20
59.2860
0
VERTEX
8
ENGRAVE
10
58.5710
20
59.2860
0
VERTEX
8
ENGRAVE
10
58.2860
20
59.2860
0
VERTEX
8
ENGRAVE
10
58.1430
20
59.4290
0
VERTEX
8
ENGRAVE
10
58.0000
20
59.5710
0
VERTEX
8
ENGRAVE
10
57.7140
20
59.5710
0
VERTEX
8
ENGRAVE
10
57.4290
20
59.5710
0
VERTEX
8
ENGRAVE
10
57.2860
20
59.7140
0
VERTEX
8
ENGRAVE
10
57.1430
20
59.8570
0
VERTEX
8
ENGRAVE
10
56.8570
20
59.8570
0
VERTEX
8
ENGRAVE
10
56.7140
20
60.0000
0
VERTEX
8
ENGRAVE
10
56.7140
20
60.2860
0
VERTEX
8
ENGRAVE
10
56.7140
20
60.5710
0
VERTEX
8
ENGRAVE
10
56.5710
20
60.7140
0
VERTEX
8
ENGRAVE
10
56.4290
20
60.8570
0
VERTEX
8
ENGRAVE
10
56.4290
20
61.1430
0
VERTEX
8
ENGRAVE
10
56.4290
20
61.4290
0
VERTEX
8
ENGRAVE
10
56.5710
20
61.5710
0
VERTEX
8
ENGRAVE
10
56.7140
20
61.7140
0
VERTEX
8
ENGRAVE
10
56.7140
20
62.0000
0
VERTEX
8
ENGRAVE
10
56.7140
20
62.2860
0
VERTEX
8
ENGRAVE
10
56.8570
20
62.4290
0
SEQEND
0
POLYLINE
8
ENGRAVE
66
1
70
1
0
VERTEX
8
ENGRAVE
10
61.0000
20
62.5710
0
VERTEX
8
ENGRAVE
10
61.1430
20
62.7140
0
VERTEX
8
ENGRAVE
10
61.2860
20
62.5710
0
VERTEX
8
ENGRAVE
10
61.2860
20
62.2860
0
VERTEX
8
ENGRAVE
10
61.1430
20
62.1430
0
VERTEX
8
ENGRAVE
10
61.0000
20
62.2860
0
SEQEND
0
POLYLINE
8
ENGRAVE
66
1
70
1
0
VERTEX
8
ENGRAVE
10
48.7140
20
62.2860
0
VERTEX
8
ENGRAVE
10
48.8570
20
62.4290
0
VERTEX
8
ENGRAVE
10
49.0000
20
62.2860
0
VERTEX
8
ENGRAVE
10
48.8570
20
62.1430
0
SEQEND
0
POLYLINE
8
ENGRAVE
66
1
70
1
0
VERTEX
8
ENGRAVE
10
61.5710
20
62.0000
0
VERTEX
8
ENGRAVE
10
61.7140
20
62.1430
0
VERTEX
8
ENGRAVE
10
61.8570
20
62.0000
0
VERTEX
8
ENGRAVE
10
61.8570
20
61.7140
0
VERTEX
8
ENGRAVE
10
61.8570
20
61.4290
0
VERTEX
8
ENGRAVE
10
61.8570
20
61.1430
0
VERTEX
8
ENGRAVE
10
61.8570
20
60.8570
0
VERTEX
8
ENGRAVE
10
61.7140
20
60.7140
0
VERTEX
8
ENGRAVE
10
61.5710
20
60.8570
0
VERTEX
8
ENGRAVE
10
61.5710
20
61.1430
0
VERTEX
8
ENGRAVE
10
61.5710
20
61.4290
0
VERTEX
8
ENGRAVE
10
61.5710
20
61.7140
0
SEQEND
0
POLYLINE
8
ENGRAVE
66
1
70
1
0
VERTEX
8
ENGRAVE
10
48.4290
20
61.4290
0
VERTEX
8
ENGRAVE
10
48.5710
20
61.5710
0
VERTEX
8
ENGRAVE
10
48.7140
20
61.4290
0
VERTEX
8
ENGRAVE
10
48.5710
20
61.2860
0
SEQEND
0
POLYLINE
8
ENGRAVE
66
1
70
1
0
VERTEX
8
ENGRAVE
10
55.5710
20
61.4290
0
VERTEX
8
ENGRAVE
10
55.7140
20
61.5710
0
VERTEX
8
ENGRAVE
10
55.8570
20
61.4290
0
VERTEX
8
ENGRAVE
10
55.8570
20
61.1430
0
VERTEX
8
ENGRAVE
10
55.8570
20
60.8570
0
VERTEX
8
ENGRAVE
10
55.7140
20
60.7140
0
VERTEX
8
ENGRAVE
10
55.5710
20
60.8570
0
VERTEX
8
ENGRAVE
10
55.5710
20
61.1430
0
SEQEND
0
POLYLINE
8
ENGRAVE
66
1
70
1
0
VERTEX
8
ENGRAVE
10
48.4290
20
60.5710
0
VERTEX
8
ENGRAVE
10
48.5710
20
60.7140
0
VERTEX
8
ENGRAVE
10
48.8570
20
60.7140
0
VERTEX
8
ENGRAVE
10
49.0000
20
60.5710
0
VERTEX
8
ENGRAVE
10
48.8570
20
60.4290
0
VERTEX
8
ENGRAVE
10
48.5710
20
60.4290
0
SEQEND
0
POLYLINE
8
ENGRAVE
66
1
70
1
0
VERTEX
8
ENGRAVE
10
64.7140
20
60.2860
0
VERTEX
8
ENGRAVE
10
64.8570
20
60.4290
0
VERTEX
8
ENGRAVE
10
65.1430
20
60.4290
0
VERTEX
8
ENGRAVE
10
65.4290
20
60.4290
0
VERTEX
8
ENGRAVE
10
65.7140
20
60.4290
0
VERTEX
8
ENGRAVE
10
65.8570
20
60.2860
0
VERTEX
8
ENGRAVE
10
65.8570
20
60.0000
0
VERTEX
8
ENGRAVE
10
65.8570
20
59.7140
0
VERTEX
8
ENGRAVE
10
66.0000
20
59.5710
0
VERTEX
8
ENGRAVE
10
66.1430
20
59.4290
0
VERTEX
8
ENGRAVE
10
66.1430
20
59.1430
0
VERTEX
8
ENGRAVE
10
66.1430
20
58.8570
0
VERTEX
8
ENGRAVE
10
66.2860
20
58.7140
0
VERTEX
8
ENGRAVE
10
66.4290
20
58.5710
0
VERTEX
8
ENGRAVE
10
66.4290
20
58.2860
0
VERTEX
8
ENGRAVE
10
66.4290
20
58.0000
0
VERTEX
8
ENGRAVE
10
66.4290
20
57.7140
0
VERTEX
8
ENGRAVE
10
66.4290
20
57.4290
0
VERTEX
8
ENGRAVE
10
66.5710
20
57.2860
0
VERTEX
8
ENGRAVE
10
66.7140
20
57.1430
0
VERTEX
8
ENGRAVE
10
66.7140
20
56.8570
0
VERTEX
8
ENGRAVE
10
66.7140
20
56.5710
0
VERTEX
8
ENGRAVE
10
66.7140
20
56.2860
0
VERTEX
8
ENGRAVE
10
66.7140
20
56.0000
0
VERTEX
8
ENGRAVE
10
66.7140
20
55.7140
0
VERTEX
8
ENGRAVE
10
66.8570
20
55.5710
0
VERTEX
8
ENGRAVE
10
67.0000
20
55.4290
0
VERTEX
8
ENGRAVE
10
67.0000
20
55.1430
0
VERTEX
8
ENGRAVE
10
67.0000
20
54.8570
0
VERTEX
8
ENGRAVE
10
67.0000
20
54.5710
0
VERTEX
8
ENGRAVE
10
67.1430
20
54.4290
0
VERTEX
8
ENGRAVE
10
67.2860
20
54.2860
0
VERTEX
8
ENGRAVE
10
67.2860
20
54.0000
0
VERTEX
8
ENGRAVE
10
67.2860
20
53.7140
0
VERTEX
8
ENGRAVE
10
67.2860
20
53.4290
0
VERTEX
8
ENGRAVE
10
67.2860
20
53.1430
0
VERTEX
8
ENGRAVE
10
67.2860
20
52.8570
0
VERTEX
8
ENGRAVE
10
67.2860
20
52.5710
0
VERTEX
8
ENGRAVE
10
67.2860
20
52.2860
0
VERTEX
8
ENGRAVE
10
67.2860
20
52.0000
0
VERTEX
8
ENGRAVE
10
67.2860
20
51.7140
0
VERTEX
8
ENGRAVE
10
67.4290
20
51.5710
0
VERTEX
8
ENGRAVE
10
67.5710
20
51.4290
0
VERTEX
8
ENGRAVE
10
67.5710
20
51.1430
0
VERTEX
8
ENGRAVE
10
67.5710
20
50.8570
0
VERTEX
8
ENGRAVE
10
67.5710
20
50.5710
0
VERTEX
8
ENGRAVE
10
67.7140
20
50.4290
0
VERTEX
8
ENGRAVE
10
67.8570
20
50.2860
0
VERTEX
8
ENGRAVE
10
67.8570
20
50.0000
0
VERTEX
8
ENGRAVE
10
67.8570
20
49.7140
0
VERTEX
8
ENGRAVE
10
67.8570
20
49.4290
0
VERTEX
8
ENGRAVE
10
67.8570
20
49.1430
0
VERTEX
8
ENGRAVE
10
67.8570
20
48.8570
0
VERTEX
8
ENGRAVE
10
67.8570
20
48.5710
0
VERTEX
8
ENGRAVE
10
67.8570
20
48.2860
0
VERTEX
8
ENGRAVE
10
67.8570
20
48.0000
0
VERTEX
8
ENGRAVE
10
67.8570
20
47.7140
0
VERTEX
8
ENGRAVE
10
67.8570
20
47.4290
0
VERTEX
8
ENGRAVE
10
67.8570
20
47.1430
0
VERTEX
8
ENGRAVE
10
67.8570
20
46.8570
0
VERTEX
8
ENGRAVE
10
67.8570
20
46.5710
0
VERTEX
8
ENGRAVE
10
67.8570
20
46.2860
0
VERTEX
8
ENGRAVE
10
67.8570
20
46.0000
0
VERTEX
8
ENGRAVE
10
67.8570
20
45.7140
0
VERTEX
8
ENGRAVE
10
67.8570
20
45.4290
0
VERTEX
8
ENGRAVE
10
67.8570
20
45.1430
0
VERTEX
8
ENGRAVE
10
68.0000
20
45.0000
0
VERTEX
8
ENGRAVE
10
68.1430
20
44.8570
0
VERTEX
8
ENGRAVE
10
68.1430
20
44.5710
0
VERTEX
8
ENGRAVE
10
68.1430
20
44.2860
0
VERTEX
8
ENGRAVE
10
68.2860
20
44.1430
0
VERTEX
8
ENGRAVE
10
68.4290
20
44.0000
0
VERTEX
8
ENGRAVE
10
68.4290
20
43.7140
0
VERTEX
8
ENGRAVE
10
68.4290
20
43.4290
0
VERTEX
8
ENGRAVE
10
68.5710
20
43.2860
0
VERTEX
8
ENGRAVE
10
68.7140
20
43.1430
0
VERTEX
8
ENGRAVE
10
68.8570
20
43.0000
0
VERTEX
8
ENGRAVE
10
69.0000
20
42.8570
0
VERTEX
8
ENGRAVE
10
69.0000
20
42.5710
0
VERTEX
8
ENGRAVE
10
69.1430
20
42.4290
0
VERTEX
8
ENGRAVE
10
69.2860
20
42.2860
0
VERTEX
8
ENGRAVE
10
69.2860
20
42.0000
0
VERTEX
8
ENGRAVE
10
69.2860
20
41.7140
0
VERTEX
8
ENGRAVE
10
69.4290
20
41.5710
0
VERTEX
8
ENGRAVE
10
69.5710
20
41.4290
0
VERTEX
8
ENGRAVE
10
69.5710
20
41.1430
0
VERTEX
8
ENGRAVE
10
69.7140
20
41.0000
0
VERTEX
8
ENGRAVE
10
69.8570
20
40.8570
0
VERTEX
8
ENGRAVE
10
69.7140
20
40.7140
0
VERTEX
8
ENGRAVE
10
69.4290
20
40.7140
0
VERTEX
8
ENGRAVE
10
69.1430
20
40.7140
0
VERTEX
8
ENGRAVE
10
68.8570
20
40.7140
0
VERTEX
8
ENGRAVE
10
68.7140
20
40.5710
0
VERTEX
8
ENGRAVE
10
68.5710
20
40.4290
0
VERTEX
8
ENGRAVE
10
68.4290
20
40.2860
0
VERTEX
8
ENGRAVE
10
68.2860
20
40.1430
0
VERTEX
8
ENGRAVE
10
68.0000
20
40.1430
0
VERTEX
8
ENGRAVE
10
67.8570
20
40.0000
0
VERTEX
8
ENGRAVE
10
67.7140
20
39.8570
0
VERTEX
8
ENGRAVE
10
67.4290
20
39.8570
0
VERTEX
8
ENGRAVE
10
67.2860
20
39.7140
0
VERTEX
8
ENGRAVE
10
67.1430
20
39.5710
0
VERTEX
8
ENGRAVE
10
67.0000
20
39.4290
0
VERTEX
8
ENGRAVE
10
66.8570
20
39.2860
0
VERTEX
8
ENGRAVE
10
66.5710
20
39.2860
0
VERTEX
8
ENGRAVE
10
66.4290
20
39.1430
0
VERTEX
8
ENGRAVE
10
66.2860
20
39.0000
0
VERTEX
8
ENGRAVE
10
66.0000
20
39.0000
0
VERTEX
8
ENGRAVE
10
65.8570
20
38.8570
0
VERTEX
8
ENGRAVE
10
65.7140
20
38.7140
0
VERTEX
8
ENGRAVE
10
65.5710
20
38.5710
0
VERTEX
8
ENGRAVE
10
65.4290
20
38.4290
0
VERTEX
8
ENGRAVE
10
65.1430
20
38.4290
0
VERTEX
8
ENGRAVE
10
65.0000
20
38.2860
0
VERTEX
8
ENGRAVE
10
64.8570
20
38.1430
0
VERTEX
8
ENGRAVE
10
64.5710
20
38.1430
0
VERTEX
8
ENGRAVE
10
64.2860
20
38.1430
0
VERTEX
8
ENGRAVE
10
64.0000
20
38.1430
0
VERTEX
8
ENGRAVE
10
63.8570
20
38.0000
0
VERTEX
8
ENGRAVE
10
63.7140
20
37.8570
0
VERTEX
8
ENGRAVE
10
63.5710
20
38.0000
0
VERTEX
8
ENGRAVE
10
63.4290
20
38.1430
0
VERTEX
8
ENGRAVE
10
63.1430
20
38.1430
0
VERTEX
8
ENGRAVE
10
62.8570
20
38.1430
0
VERTEX
8
ENGRAVE
10
62.5710
20
38.1430
0
VERTEX
8
ENGRAVE
10
62.4290
20
38.2860
0
VERTEX
8
ENGRAVE
10
62.4290
20
38.5710
0
VERTEX
8
ENGRAVE
10
62.4290
20
38.8570
0
VERTEX
8
ENGRAVE
10
62.4290
20
39.1430
0
VERTEX
8
ENGRAVE
10
62.2860
20
39.2860
0
VERTEX
8
ENGRAVE
10
62.1430
20
39.4290
0
VERTEX
8
ENGRAVE
10
62.1430
20
39.7140
0
VERTEX
8
ENGRAVE
10
62.1430
20
40.0000
0
VERTEX
8
ENGRAVE
10
62.0000
20
40.1430
0
VERTEX
8
ENGRAVE
10
61.8570
20
40.2860
0
VERTEX
8
ENGRAVE
10
61.8570
20
40.5710
0
VERTEX
8
ENGRAVE
10
61.8570
20
40.8570
0
VERTEX
8
ENGRAVE
10
61.8570
20
41.1430
0
VERTEX
8
ENGRAVE
10
61.8570
20
41.4290
0
VERTEX
8
ENGRAVE
10
61.8570
20
41.7140
0
VERTEX
8
ENGRAVE
10
61.7140
20
41.8570
0
VERTEX
8
ENGRAVE
10
61.5710
20
42.0000
0
VERTEX
8
ENGRAVE
10
61.5710
20
42.2860
0
VERTEX
8
ENGRAVE
10
61.4290
20
42.4290
0
VERTEX
8
ENGRAVE
10
61.2860
20
42.5710
0
VERTEX
8
ENGRAVE
10
61.2860
20
42.8570
0
VERTEX
8
ENGRAVE
10
61.2860
20
43.1430
0
VERTEX
8
ENGRAVE
10
61.2860
20
43.4290
0
VERTEX
8
ENGRAVE
10
61.2860
20
43.7140
0
VERTEX
8
ENGRAVE
10
61.2860
20
44.0000
0
VERTEX
8
ENGRAVE
10
61.1430
20
44.1430
0
VERTEX
8
ENGRAVE
10
61.0000
20
44.2860
0
VERTEX
8
ENGRAVE
10
61.0000
20
44.5710
0
VERTEX
8
ENGRAVE
10
61.0000
20
44.8570
0
VERTEX
8
ENGRAVE
10
61.0000
20
45.1430
0
VERTEX
8
ENGRAVE
10
61.0000
20
45.4290
0
VERTEX
8
ENGRAVE
10
60.8570
20
45.5710
0
VERTEX
8
ENGRAVE
10
60.7140
20
45.7140
0
VERTEX
8
ENGRAVE
10
60.7140
20
46.0000
0
VERTEX
8
ENGRAVE
10
60.5710
20
46.1430
0
VERTEX
8
ENGRAVE
10
60.4290
20
46.2860
0
VERTEX
8
ENGRAVE
10
60.4290
20
46.5710
0
VERTEX
8
ENGRAVE
10
60.4290
20
46.8570
0
VERTEX
8
ENGRAVE
10
60.4290
20
47.1430
0
VERTEX
8
ENGRAVE
10
60.4290
20
47.4290
0
VERTEX
8
ENGRAVE
10
60.4290
20
47.7140
0
VERTEX
8
ENGRAVE
10
60.4290
20
48.0000
0
VERTEX
8
ENGRAVE
10
60.4290
20
48.2860
0
VERTEX
8
ENGRAVE
10
60.2860
20
48.4290
0
VERTEX
8
ENGRAVE
10
60.1430
20
48.5710
0
VERTEX
8
ENGRAVE
10
60.0000
20
48.7140
0
VERTEX
8
ENGRAVE
10
59.8570
20
48.8570
0
VERTEX
8
ENGRAVE
10
59.8570
20
49.1430
0
VERTEX
8
ENGRAVE
10
60.0000
20
49.2860
0
VERTEX
8
ENGRAVE
10
60.1430
20
49.4290
0
VERTEX
8
ENGRAVE
10
60.1430
20
49.7140
0
VERTEX
8
ENGRAVE
10
60.1430
20
50.0000
0
VERTEX
8
ENGRAVE
10
60.0000
20
50.1430
0
VERTEX
8
ENGRAVE
10
59.8570
20
50.2860
0
VERTEX
8
ENGRAVE
10
60.0000
20
50.4290
0
VERTEX
8
ENGRAVE
10
60.1430
20
50.5710
0
VERTEX
8
ENGRAVE
10
60.1430
20
50.8570
0
VERTEX
8
ENGRAVE
10
60.1430
20
51.1430
0
VERTEX
8
ENGRAVE
10
60.0000
20
51.2860
0
VERTEX
8
ENGRAVE
10
59.8570
20
51.4290
0
VERTEX
8
ENGRAVE
10
59.8570
20
51.7140
0
VERTEX
8
ENGRAVE
10
59.7140
20
51.8570
0
VERTEX
8
ENGRAVE
10
59.5710
20
52.0000
0
VERTEX
8
ENGRAVE
10
59.5710
20
52.2860
0
VERTEX
8
ENGRAVE
10
59.5710
20
52.5710
0
VERTEX
8
ENGRAVE
10
59.4290
20
52.7140
0
VERTEX
8
ENGRAVE
10
59.2860
20
52.8570
0
VERTEX
8
ENGRAVE
10
59.2860
20
53.1430
0
VERTEX
8
ENGRAVE
10
59.4290
20
53.2860
0
VERTEX
8
ENGRAVE
10
59.5710
20
53.4290
0
VERTEX
8
ENGRAVE
10
59.7140
20
53.5710
0
VERTEX
8
ENGRAVE
10
59.8570
20
53.7140
0
VERTEX
8
ENGRAVE
10
59.7140
20
53.8570
0
VERTEX
8
ENGRAVE
10
59.5710
20
54.0000
0
VERTEX
8
ENGRAVE
10
59.4290
20
54.1430
0
VERTEX
8
ENGRAVE
10
59.1430
20
54.1430
0
VERTEX
8
ENGRAVE
10
58.8570
20
54.1430
0
VERTEX
8
ENGRAVE
10
58.5710
20
54.1430
0
VERTEX
8
ENGRAVE
10
58.2860
20
54.1430
0
VERTEX
8
ENGRAVE
10
58.0000
20
54.1430
0
VERTEX
8
ENGRAVE
10
57.7140
20
54.1430
0
VERTEX
8
ENGRAVE
10
57.4290
20
54.1430
0
VERTEX
8
ENGRAVE
10
57.2860
20
54.0000
0
VERTEX
8
ENGRAVE
10
57.2860
20
53.7140
0
VERTEX
8
ENGRAVE
10
57.4290
20
53.5710
0
VERTEX
8
ENGRAVE
10
57.7140
20
53.5710
0
VERTEX
8
ENGRAVE
10
57.8570
20
53.4290
0
VERTEX
8
ENGRAVE
10
57.8570
20
53.1430
0
VERTEX
8
ENGRAVE
10
57.8570
20
52.8570
0
VERTEX
8
ENGRAVE
10
57.8570
20
52.5710
0
VERTEX
8
ENGRAVE
10
57.8570
20
52.2860
0
VERTEX
8
ENGRAVE
10
57.8570
20
52.0000
0
VERTEX
8
ENGRAVE
10
57.8570
20
51.7140
0
VERTEX
8
ENGRAVE
10
57.8570
20
51.4290
0
VERTEX
8
ENGRAVE
10
57.8570
20
51.1430
0
VERTEX
8
ENGRAVE
10
57.8570
20
50.8570
0
VERTEX
8
ENGRAVE
10
57.8570
20
50.5710
0
VERTEX
8
ENGRAVE
10
57.8570
20
50.2860
0
VERTEX
8
ENGRAVE
10
57.8570
20
50.0000
0
VERTEX
8
ENGRAVE
10
57.8570
20
49.7140
0
VERTEX
8
ENGRAVE
10
57.7140
20
49.5710
0
VERTEX
8
ENGRAVE
10
57.5710
20
49.4290
0
VERTEX
8
ENGRAVE
10
57.5710
20
49.1430
0
VERTEX
8
ENGRAVE
10
57.5710
20
48.8570
0
VERTEX
8
ENGRAVE
10
57.5710
20
48.5710
0
VERTEX
8
ENGRAVE
10
57.4290
20
48.4290
0
VERTEX
8
ENGRAVE
10
57.2860
20
48.2860
0
VERTEX
8
ENGRAVE
10
57.2860
20
48.0000
0
VERTEX
8
ENGRAVE
10
57.2860
20
47.7140
0
VERTEX
8
ENGRAVE
10
57.2860
20
47.4290
0
VERTEX
8
ENGRAVE
10
57.2860
20
47.1430
0
VERTEX
8
ENGRAVE
10
57.2860
20
46.8570
0
VERTEX
8
ENGRAVE
10
57.2860
20
46.5710
0
VERTEX
8
ENGRAVE
10
57.2860
20
46.2860
0
VERTEX
8
ENGRAVE
10
57.1430
20
46.1430
0
VERTEX
8
ENGRAVE
10
57.0000
20
46.0000
0
VERTEX
8
ENGRAVE
10
57.0000
20
45.7140
0
VERTEX
8
ENGRAVE
10
57.0000
20
45.4290
0
VERTEX
8
ENGRAVE
10
56.8570
20
45.2860
0
VERTEX
8
ENGRAVE
10
56.7140
20
45.1430
0
VERTEX
8
ENGRAVE
10
56.7140
20
44.8570
0
VERTEX
8
ENGRAVE
10
56.7140
20
44.5710
0
VERTEX
8
ENGRAVE
10
56.5710
20
44.4290
0
VERTEX
8
ENGRAVE
10
56.4290
20
44.2860
0
VERTEX
8
ENGRAVE
10
56.4290
20
44.0000
0
VERTEX
8
ENGRAVE
10
56.4290
20
43.7140
0
VERTEX
8
ENGRAVE
10
56.4290
20
43.4290
0
VERTEX
8
ENGRAVE
10
56.2860
20
43.2860
0
VERTEX
8
ENGRAVE
10
56.1430
20
43.1430
0
VERTEX
8
ENGRAVE
10
56.1430
20
42.8570
0
VERTEX
8
ENGRAVE
10
56.1430
20
42.5710
0
VERTEX
8
ENGRAVE
10
56.1430
20
42.2860
0
VERTEX
8
ENGRAVE
10
56.1430
20
42.0000
0
VERTEX
8
ENGRAVE
10
56.1430
20
41.7140
0
VERTEX
8
ENGRAVE
10
56.2860
20
41.5710
0
VERTEX
8
ENGRAVE
10
56.4290
20
41.4290
0
VERTEX
8
ENGRAVE
10
56.4290
20
41.1430
0
VERTEX
8
ENGRAVE
10
56.4290
20
40.8570
0
VERTEX
8
ENGRAVE
10
56.4290
20
40.5710
0
VERTEX
8
ENGRAVE
10
56.4290
20
40.2860
0
VERTEX
8
ENGRAVE
10
56.4290
20
40.0000
0
VERTEX
8
ENGRAVE
10
56.2860
20
39.8570
0
VERTEX
8
ENGRAVE
10
56.1430
20
39.7140
0
VERTEX
8
ENGRAVE
10
56.1430
20
39.4290
0
VERTEX
8
ENGRAVE
10
56.1430
20
39.1430
0
VERTEX
8
ENGRAVE
10
56.1430
20
38.8570
0
VERTEX
8
ENGRAVE
10
56.1430
20
38.5710
0
VERTEX
8
ENGRAVE
10
56.1430
20
38.2860
0
VERTEX
8
ENGRAVE
10
56.0000
20
38.1430
0
VERTEX
8
ENGRAVE
10
55.8570
20
38.0000
0
VERTEX
8
ENGRAVE
10
55.7140
20
37.8570
0
VERTEX
8
ENGRAVE
10
55.4290
20
37.8570
0
VERTEX
8
ENGRAVE
10
55.1430
20
37.8570
0
VERTEX
8
ENGRAVE
10
55.0000
20
38.0000
0
VERTEX
8
ENGRAVE
10
54.8570
20
38.1430
0
VERTEX
8
ENGRAVE
10
54.5710
20
38.1430
0
VERTEX
8
ENGRAVE
10
54.4290
20
38.2860
0
VERTEX
8
ENGRAVE
10
54.2860
20
38.4290
0
VERTEX
8
ENGRAVE
10
54.1430
20
38.5710
0
VERTEX
8
ENGRAVE
10
54.0000
20
38.7140
0
VERTEX
8
ENGRAVE
10
53.8570
20
38.8570
0
VERTEX
8
ENGRAVE
10
53.7140
20
39.0000
0
VERTEX
8
ENGRAVE
10
53.4290
20
39.0000
0
VERTEX
8
ENGRAVE
10
53.2860
20
39.1430
0
VERTEX
8
ENGRAVE
10
53.1430
20
39.2860
0
VERTEX
8
ENGRAVE
10
52.8570
20
39.2860
0
VERTEX
8
ENGRAVE
10
52.5710
20
39.2860
0
VERTEX
8
ENGRAVE
10
52.4290
20
39.4290
0
VERTEX
8
ENGRAVE
10
52.2860
20
39.5710
0
VERTEX
8
ENGRAVE
10
52.0000
20
39.5710
0
VERTEX
8
ENGRAVE
10
51.8570
20
39.7140
0
VERTEX
8
ENGRAVE
10
51.7140
20
39.8570
0
VERTEX
8
ENGRAVE
10
51.4290
20
39.8570
0
VERTEX
8
ENGRAVE
10
51.1430
20
39.8570
0
VERTEX
8
ENGRAVE
10
51.0000
20
40.0000
0
VERTEX
8
ENGRAVE
10
50.8570
20
40.1430
0
VERTEX
8
ENGRAVE
10
50.5710
20
40.1430
0
VERTEX
8
ENGRAVE
10
50.2860
20
40.1430
0
VERTEX
8
ENGRAVE
10
50.0000
20
40.1430
0
VERTEX
8
ENGRAVE
10
49.7140
20
40.1430
0
VERTEX
8
ENGRAVE
10
49.4290
20
40.1430
0
VERTEX
8
ENGRAVE
10
49.1430
20
40.1430
0
VERTEX
8
ENGRAVE
10
49.0000
20
40.2860
0
VERTEX
8
ENGRAVE
10
49.0000
20
40.5710
0
VERTEX
8
ENGRAVE
10
49.0000
20
40.8570
0
VERTEX
8
ENGRAVE
10
49.0000
20
41.1430
0
VERTEX
8
ENGRAVE
10
49.0000
20
41.4290
0
VERTEX
8
ENGRAVE
10
49.0000
20
41.7140
0
VERTEX
8
ENGRAVE
10
49.1430
20
41.8570
0
VERTEX
8
ENGRAVE
10
49.2860
20
42.0000
0
VERTEX
8
ENGRAVE
10
49.2860
20
42.2860
0
VERTEX
8
ENGRAVE
10
49.2860
20
42.5710
0
VERTEX
8
ENGRAVE
10
49.2860
20
42.8570
0
VERTEX
8
ENGRAVE
10
49.2860
20
43.1430
0
VERTEX
8
ENGRAVE
10
49.2860
20
43.4290
0
VERTEX
8
ENGRAVE
10
49.4290
20
43.5710
0
VERTEX
8
ENGRAVE
10
49.5710
20
43.7140
0
VERTEX
8
ENGRAVE
10
49.5710
20
44.0000
0
VERTEX
8
ENGRAVE
10
49.5710
20
44.2860
0
VERTEX
8
ENGRAVE
10
49.5710
20
44.5710
0
VERTEX
8
ENGRAVE
10
49.5710
20
44.8570
0
VERTEX
8
ENGRAVE
10
49.5710
20
45.1430
0
VERTEX
8
ENGRAVE
10
49.7140
20
45.2860
0
VERTEX
8
ENGRAVE
10
49.8570
20
45.4290
0
VERTEX
8
ENGRAVE
10
49.8570
20
45.7140
0
VERTEX
8
ENGRAVE
10
49.8570
20
46.0000
0
VERTEX
8
ENGRAVE
10
49.8570
20
46.2860
0
VERTEX
8
ENGRAVE
10
49.8570
20
46.5710
0
VERTEX
8
ENGRAVE
10
49.8570
20
46.8570
0
VERTEX
8
ENGRAVE
10
49.8570
20
47.1430
0
VERTEX
8
ENGRAVE
10
49.8570
20
47.4290
0
VERTEX
8
ENGRAVE
10
49.8570
20
47.7140
0
VERTEX
8
ENGRAVE
10
49.8570
20
48.0000
0
VERTEX
8
ENGRAVE
10
49.8570
20
48.2860
0
VERTEX
8
ENGRAVE
10
49.8570
20
48.5710
0
VERTEX
8
ENGRAVE
10
49.8570
20
48.8570
0
VERTEX
8
ENGRAVE
10
49.8570
20
49.1430
0
VERTEX
8
ENGRAVE
10
49.8570
20
49.4290
0
VERTEX
8
ENGRAVE
10
49.8570
20
49.7140
0
VERTEX
8
ENGRAVE
10
49.8570
20
50.0000
0
VERTEX
8
ENGRAVE
10
49.8570
20
50.2860
0
VERTEX
8
ENGRAVE
10
49.8570
20
50.5710
0
VERTEX
8
ENGRAVE
10
49.8570
20
50.8570
0
VERTEX
8
ENGRAVE
10
50.0000
20
51.0000
0
VERTEX
8
ENGRAVE
10
50.1430
20
51.1430
0
VERTEX
8
ENGRAVE
10
50.1430
20
51.4290
0
VERTEX
8
ENGRAVE
10
50.1430
20
51.7140
0
VERTEX
8
ENGRAVE
10
50.1430
20
52.0000
0
VERTEX
8
ENGRAVE
10
50.1430
20
52.2860
0
VERTEX
8
ENGRAVE
10
50.1430
20
52.5710
0
VERTEX
8
ENGRAVE
10
50.1430
20
52.8570
0
VERTEX
8
ENGRAVE
10
50.2860
20
53.0000
0
VERTEX
8
ENGRAVE
10
50.4290
20
53.1430
0
VERTEX
8
ENGRAVE
10
50.4290
20
53.4290
0
VERTEX
8
ENGRAVE
10
50.4290
20
53.7140
0
VERTEX
8
ENGRAVE
10
50.4290
20
54.0000
0
VERTEX
8
ENGRAVE
10
50.4290
20
54.2860
0
VERTEX
8
ENGRAVE
10
50.4290
20
54.5710
0
VERTEX
8
ENGRAVE
10
50.4290
20
54.8570
0
VERTEX
8
ENGRAVE
10
50.4290
20
55.1430
0
VERTEX
8
ENGRAVE
10
50.4290
20
55.4290
0
VERTEX
8
ENGRAVE
10
50.4290
20
55.7140
0
VERTEX
8
ENGRAVE
10
50.4290
20
56.0000
0
VERTEX
8
ENGRAVE
10
50.4290
20
56.2860
0
VERTEX
8
ENGRAVE
10
50.4290
20
56.5710
0
VERTEX
8
ENGRAVE
10
50.4290
20
56.8570
0
VERTEX
8
ENGRAVE
10
50.4290
20
57.1430
0
VERTEX
8
ENGRAVE
10
50.5710
20
57.2860
0
VERTEX
8
ENGRAVE
10
50.7140
20
57.1430
0
VERTEX
8
ENGRAVE
10
50.8570
20
57.0000
0
VERTEX
8
ENGRAVE
10
51.0000
20
56.8570
0
VERTEX
8
ENGRAVE
10
51.1430
20
56.7140
0
VERTEX
8
ENGRAVE
10
51.2860
20
56.5710
0
VERTEX
8
ENGRAVE
10
51.4290
20
56.4290
0
VERTEX
8
ENGRAVE
10
51.7140
20
56.4290
0
VERTEX
8
ENGRAVE
10
52.0000
20
56.4290
0
VERTEX
8
ENGRAVE
10
52.2860
20
56.4290
0
VERTEX
8
ENGRAVE
10
52.5710
20
56.4290
0
VERTEX
8
ENGRAVE
10
52.8570
20
56.4290
0
VERTEX
8
ENGRAVE
10
53.1430
20
56.4290
0
VERTEX
8
ENGRAVE
10
53.4290
20
56.4290
0
VERTEX
8
ENGRAVE
10
53.5710
20
56.5710
0
VERTEX
8
ENGRAVE
10
53.7140
20
56.7140
0
VERTEX
8
ENGRAVE
10
54.0000
20
56.7140
0
VERTEX
8
ENGRAVE
10
54.2860
20
56.7140
0
VERTEX
8
ENGRAVE
10
54.5710
20
56.7140
0
VERTEX
8
ENGRAVE
10
54.7140
20
56.8570
0
VERTEX
8
ENGRAVE
10
54.7140
20
57.1430
0
VERTEX
8
ENGRAVE
10
54.7140
20
57.4290
0
VERTEX
8
ENGRAVE
10
54.8570
20
57.5710
0
VERTEX
8
ENGRAVE
10
55.0000
20
57.7140
0
VERTEX
8
ENGRAVE
10
55.1430
20
57.8570
0
VERTEX
8
ENGRAVE
10
55.4290
20
57.8570
0
VERTEX
8
ENGRAVE
10
55.5710
20
58.0000
0
VERTEX
8
ENGRAVE
10
55.7140
20
58.1430
0
VERTEX
8
ENGRAVE
10
55.8570
20
58.2860
0
VERTEX
8
ENGRAVE
10
56.0000
20
58.4290
0
VERTEX
8
ENGRAVE
10
56.1430
20
58.5710
0
VERTEX
8
ENGRAVE
10
56.2860
20
58.7140
0
VERTEX
8
ENGRAVE
10
56.4290
20
58.8570
0
VERTEX
8
ENGRAVE
10
56.5710
20
59.0000
0
VERTEX
8
ENGRAVE
10
56.8570
20
59.0000
0
VERTEX
8
ENGRAVE
10
57.1430
20
59.0000
0
VERTEX
8
ENGRAVE
10
57.2860
20
58.8570
0
VERTEX
8
ENGRAVE
10
57.2860
20
58.5710
0
VERTEX
8
ENGRAVE
10
57.2860
20
58.2860
0
VERTEX
8
ENGRAVE
10
57.2860
20
58.0000
0
VERTEX
8
ENGRAVE
10
57.2860
20
57.7140
0
VERTEX
8
ENGRAVE
10
57.2860
20
57.4290
0
VERTEX
8
ENGRAVE
10
57.2860
20
57.1430
0
VERTEX
8
ENGRAVE
10
57.2860
20
56.8570
0
VERTEX
8
ENGRAVE
10
57.2860
20
56.5710
0
VERTEX
8
ENGRAVE
10
57.2860
20
56.2860
0
VERTEX
8
ENGRAVE
10
57.2860
20
56.0000
0
VERTEX
8
ENGRAVE
10
57.2860
20
55.7140
0
VERTEX
8
ENGRAVE
10
57.4290
20
55.5710
0
VERTEX
8
ENGRAVE
10
57.7140
20
55.5710
0
VERTEX
8
ENGRAVE
10
57.8570
20
55.7140
0
VERTEX
8
ENGRAVE
10
57.8570
20
56.0000
0
VERTEX
8
ENGRAVE
10
57.8570
20
56.2860
0
VERTEX
8
ENGRAVE
10
57.8570
20
56.5710
0
VERTEX
8
ENGRAVE
10
57.8570
20
56.8570
0
VERTEX
8
ENGRAVE
10
57.8570
20
57.1430
0
VERTEX
8
ENGRAVE
10
57.8570
20
57.4290
0
VERTEX
8
ENGRAVE
10
57.8570
20
57.7140
0
VERTEX
8
ENGRAVE
10
57.8570
20
58.0000
0
VERTEX
8
ENGRAVE
10
57.8570
20
58.2860
0
VERTEX
8
ENGRAVE
10
58.0000
20
58.4290
0
VERTEX
8
ENGRAVE
10
58.1430
20
58.5710
0
VERTEX
8
ENGRAVE
10
58.2860
20
58.7140
0
VERTEX
8
ENGRAVE
10
58.5710
20
58.7140
0
VERTEX
8
ENGRAVE
10
58.8570
20
58.7140
0
VERTEX
8
ENGRAVE
10
59.1430
20
58.7140
0
VERTEX
8
ENGRAVE
10
59.4290
20
58.7140
0
VERTEX
8
ENGRAVE
10
59.5710
20
58.8570
0
VERTEX
8
ENGRAVE
10
59.7140
20
59.0000
0
VERTEX
8
ENGRAVE
10
60.0000
20
59.0000
0
VERTEX
8
ENGRAVE
10
60.2860
20
59.0000
0
VERTEX
8
ENGRAVE
10
60.5710
20
59.0000
0
VERTEX
8
ENGRAVE
10
60.7140
20
59.1430
0
VERTEX
8
ENGRAVE
10
60.8570
20
59.2860
0
VERTEX
8
ENGRAVE
10
61.0000
20
59.1430
0
VERTEX
8
ENGRAVE
10
61.1430
20
59.0000
0
VERTEX
8
ENGRAVE
10
61.2860
20
58.8570
0
VERTEX
8
ENGRAVE
10
61.4290
20
58.7140
0
VERTEX
8
ENGRAVE
10
61.7140
20
58.7140
0
VERTEX
8
ENGRAVE
10
61.8570
20
58.5710
0
VERTEX
8
ENGRAVE
10
61.8570
20
58.2860
0
VERTEX
8
ENGRAVE
10
61.8570
20
58.0000
0
VERTEX
8
ENGRAVE
10
61.7140
20
57.8570
0
VERTEX
8
ENGRAVE
10
61.5710
20
57.7140
0
VERTEX
8
ENGRAVE
10
61.5710
20
57.4290
0
VERTEX
8
ENGRAVE
10
61.4290
20
57.2860
0
VERTEX
8
ENGRAVE
10
61.2860
20
57.1430
0
VERTEX
8
ENGRAVE
10
61.1430
20
57.0000
0
VERTEX
8
ENGRAVE
10
61.0000
20
56.8570
0
VERTEX
8
ENGRAVE
10
60.8570
20
56.7140
0
VERTEX
8
ENGRAVE
10
60.7140
20
56.5710
0
VERTEX
8
ENGRAVE
10
60.7140
20
56.2860
0
VERTEX
8
ENGRAVE
10
60.7140
20
56.0000
0
VERTEX
8
ENGRAVE
10
60.7140
20
55.7140
0
VERTEX
8
ENGRAVE
10
60.7140
20
55.4290
0
VERTEX
8
ENGRAVE
10
60.7140
20
55.1430
0
VERTEX
8
ENGRAVE
10
60.7140
20
54.8570
0
VERTEX
8
ENGRAVE
10
60.7140
20
54.5710
0
VERTEX
8
ENGRAVE
10
60.8570
20
54.4290
0
VERTEX
8
ENGRAVE
10
61.0000
20
54.2860
0
VERTEX
8
ENGRAVE
10
61.1430
20
54.1430
0
VERTEX
8
ENGRAVE
10
61.2860
20
54.0000
0
VERTEX
8
ENGRAVE
10
61.4290
20
53.8570
0
VERTEX
8
ENGRAVE
10
61.5710
20
53.7140
0
VERTEX
8
ENGRAVE
10
61.7140
20
53.5710
0
VERTEX
8
ENGRAVE
10
62.0000
20
53.5710
0
VERTEX
8
ENGRAVE
10
62.1430
20
53.4290
0
VERTEX
8
ENGRAVE
10
62.2860
20
53.2860
0
VERTEX
8
ENGRAVE
10
62.5710
20
53.2860
0
VERTEX
8
ENGRAVE
10
62.8570
20
53.2860
0
VERTEX
8
ENGRAVE
10
63.1430
20
53.2860
0
VERTEX
8
ENGRAVE
10
63.2860
20
53.1430
0
VERTEX
8
ENGRAVE
10
63.4290
20
53.0000
0
VERTEX
8
ENGRAVE
10
63.7140
20
53.0000
0
VERTEX
8
ENGRAVE
10
64.0000
20
53.0000
0
VERTEX
8
ENGRAVE
10
64.2860
20
53.0000
0
VERTEX
8
ENGRAVE
10
64.5710
20
53.0000
0
VERTEX
8
ENGRAVE
10
64.7140
20
53.1430
0
VERTEX
8
ENGRAVE
10
64.8570
20
53.2860
0
VERTEX
8
ENGRAVE
10
65.1430
20
53.2860
0
VERTEX
8
ENGRAVE
10
65.2860
20
53.4290
0
VERTEX
8
ENGRAVE
10
65.4290
20
53.5710
0
VERTEX
8
ENGRAVE
10
65.7140
20
53.5710
0
VERTEX
8
ENGRAVE
10
65.8570
20
53.7140
0
VERTEX
8
ENGRAVE
10
66.0000
20
53.8570
0
VERTEX
8
ENGRAVE
10
66.1430
20
54.0000
0
VERTEX
8
ENGRAVE
10
66.1430
20
54.2860
0
VERTEX
8
ENGRAVE
10
66.1430
20
54.5710
0
VERTEX
8
ENGRAVE
10
66.2860
20
54.7140
0
VERTEX
8
ENGRAVE
10
66.4290
20
54.8570
0
VERTEX
8
ENGRAVE
10
66.4290
20
55.1430
0
VERTEX
8
ENGRAVE
10
66.4290
20
55.4290
0
VERTEX
8
ENGRAVE
10
66.4290
20
55.7140
0
VERTEX
8
ENGRAVE
10
66.4290
20
56.0000
0
VERTEX
8
ENGRAVE
10
66.4290
20
56.2860
0
VERTEX
8
ENGRAVE
10
66.2860
20
56.4290
0
VERTEX
8
ENGRAVE
10
66.1430
20
56.5710
0
VERTEX
8
ENGRAVE
10
66.1430
20
56.8570
0
VERTEX
8
ENGRAVE
10
66.0000
20
57.0000
0
VERTEX
8
ENGRAVE
10
65.8570
20
57.1430
0
VERTEX
8
ENGRAVE
10
65.7140
20
57.2860
0
VERTEX
8
ENGRAVE
10
65.5710
20
57.4290
0
VERTEX
8
ENGRAVE
10
65.4290
20
57.5710
0
VERTEX
8
ENGRAVE
10
65.1430
20
57.5710
0
VERTEX
8
ENGRAVE
10
65.0000
20
57.7140
0
VERTEX
8
ENGRAVE
10
64.8570
20
57.8570
0
VERTEX
8
ENGRAVE
10
64.7140
20
58.0000
0
VERTEX
8
ENGRAVE
10
64.7140
20
58.2860
0
VERTEX
8
ENGRAVE
10
64.7140
20
58.5710
0
VERTEX
8
ENGRAVE
10
64.5710
20
58.7140
0
VERTEX
8
ENGRAVE
10
64.4290
20
58.8570
0
VERTEX
8
ENGRAVE
10
64.2860
20
59.0000
0
VERTEX
8
ENGRAVE
10
64.1430
20
59.1430
0
VERTEX
8
ENGRAVE
10
64.0000
20
59.2860
0
VERTEX
8
ENGRAVE
10
63.8570
20
59.4290
0
VERTEX
8
ENGRAVE
10
64.0000
20
59.5710
0
VERTEX
8
ENGRAVE
10
64.1430
20
59.7140
0
VERTEX
8
ENGRAVE
10
64.1430
20
60.0000
0
VERTEX
8
ENGRAVE
10
64.2860
20
60.1430
0
VERTEX
8
ENGRAVE
10
64.5710
20
60.1430
0
SEQEND
0
POLYLINE
8
ENGRAVE
66
1
70
1
0
VERTEX
8
ENGRAVE
10
49.0000
20
60.0000
0
VERTEX
8
ENGRAVE
10
49.1430
20
60.1430
0
VERTEX
8
ENGRAVE
10
49.2860
20
60.0000
0
VERTEX
8
ENGRAVE
10
49.4290
20
59.8570
0
VERTEX
8
ENGRAVE
10
49.5710
20
59.7140
0
VERTEX
8
ENGRAVE
10
49.5710
20
59.4290
0
VERTEX
8
ENGRAVE
10
49.5710
20
59.1430
0
VERTEX
8
ENGRAVE
10
49.7140
20
59.0000
0
VERTEX
8
ENGRAVE
10
49.8570
20
58.8570
0
VERTEX
8
ENGRAVE
10
49.8570
20
58.5710
0
VERTEX
8
ENGRAVE
10
50.0000
20
58.4290
0
VERTEX
8
ENGRAVE
10
50.2860
20
58.4290
0
VERTEX
8
ENGRAVE
10
50.4290
20
58.2860
0
VERTEX
8
ENGRAVE
10
50.4290
20
58.0000
0
VERTEX
8
ENGRAVE
10
50.2860
20
57.8570
0
VERTEX
8
ENGRAVE
10
50.1430
20
57.7140
0
VERTEX
8
ENGRAVE
10
50.1430
20
57.4290
0
VERTEX
8
ENGRAVE
10
50.1430
20
57.1430
0
VERTEX
8
ENGRAVE
10
50.1430
20
56.8570
0
VERTEX
8
ENGRAVE
10
50.0000
20
56.7140
0
VERTEX
8
ENGRAVE
10
49.8570
20
56.5710
0
VERTEX
8
ENGRAVE
10
49.8570
20
56.2860
0
VERTEX
8
ENGRAVE
10
49.8570
20
56.0000
0
VERTEX
8
ENGRAVE
10
49.8570
20
55.7140
0
VERTEX
8
ENGRAVE
10
49.7140
20
55.5710
0
VERTEX
8
ENGRAVE
10
49.5710
20
55.7140
0
VERTEX
8
ENGRAVE
10
49.5710
20
56.0000
0
VERTEX
8
ENGRAVE
10
49.5710
20
56.2860
0
VERTEX
8
ENGRAVE
10
49.4290
20
56.4290
0
VERTEX
8
ENGRAVE
10
49.2860
20
56.5710
0
VERTEX
8
ENGRAVE
10
49.1430
20
56.7140
0
VERTEX
8
ENGRAVE
10
48.8570
20
56.7140
0
VERTEX
8
ENGRAVE
10
48.7140
20
56.8570
0
VERTEX
8
ENGRAVE
10
48.7140
20
57.1430
0
VERTEX
8
ENGRAVE
10
48.5710
20
57.2860
0
VERTEX
8
ENGRAVE
10
48.4290
20
57.4290
0
VERTEX
8
ENGRAVE
10
48.4290
20
57.7140
0
VERTEX
8
ENGRAVE
10
48.4290
20
58.0000
0
VERTEX
8
ENGRAVE
10
48.4290
20
58.2860
0
VERTEX
8
ENGRAVE
10
48.4290
20
58.5710
0
VERTEX
8
ENGRAVE
10
48.4290
20
58.8570
0
VERTEX
8
ENGRAVE
10
48.4290
20
59.1430
0
VERTEX
8
ENGRAVE
10
48.4290
20
59.4290
0
VERTEX
8
ENGRAVE
10
48.5710
20
59.5710
0
VERTEX
8
ENGRAVE
10
48.7140
20
59.7140
0
VERTEX
8
ENGRAVE
10
48.8570
20
59.8570
0
SEQEND
0
POLYLINE
8
ENGRAVE
66
1
70
1
0
VERTEX
8
ENGRAVE
10
61.0000
20
60.0000
0
VERTEX
8
ENGRAVE
10
61.1430
20
60.1430
0
VERTEX
8
ENGRAVE
10
61.4290
20
60.1430
0
VERTEX
8
ENGRAVE
10
61.5710
20
60.0000
0
VERTEX
8
ENGRAVE
10
61.4290
20
59.8570
0
VERTEX
8
ENGRAVE
10
61.1430
20
59.8570
0
SEQEND
0
POLYLINE
8
ENGRAVE
66
1
70
1
0
VERTEX
8
ENGRAVE
10
56.1430
20
59.7140
0
VERTEX
8
ENGRAVE
10
56.2860
20
59.8570
0
VERTEX
8
ENGRAVE
10
56.4290
20
59.7140
0
VERTEX
8
ENGRAVE
10
56.2860
20
59.5710
0
SEQEND
0
POLYLINE
8
ENGRAVE
66
1
70
1
0
VERTEX
8
ENGRAVE
10
54.1430
20
59.4290
0
VERTEX
8
ENGRAVE
10
54.2860
20
59.5710
0
VERTEX
8
ENGRAVE
10
54.4290
20
59.4290
0
VERTEX
8
ENGRAVE
10
54.2860
20
59.2860
0
SEQEND
0
POLYLINE
8
ENGRAVE
66
1
70
1
0
VERTEX
8
ENGRAVE
10
54.4290
20
59.1430
0
VERTEX
8
ENGRAVE
10
54.5710
20
59.2860
0
VERTEX
8
ENGRAVE
10
54.7140
20
59.1430
0
VERTEX
8
ENGRAVE
10
54.5710
20
59.0000
0
SEQEND
0
POLYLINE
8
ENGRAVE
66
1
70
1
0
VERTEX
8
ENGRAVE
10
54.1430
20
58.2860
0
VERTEX
8
ENGRAVE
10
54.2860
20
58.4290
0
VERTEX
8
ENGRAVE
10
54.5710
20
58.4290
0
VERTEX
8
ENGRAVE
10
54.8570
20
58.4290
0
VERTEX
8
ENGRAVE
10
55.0000
20
58.2860
0
VERTEX
8
ENGRAVE
10
54.8570
20
58.1430
0
VERTEX
8
ENGRAVE
10
54.5710
20
58.1430
0
VERTEX
8
ENGRAVE
10
54.4290
20
58.0000
0
VERTEX
8
ENGRAVE
10
54.2860
20
57.8570
0
VERTEX
8
ENGRAVE
10
54.1430
20
58.0000
0
SEQEND
0
POLYLINE
8
ENGRAVE
66
1
70
1
0
VERTEX
8
ENGRAVE
10
62.7140
20
58.0000
0
VERTEX
8
ENGRAVE
10
62.8570
20
58.1430
0
VERTEX
8
ENGRAVE
10
63.1430
20
58.1430
0
VERTEX
8
ENGRAVE
10
63.2860
20
58.0000
0
VERTEX
8
ENGRAVE
10
63.4290
20
57.8570
0
VERTEX
8
ENGRAVE
10
63.7140
20
57.8570
0
VERTEX
8
ENGRAVE
10
63.8570
20
57.7140
0
VERTEX
8
ENGRAVE
10
63.8570
20
57.4290
0
VERTEX
8
ENGRAVE
10
63.8570
20
57.1430
0
VERTEX
8
ENGRAVE
10
63.7140
20
57.0000
0
VERTEX
8
ENGRAVE
10
63.5710
20
56.8570
0
VERTEX
8
ENGRAVE
10
63.4290
20
56.7140
0
VERTEX
8
ENGRAVE
10
63.1430
20
56.7140
0
VERTEX
8
ENGRAVE
10
63.0000
20
56.5710
0
VERTEX
8
ENGRAVE
10
63.1430
20
56.4290
0
VERTEX
8
ENGRAVE
10
63.4290
20
56.4290
0
VERTEX
8
ENGRAVE
10
63.7140
20
56.4290
0
VERTEX
8
ENGRAVE
10
64.0000
20
56.4290
0
VERTEX
8
ENGRAVE
10
64.1430
20
56.2860
0
VERTEX
8
ENGRAVE
10
64.1430
20
56.0000
0
VERTEX
8
ENGRAVE
10
64.1430
20
55.7140
0
VERTEX
8
ENGRAVE
10
64.0000
20
55.5710
0
VERTEX
8
ENGRAVE
10
63.7140
20
55.5710
0
VERTEX
8
ENGRAVE
10
63.4290
20
55.5710
0
VERTEX
8
ENGRAVE
10
63.2860
20
55.7140
0
VERTEX
8
ENGRAVE
10
63.1430
20
55.8570
0
VERTEX
8
ENGRAVE
10
63.0000
20
56.0000
0
VERTEX
8
ENGRAVE
10
62.8570
20
56.1430
0
VERTEX
8
ENGRAVE
10
62.5710
20
56.1430
0
VERTEX
8
ENGRAVE
10
62.2860
20
56.1430
0
VERTEX
8
ENGRAVE
10
62.1430
20
56.2860
0
VERTEX
8
ENGRAVE
10
62.1430
20
56.5710
0
VERTEX
8
ENGRAVE
10
62.2860
20
56.7140
0
VERTEX
8
ENGRAVE
10
62.4290
20
56.8570
0
VERTEX
8
ENGRAVE
10
62.5710
20
57.0000
0
VERTEX
8
ENGRAVE
10
62.7140
20
57.1430
0
VERTEX
8
ENGRAVE
10
62.7140
20
57.4290
0
VERTEX
8
ENGRAVE
10
62.7140
20
57.7140
0
SEQEND
0
POLYLINE
8
ENGRAVE
66
1
70
1
0
VERTEX
8
ENGRAVE
10
53.0000
20
57.1430
0
VERTEX
8
ENGRAVE
10
53.1430
20
57.2860
0
VERTEX
8
ENGRAVE
10
53.2860
20
57.1430
0
VERTEX
8
ENGRAVE
10
53.2860
20
56.8570
0
VERTEX
8
ENGRAVE
10
53.1430
20
56.7140
0
VERTEX
8
ENGRAVE
10
53.0000
20
56.8570
0
SEQEND
0
POLYLINE
8
ENGRAVE
66
1
70
1
0
VERTEX
8
ENGRAVE
10
58.4290
20
53.4290
0
VERTEX
8
ENGRAVE
10
58.5710
20
53.5710
0
VERTEX
8
ENGRAVE
10
58.8570
20
53.5710
0
VERTEX
8
ENGRAVE
10
59.0000
20
53.4290
0
VERTEX
8
ENGRAVE
10
59.0000
20
53.1430
0
VERTEX
8
ENGRAVE
10
59.0000
20
52.8570
0
VERTEX
8
ENGRAVE
10
59.0000
20
52.5710
0
VERTEX
8
ENGRAVE
10
58.8570
20
52.4290
0
VERTEX
8
ENGRAVE
10
58.7140
20
52.2860
0
VERTEX
8
ENGRAVE
10
58.5710
20
52.1430
0
VERTEX
8
ENGRAVE
10
58.4290
20
52.2860
0
VERTEX
8
ENGRAVE
10
58.4290
20
52.5710
0
VERTEX
8
ENGRAVE
10
58.4290
20
52.8570
0
VERTEX
8
ENGRAVE
10
58.4290
20
53.1430
0
SEQEND
0
POLYLINE
8
ENGRAVE
66
1
70
1
0
VERTEX
8
ENGRAVE
10
58.7140
20
50.8570
0
VERTEX
8
ENGRAVE
10
58.8570
20
51.0000
0
VERTEX
8
ENGRAVE
10
59.0000
20
50.8570
0
VERTEX
8
ENGRAVE
10
59.0000
20
50.5710
0
VERTEX
8
ENGRAVE
10
59.0000
20
50.2860
0
VERTEX
8
ENGRAVE
10
59.1430
20
50.1430
0
VERTEX
8
ENGRAVE
10
59.2860
20
50.0000
0
VERTEX
8
ENGRAVE
10
59.2860
20
49.7140
0
VERTEX
8
ENGRAVE
10
59.2860
20
49.4290
0
VERTEX
8
ENGRAVE
10
59.2860
20
49.1430
0
VERTEX
8
ENGRAVE
10
59.2860
20
48.8570
0
VERTEX
8
ENGRAVE
10
59.2860
20
48.5710
0
VERTEX
8
ENGRAVE
10
59.2860
20
48.2860
0
VERTEX
8
ENGRAVE
10
59.4290
20
48.1430
0
VERTEX
8
ENGRAVE
10
59.5710
20
48.0000
0
VERTEX
8
ENGRAVE
10
59.5710
20
47.7140
0
VERTEX
8
ENGRAVE
10
59.5710
20
47.4290
0
VERTEX
8
ENGRAVE
10
59.5710
20
47.1430
0
VERTEX
8
ENGRAVE
10
59.7140
20
47.0000
0
VERTEX
8
ENGRAVE
10
59.8570
20
46.8570
0
VERTEX
8
ENGRAVE
10
59.8570
20
46.5710
0
VERTEX
8
ENGRAVE
10
59.8570
20
46.2860
0
VERTEX
8
ENGRAVE
10
59.8570
20
46.0000
0
VERTEX
8
ENGRAVE
10
59.8570
20
45.7140
0
VERTEX
8
ENGRAVE
10
59.8570
20
45.4290
0
VERTEX
8
ENGRAVE
10
59.8570
20
45.1430
0
VERTEX
8
ENGRAVE
10
60.0000
20
45.0000
0
VERTEX
8
ENGRAVE
10
60.1430
20
44.8570
0
VERTEX
8
ENGRAVE
10
60.1430
20
44.5710
0
VERTEX
8
ENGRAVE
10
60.1430
20
44.2860
0
VERTEX
8
ENGRAVE
10
60.1430
20
44.0000
0
VERTEX
8
ENGRAVE
10
60.2860
20
43.8570
0
VERTEX
8
ENGRAVE
10
60.4290
20
43.7140
0
VERTEX
8
ENGRAVE
10
60.4290
20
43.4290
0
VERTEX
8
ENGRAVE
10
60.4290
20
43.1430
0
VERTEX
8
ENGRAVE
10
60.4290
20
42.8570
0
VERTEX
8
ENGRAVE
10
60.4290
20
42.5710
0
VERTEX
8
ENGRAVE
10
60.4290
20
42.2860
0
VERTEX
8
ENGRAVE
10
60.5710
20
42.1430
0
VERTEX
8
ENGRAVE
10
60.7140
20
42.0000
0
VERTEX
8
ENGRAVE
10
60.7140
20
41.7140
0
VERTEX
8
ENGRAVE
10
60.7140
20
41.4290
0
VERTEX
8
ENGRAVE
10
60.8570
20
41.2860
0
VERTEX
8
ENGRAVE
10
61.0000
20
41.1430
0
VERTEX
8
ENGRAVE
10
61.0000
20
40.8570
0
VERTEX
8
ENGRAVE
10
61.0000
20
40.5710
0
VERTEX
8
ENGRAVE
10
61.1430
20
40.4290
0
VERTEX
8
ENGRAVE
10
61.2860
20
40.2860
0
VERTEX
8
ENGRAVE
10
61.2860
20
40.0000
0
VERTEX
8
ENGRAVE
10
61.2860
20
39.7140
0
VERTEX
8
ENGRAVE
10
61.2860
20
39.4290
0
VERTEX
8
ENGRAVE
10
61.4290
20
39.2860
0
VERTEX
8
ENGRAVE
10
61.5710
20
39.1430
0
VERTEX
8
ENGRAVE
10
61.5710
20
38.8570
0
VERTEX
8
ENGRAVE
10
61.5710
20
38.5710
0
VERTEX
8
ENGRAVE
10
61.5710
20
38.2860
0
VERTEX
8
ENGRAVE
10
61.5710
20
38.0000
0
VERTEX
8
ENGRAVE
10
61.4290
20
37.8570
0
VERTEX
8
ENGRAVE
10
61.1430
20
37.8570
0
VERTEX
8
ENGRAVE
10
60.8570
20
37.8570
0
VERTEX
8
ENGRAVE
10
60.5710
20
37.8570
0
VERTEX
8
ENGRAVE
10
60.2860
20
37.8570
0
VERTEX
8
ENGRAVE
10
60.0000
20
37.8570
0
VERTEX
8
ENGRAVE
10
59.7140
20
37.8570
0
VERTEX
8
ENGRAVE
10
59.4290
20
37.8570
0
VERTEX
8
ENGRAVE
10
59.1430
20
37.8570
0
VERTEX
8
ENGRAVE
10
58.8570
20
37.8570
0
VERTEX
8
ENGRAVE
10
58.5710
20
37.8570
0
VERTEX
8
ENGRAVE
10
58.2860
20
37.8570
0
VERTEX
8
ENGRAVE
10
58.0000
20
37.8570
0
VERTEX
8
ENGRAVE
10
57.7140
20
37.8570
0
VERTEX
8
ENGRAVE
10
57.4290
20
37.8570
0
VERTEX
8
ENGRAVE
10
57.1430
20
37.8570
0
VERTEX
8
ENGRAVE
10
57.0000
20
38.0000
0
VERTEX
8
ENGRAVE
10
57.1430
20
38.1430
0
VERTEX
8
ENGRAVE
10
57.2860
20
38.2860
0
VERTEX
8
ENGRAVE
10
57.2860
20
38.5710
0
VERTEX
8
ENGRAVE
10
57.2860
20
38.8570
0
VERTEX
8
ENGRAVE
10
57.2860
20
39.1430
0
VERTEX
8
ENGRAVE
10
57.2860
20
39.4290
0
VERTEX
8
ENGRAVE
10
57.2860
20
39.7140
0
VERTEX
8
ENGRAVE
10
57.2860
20
40.0000
0
VERTEX
8
ENGRAVE
10
57.2860
20
40.2860
0
VERTEX
8
ENGRAVE
10
57.2860
20
40.5710
0
VERTEX
8
ENGRAVE
10
57.2860
20
40.8570
0
VERTEX
8
ENGRAVE
10
57.4290
20
41.0000
0
VERTEX
8
ENGRAVE
10
57.5710
20
41.1430
0
VERTEX
8
ENGRAVE
10
57.4290
20
41.2860
0
VERTEX
8
ENGRAVE
10
57.2860
20
41.4290
0
VERTEX
8
ENGRAVE
10
57.2860
20
41.7140
0
VERTEX
8
ENGRAVE
10
57.2860
20
42.0000
0
VERTEX
8
ENGRAVE
10
57.2860
20
42.2860
0
VERTEX
8
ENGRAVE
10
57.4290
20
42.4290
0
VERTEX
8
ENGRAVE
10
57.5710
20
42.5710
0
VERTEX
8
ENGRAVE
10
57.5710
20
42.8570
0
VERTEX
8
ENGRAVE
10
57.5710
20
43.1430
0
VERTEX
8
ENGRAVE
10
57.5710
20
43.4290
0
VERTEX
8
ENGRAVE
10
57.5710
20
43.7140
0
VERTEX
8
ENGRAVE
10
57.5710
20
44.0000
0
VERTEX
8
ENGRAVE
10
57.7140
20
44.1430
0
VERTEX
8
ENGRAVE
10
57.8570
20
44.2860
0
VERTEX
8
ENGRAVE
10
57.8570
20
44.5710
0
VERTEX
8
ENGRAVE
10
57.8570
20
44.8570
0
VERTEX
8
ENGRAVE
10
57.8570
20
45.1430
0
VERTEX
8
ENGRAVE
10
57.8570
20
45.4290
0
VERTEX
8
ENGRAVE
10
58.0000
20
45.5710
0
VERTEX
8
ENGRAVE
10
58.1430
20
45.7140
0
VERTEX
8
ENGRAVE
10
58.1430
20
46.0000
0
VERTEX
8
ENGRAVE
10
58.1430
20
46.2860
0
VERTEX
8
ENGRAVE
10
58.1430
20
46.5710
0
VERTEX
8
ENGRAVE
10
58.1430
20
46.8570
0
VERTEX
8
ENGRAVE
10
58.2860
20
47.0000
0
VERTEX
8
ENGRAVE
10
58.4290
20
47.1430
0
VERTEX
8
ENGRAVE
10
58.4290
20
47.4290
0
VERTEX
8
ENGRAVE
10
58.4290
20
47.7140
0
VERTEX
8
ENGRAVE
10
58.4290
20
48.0000
0
VERTEX
8
ENGRAVE
10
58.5710
20
48.1430
0
VERTEX
8
ENGRAVE
10
58.7140
20
48.2860
0
VERTEX
8
ENGRAVE
10
58.7140
20
48.5710
0
VERTEX
8
ENGRAVE
10
58.7140
20
48.8570
0
VERTEX
8
ENGRAVE
10
58.7140
20
49.1430
0
VERTEX
8
ENGRAVE
10
58.7140
20
49.4290
0
VERTEX
8
ENGRAVE
10
58.7140
20
49.7140
0
VERTEX
8
ENGRAVE
10
58.7140
20
50.0000
0
VERTEX
8
ENGRAVE
10
58.7140
20
50.2860
0
VERTEX
8
ENGRAVE
10
58.7140
20
50.5710
0
SEQEND
0
POLYLINE
8
ENGRAVE
66
1
70
1
0
VERTEX
8
ENGRAVE
10
59.2860
20
50.8570
0
VERTEX
8
ENGRAVE
10
59.4290
20
51.0000
0
VERTEX
8
ENGRAVE
10
59.5710
20
50.8570
0
VERTEX
8
ENGRAVE
10
59.4290
20
50.7140
0
SEQEND
0
POLYLINE
8
ENGRAVE
66
1
70
1
0
VERTEX
8
ENGRAVE
10
57.8570
20
48.8570
0
VERTEX
8
ENGRAVE
10
58.0000
20
49.0000
0
VERTEX
8
ENGRAVE
10
58.1430
20
48.8570
0
VERTEX
8
ENGRAVE
10
58.1430
20
48.5710
0
VERTEX
8
ENGRAVE
10
58.0000
20
48.4290
0
VERTEX
8
ENGRAVE
10
57.8570
20
48.5710
0
SEQEND
0
POLYLINE
8
ENGRAVE
66
1
70
1
0
VERTEX
8
ENGRAVE
10
57.5710
20
46.5710
0
VERTEX
8
ENGRAVE
10
57.7140
20
46.7140
0
VERTEX
8
ENGRAVE
10
57.8570
20
46.5710
0
VERTEX
8
ENGRAVE
10
57.7140
20
46.4290
0
SEQEND
0
POLYLINE
8
ENGRAVE
66
1
70
1
0
VERTEX
8
ENGRAVE
10
49.2860
20
46.2860
0
VERTEX
8
ENGRAVE
10
49.4290
20
46.4290
0
VERTEX
8
ENGRAVE
10
49.5710
20
46.2860
0
VERTEX
8
ENGRAVE
10
49.4290
20
46.1430
0
SEQEND
0
POLYLINE
8
ENGRAVE
66
1
70
1
0
VERTEX
8
ENGRAVE
10
68.4290
20
45.7140
0
VERTEX
8
ENGRAVE
10
68.5710
20
45.8570
0
VERTEX
8
ENGRAVE
10
68.7140
20
45.7140
0
VERTEX
8
ENGRAVE
10
68.7140
20
45.4290
0
VERTEX
8
ENGRAVE
10
68.5710
20
45.2860
0
VERTEX
8
ENGRAVE
10
68.4290
20
45.4290
0
SEQEND
0
POLYLINE
8
ENGRAVE
66
1
70
1
0
VERTEX
8
ENGRAVE
10
68.7140
20
44.8570
0
VERTEX
8
ENGRAVE
10
68.8570
20
45.0000
0
VERTEX
8
ENGRAVE
10
69.0000
20
44.8570
0
VERTEX
8
ENGRAVE
10
69.0000
20
44.5710
0
VERTEX
8
ENGRAVE
10
69.0000
20
44.2860
0
VERTEX
8
ENGRAVE
10
69.1430
20
44.1430
0
VERTEX
8
ENGRAVE
10
69.2860
20
44.0000
0
VERTEX
8
ENGRAVE
10
69.2860
20
43.7140
0
VERTEX
8
ENGRAVE
10
69.1430
20
43.5710
0
VERTEX
8
ENGRAVE
10
69.0000
20
43.7140
0
VERTEX
8
ENGRAVE
10
68.8570
20
43.8570
0
VERTEX
8
ENGRAVE
10
68.7140
20
44.0000
0
VERTEX
8
ENGRAVE
10
68.7140
20
44.2860
0
VERTEX
8
ENGRAVE
10
68.7140
20
44.5710
0
SEQEND
0
POLYLINE
8
ENGRAVE
66
1
70
1
0
VERTEX
8
ENGRAVE
10
57.0000
20
44.2860
0
VERTEX
8
ENGRAVE
10
57.1430
20
44.4290
0
VERTEX
8
ENGRAVE
10
57.2860
20
44.2860
0
VERTEX
8
ENGRAVE
10
57.2860
20
44.0000
0
VERTEX
8
ENGRAVE
10
57.2860
20
43.7140
0
VERTEX
8
ENGRAVE
10
57.2860
20
43.4290
0
VERTEX
8
ENGRAVE
10
57.2860
20
43.1430
0
VERTEX
8
ENGRAVE
10
57.1430
20
43.0000
0
VERTEX
8
ENGRAVE
10
57.0000
20
42.8570
0
VERTEX
8
ENGRAVE
10
57.0000
20
42.5710
0
VERTEX
8
ENGRAVE
10
57.0000
20
42.2860
0
VERTEX
8
ENGRAVE
10
57.0000
20
42.0000
0
VERTEX
8
ENGRAVE
10
57.0000
20
41.7140
0
VERTEX
8
ENGRAVE
10
57.0000
20
41.4290
0
VERTEX
8
ENGRAVE
10
57.0000
20
41.1430
0
VERTEX
8
ENGRAVE
10
57.0000
20
40.8570
0
VERTEX
8
ENGRAVE
10
56.8570
20
40.7140
0
VERTEX
8
ENGRAVE
10
56.7140
20
40.8570
0
VERTEX
8
ENGRAVE
10
56.7140
20
41.1430
0
VERTEX
8
ENGRAVE
10
56.7140
20
41.4290
0
VERTEX
8
ENGRAVE
10
56.7140
20
41.7140
0
VERTEX
8
ENGRAVE
10
56.7140
20
42.0000
0
VERTEX
8
ENGRAVE
10
56.5710
20
42.1430
0
VERTEX
8
ENGRAVE
10
56.4290
20
42.2860
0
VERTEX
8
ENGRAVE
10
56.5710
20
42.4290
0
VERTEX
8
ENGRAVE
10
56.7140
20
42.5710
0
VERTEX
8
ENGRAVE
10
56.7140
20
42.8570
0
VERTEX
8
ENGRAVE
10
56.7140
20
43.1430
0
VERTEX
8
ENGRAVE
10
56.7140
20
43.4290
0
VERTEX
8
ENGRAVE
10
56.7140
20
43.7140
0
VERTEX
8
ENGRAVE
10
56.8570
20
43.8570
0
VERTEX
8
ENGRAVE
10
57.0000
20
44.0000
0
SEQEND
0
POLYLINE
8
ENGRAVE
66
1
70
1
0
VERTEX
8
ENGRAVE
10
69.0000
20
40.2860
0
VERTEX
8
ENGRAVE
10
69.1430
20
40.4290
0
VERTEX
8
ENGRAVE
10
69.4290
20
40.4290
0
VERTEX
8
ENGRAVE
10
69.7140
20
40.4290
0
VERTEX
8
ENGRAVE
10
70.0000
20
40.4290
0
VERTEX
8
ENGRAVE
10
70.2860
20
40.4290
0
VERTEX
8
ENGRAVE
10
70.4290
20
40.2860
0
VERTEX
8
ENGRAVE
10
70.5710
20
40.1430
0
VERTEX
8
ENGRAVE
10
70.8570
20
40.1430
0
VERTEX
8
ENGRAVE
10
71.1430
20
40.1430
0
VERTEX
8
ENGRAVE
10
71.4290
20
40.1430
0
VERTEX
8
ENGRAVE
10
71.5710
20
40.0000
0
VERTEX
8
ENGRAVE
10
71.7140
20
39.8570
0
VERTEX
8
ENGRAVE
10
72.0000
20
39.8570
0
VERTEX
8
ENGRAVE
10
72.1430
20
39.7140
0
VERTEX
8
ENGRAVE
10
72.2860
20
39.5710
0
VERTEX
8
ENGRAVE
10
72.4290
20
39.4290
0
VERTEX
8
ENGRAVE
10
72.5710
20
39.2860
0
VERTEX
8
ENGRAVE
10
72.8570
20
39.2860
0
VERTEX
8
ENGRAVE
10
73.0000
20
39.1430
0
VERTEX
8
ENGRAVE
10
73.1430
20
39.0000
0
VERTEX
8
ENGRAVE
10
73.2860
20
38.8570
0
VERTEX
8
ENGRAVE
10
73.2860
20
38.5710
0
VERTEX
8
ENGRAVE
10
73.4290
20
38.4290
0
VERTEX
8
ENGRAVE
10
73.5710
20
38.2860
0
VERTEX
8
ENGRAVE
10
73.7140
20
38.1430
0
VERTEX
8
ENGRAVE
10
73.8570
20
38.0000
0
VERTEX
8
ENGRAVE
10
74.0000
20
37.8570
0
VERTEX
8
ENGRAVE
10
74.1430
20
37.7140
0
VERTEX
8
ENGRAVE
10
74.2860
20
37.5710
0
VERTEX
8
ENGRAVE
10
74.5710
20
37.5710
0
VERTEX
8
ENGRAVE
10
74.8570
20
37.5710
0
VERTEX
8
ENGRAVE
10
75.1430
20
37.5710
0
VERTEX
8
ENGRAVE
10
75.4290
20
37.5710
0
VERTEX
8
ENGRAVE
10
75.5710
20
37.4290
0
VERTEX
8
ENGRAVE
10
75.7140
20
37.2860
0
VERTEX
8
ENGRAVE
10
76.0000
20
37.2860
0
VERTEX
8
ENGRAVE
10
76.2860
20
37.2860
0
VERTEX
8
ENGRAVE
10
76.4290
20
37.1430
0
VERTEX
8
ENGRAVE
10
76.2860
20
37.0000
0
VERTEX
8
ENGRAVE
10
76.1430
20
36.8570
0
VERTEX
8
ENGRAVE
10
76.0000
20
36.7140
0
VERTEX
8
ENGRAVE
10
75.7140
20
36.7140
0
VERTEX
8
ENGRAVE
10
75.4290
20
36.7140
0
VERTEX
8
ENGRAVE
10
75.2860
20
36.5710
0
VERTEX
8
ENGRAVE
10
75.1430
20
36.4290
0
VERTEX
8
ENGRAVE
10
74.8570
20
36.4290
0
VERTEX
8
ENGRAVE
10
74.5710
20
36.4290
0
VERTEX
8
ENGRAVE
10
74.2860
20
36.4290
0
VERTEX
8
ENGRAVE
10
74.0000
20
36.4290
0
VERTEX
8
ENGRAVE
10
73.7140
20
36.4290
0
VERTEX
8
ENGRAVE
10
73.4290
20
36.4290
0
VERTEX
8
ENGRAVE
10
73.2860
20
36.2860
0
VERTEX
8
ENGRAVE
10
73.1430
20
36.1430
0
VERTEX
8
ENGRAVE
10
72.8570
20
36.1430
0
VERTEX
8
ENGRAVE
10
72.5710
20
36.1430
0
VERTEX
8
ENGRAVE
10
72.2860
20
36.1430
0
VERTEX
8
ENGRAVE
10
72.0000
20
36.1430
0
VERTEX
8
ENGRAVE
10
71.7140
20
36.1430
0
VERTEX
8
ENGRAVE
10
71.4290
20
36.1430
0
VERTEX
8
ENGRAVE
10
71.1430
20
36.1430
0
VERTEX
8
ENGRAVE
10
70.8570
20
36.1430
0
VERTEX
8
ENGRAVE
10
70.5710
20
36.1430
0
VERTEX
8
ENGRAVE
10
70.2860
20
36.1430
0
VERTEX
8
ENGRAVE
10
70.1430
20
36.0000
0
VERTEX
8
ENGRAVE
10
70.0000
20
35.8570
0
VERTEX
8
ENGRAVE
10
69.7140
20
35.8570
0
VERTEX
8
ENGRAVE
10
69.4290
20
35.8570
0
VERTEX
8
ENGRAVE
10
69.1430
20
35.8570
0
VERTEX
8
ENGRAVE
10
68.8570
20
35.8570
0
VERTEX
8
ENGRAVE
10
68.5710
20
35.8570
0
VERTEX
8
ENGRAVE
10
68.2860
20
35.8570
0
VERTEX
8
ENGRAVE
10
68.0000
20
35.8570
0
VERTEX
8
ENGRAVE
10
67.7140
20
35.8570
0
VERTEX
8
ENGRAVE
10
67.4290
20
35.8570
0
VERTEX
8
ENGRAVE
10
67.1430
20
35.8570
0
VERTEX
8
ENGRAVE
10
67.0000
20
36.0000
0
VERTEX
8
ENGRAVE
10
66.8570
20
36.1430
0
VERTEX
8
ENGRAVE
10
66.5710
20
36.1430
0
VERTEX
8
ENGRAVE
10
66.4290
20
36.0000
0
VERTEX
8
ENGRAVE
10
66.2860
20
35.8570
0
VERTEX
8
ENGRAVE
10
66.0000
20
35.8570
0
VERTEX
8
ENGRAVE
10
65.7140
20
35.8570
0
VERTEX
8
ENGRAVE
10
65.4290
20
35.8570
0
VERTEX
8
ENGRAVE
10
65.1430
20
35.8570
0
VERTEX
8
ENGRAVE
10
64.8570
20
35.8570
0
VERTEX
8
ENGRAVE
10
64.5710
20
35.8570
0
VERTEX
8
ENGRAVE
10
64.2860
20
35.8570
0
VERTEX
8
ENGRAVE
10
64.0000
20
35.8570
0
VERTEX
8
ENGRAVE
10
63.7140
20
35.8570
0
VERTEX
8
ENGRAVE
10
63.4290
20
35.8570
0
VERTEX
8
ENGRAVE
10
63.1430
20
35.8570
0
VERTEX
8
ENGRAVE
10
62.8570
20
35.8570
0
VERTEX
8
ENGRAVE
10
62.5710
20
35.8570
0
VERTEX
8
ENGRAVE
10
62.2860
20
35.8570
0
VERTEX
8
ENGRAVE
10
62.0000
20
35.8570
0
VERTEX
8
ENGRAVE
10
61.7140
20
35.8570
0
VERTEX
8
ENGRAVE
10
61.4290
20
35.8570
0
VERTEX
8
ENGRAVE
10
61.1430
20
35.8570
0
VERTEX
8
ENGRAVE
10
61.0000
20
35.7140
0
VERTEX
8
ENGRAVE
10
60.8570
20
35.5710
0
VERTEX
8
ENGRAVE
10
60.5710
20
35.5710
0
VERTEX
8
ENGRAVE
10
60.2860
20
35.5710
0
VERTEX
8
ENGRAVE
10
60.0000
20
35.5710
0
VERTEX
8
ENGRAVE
10
59.7140
20
35.5710
0
VERTEX
8
ENGRAVE
10
59.4290
20
35.5710
0
VERTEX
8
ENGRAVE
10
59.1430
20
35.5710
0
VERTEX
8
ENGRAVE
10
58.8570
20
35.5710
0
VERTEX
8
ENGRAVE
10
58.5710
20
35.5710
0
VERTEX
8
ENGRAVE
10
58.2860
20
35.5710
0
VERTEX
8
ENGRAVE
10
58.0000
20
35.5710
0
VERTEX
8
ENGRAVE
10
57.7140
20
35.5710
0
VERTEX
8
ENGRAVE
10
57.4290
20
35.5710
0
VERTEX
8
ENGRAVE
10
57.1430
20
35.5710
0
VERTEX
8
ENGRAVE
10
56.8570
20
35.5710
0
VERTEX
8
ENGRAVE
10
56.5710
20
35.5710
0
VERTEX
8
ENGRAVE
10
56.2860
20
35.5710
0
VERTEX
8
ENGRAVE
10
56.0000
20
35.5710
0
VERTEX
8
ENGRAVE
10
55.7140
20
35.5710
0
VERTEX
8
ENGRAVE
10
55.4290
20
35.5710
0
VERTEX
8
ENGRAVE
10
55.1430
20
35.5710
0
VERTEX
8
ENGRAVE
10
54.8570
20
35.5710
0
VERTEX
8
ENGRAVE
10
54.5710
20
35.5710
0
VERTEX
8
ENGRAVE
10
54.2860
20
35.5710
0
VERTEX
8
ENGRAVE
10
54.0000
20
35.5710
0
VERTEX
8
ENGRAVE
10
53.7140
20
35.5710
0
VERTEX
8
ENGRAVE
10
53.4290
20
35.5710
0
VERTEX
8
ENGRAVE
10
53.1430
20
35.5710
0
VERTEX
8
ENGRAVE
10
52.8570
20
35.5710
0
VERTEX
8
ENGRAVE
10
52.5710
20
35.5710
0
VERTEX
8
ENGRAVE
10
52.2860
20
35.5710
0
VERTEX
8
ENGRAVE
10
52.0000
20
35.5710
0
VERTEX
8
ENGRAVE
10
51.7140
20
35.5710
0
VERTEX
8
ENGRAVE
10
51.4290
20
35.5710
0
VERTEX
8
ENGRAVE
10
51.1430
20
35.5710
0
VERTEX
8
ENGRAVE
10
50.8570
20
35.5710
0
VERTEX
8
ENGRAVE
10
50.5710
20
35.5710
0
VERTEX
8
ENGRAVE
10
50.2860
20
35.5710
0
VERTEX
8
ENGRAVE
10
50.0000
20
35.5710
0
VERTEX
8
ENGRAVE
10
49.7140
20
35.5710
0
VERTEX
8
ENGRAVE
10
49.4290
20
35.5710
0
VERTEX
8
ENGRAVE
10
49.1430
20
35.5710
0
VERTEX
8
ENGRAVE
10
48.8570
20
35.5710
0
VERTEX
8
ENGRAVE
10
48.7140
20
35.7140
0
VERTEX
8
ENGRAVE
10
48.5710
20
35.8570
0
VERTEX
8
ENGRAVE
10
48.2860
20
35.8570
0
VERTEX
8
ENGRAVE
10
48.0000
20
35.8570
0
VERTEX
8
ENGRAVE
10
47.7140
20
35.8570
0
VERTEX
8
ENGRAVE
10
47.4290
20
35.8570
0
VERTEX
8
ENGRAVE
10
47.1430
20
35.8570
0
VERTEX
8
ENGRAVE
10
47.0000
20
36.0000
0
VERTEX
8
ENGRAVE
10
46.8570
20
36.1430
0
VERTEX
8
ENGRAVE
10
46.5710
20
36.1430
0
VERTEX
8
ENGRAVE
10
46.4290
20
36.2860
0
VERTEX
8
ENGRAVE
10
46.2860
20
36.4290
0
VERTEX
8
ENGRAVE
10
46.1430
20
36.5710
0
VERTEX
8
ENGRAVE
10
46.1430
20
36.8570
0
VERTEX
8
ENGRAVE
10
46.2860
20
37.0000
0
VERTEX
8
ENGRAVE
10
46.4290
20
37.1430
0
VERTEX
8
ENGRAVE
10
46.5710
20
37.2860
0
VERTEX
8
ENGRAVE
10
46.7140
20
37.4290
0
VERTEX
8
ENGRAVE
10
46.7140
20
37.7140
0
VERTEX
8
ENGRAVE
10
46.8570
20
37.8570
0
VERTEX
8
ENGRAVE
10
47.0000
20
38.0000
0
VERTEX
8
ENGRAVE
10
47.1430
20
38.1430
0
VERTEX
8
ENGRAVE
10
47.2860
20
38.2860
0
VERTEX
8
ENGRAVE
10
47.2860
20
38.5710
0
VERTEX
8
ENGRAVE
10
47.4290
20
38.7140
0
VERTEX
8
ENGRAVE
10
47.5710
20
38.8570
0
VERTEX
8
ENGRAVE
10
47.7140
20
39.0000
0
VERTEX
8
ENGRAVE
10
48.0000
20
39.0000
0
VERTEX
8
ENGRAVE
10
48.1430
20
39.1430
0
VERTEX
8
ENGRAVE
10
48.2860
20
39.2860
0
VERTEX
8
ENGRAVE
10
48.5710
20
39.2860
0
VERTEX
8
ENGRAVE
10
48.7140
20
39.4290
0
VERTEX
8
ENGRAVE
10
48.8570
20
39.5710
0
VERTEX
8
ENGRAVE
10
49.1430
20
39.5710
0
VERTEX
8
ENGRAVE
10
49.4290
20
39.5710
0
VERTEX
8
ENGRAVE
10
49.7140
20
39.5710
0
VERTEX
8
ENGRAVE
10
50.0000
20
39.5710
0
VERTEX
8
ENGRAVE
10
50.2860
20
39.5710
0
VERTEX
8
ENGRAVE
10
50.5710
20
39.5710
0
VERTEX
8
ENGRAVE
10
50.8570
20
39.5710
0
VERTEX
8
ENGRAVE
10
51.1430
20
39.5710
0
VERTEX
8
ENGRAVE
10
51.2860
20
39.4290
0
VERTEX
8
ENGRAVE
10
51.4290
20
39.2860
0
VERTEX
8
ENGRAVE
10
51.7140
20
39.2860
0
VERTEX
8
ENGRAVE
10
51.8570
20
39.1430
0
VERTEX
8
ENGRAVE
10
52.0000
20
39.0000
0
VERTEX
8
ENGRAVE
10
52.2860
20
39.0000
0
VERTEX
8
ENGRAVE
10
52.5710
20
39.0000
0
VERTEX
8
ENGRAVE
10
52.7140
20
38.8570
0
VERTEX
8
ENGRAVE
10
52.8570
20
38.7140
0
VERTEX
8
ENGRAVE
10
53.0000
20
38.5710
0
VERTEX
8
ENGRAVE
10
53.1430
20
38.4290
0
VERTEX
8
ENGRAVE
10
53.4290
20
38.4290
0
VERTEX
8
ENGRAVE
10
53.5710
20
38.2860
0
VERTEX
8
ENGRAVE
10
53.5710
20
38.0000
0
VERTEX
8
ENGRAVE
10
53.7140
20
37.8570
0
VERTEX
8
ENGRAVE
10
54.0000
20
37.8570
0
VERTEX
8
ENGRAVE
10
54.1430
20
37.7140
0
VERTEX
8
ENGRAVE
10
54.2860
20
37.5710
0
VERTEX
8
ENGRAVE
10
54.5710
20
37.5710
0
VERTEX
8
ENGRAVE
10
54.8570
20
37.5710
0
VERTEX
8
ENGRAVE
10
55.0000
20
37.4290
0
VERTEX
8
ENGRAVE
10
55.1430
20
37.2860
0
VERTEX
8
ENGRAVE
10
55.4290
20
37.2860
0
VERTEX
8
ENGRAVE
10
55.7140
20
37.2860
0
VERTEX
8
ENGRAVE
10
56.0000
20
37.2860
0
VERTEX
8
ENGRAVE
10
56.1430
20
37.4290
0
VERTEX
8
ENGRAVE
10
56.2860
20
37.5710
0
VERTEX
8
ENGRAVE
10
56.4290
20
37.7140
0
VERTEX
8
ENGRAVE
10
56.5710
20
37.8570
0
VERTEX
8
ENGRAVE
10
56.7140
20
37.7140
0
VERTEX
8
ENGRAVE
10
56.7140
20
37.4290
0
VERTEX
8
ENGRAVE
10
56.8570
20
37.2860
0
VERTEX
8
ENGRAVE
10
57.1430
20
37.2860
0
VERTEX
8
ENGRAVE
10
57.4290
20
37.2860
0
VERTEX
8
ENGRAVE
10
57.7140
20
37.2860
0
VERTEX
8
ENGRAVE
10
58.0000
20
37.2860
0
VERTEX
8
ENGRAVE
10
58.2860
20
37.2860
0
VERTEX
8
ENGRAVE
10
58.5710
20
37.2860
0
VERTEX
8
ENGRAVE
10
58.8570
20
37.2860
0
VERTEX
8
ENGRAVE
10
59.0000
20
37.4290
0
VERTEX
8
ENGRAVE
10
59.1430
20
37.5710
0
VERTEX
8
ENGRAVE
10
59.4290
20
37.5710
0
VERTEX
8
ENGRAVE
10
59.7140
20
37.5710
0
VERTEX
8
ENGRAVE
10
60.0000
20
37.5710
0
VERTEX
8
ENGRAVE
10
60.2860
20
37.5710
0
VERTEX
8
ENGRAVE
10
60.5710
20
37.5710
0
VERTEX
8
ENGRAVE
10
60.8570
20
37.5710
0
VERTEX
8
ENGRAVE
10
61.1430
20
37.5710
0
VERTEX
8
ENGRAVE
10
61.4290
20
37.5710
0
VERTEX
8
ENGRAVE
10
61.7140
20
37.5710
0
VERTEX
8
ENGRAVE
10
62.0000
20
37.5710
0
VERTEX
8
ENGRAVE
10
62.2860
20
37.5710
0
VERTEX
8
ENGRAVE
10
62.5710
20
37.5710
0
VERTEX
8
ENGRAVE
10
62.8570
20
37.5710
0
VERTEX
8
ENGRAVE
10
63.1430
20
37.5710
0
VERTEX
8
ENGRAVE
10
63.4290
20
37.5710
0
VERTEX
8
ENGRAVE
10
63.7140
20
37.5710
0
VERTEX
8
ENGRAVE
10
64.0000
20
37.5710
0
VERTEX
8
ENGRAVE
10
64.2860
20
37.5710
0
VERTEX
8
ENGRAVE
10
64.5710
20
37.5710
0
VERTEX
8
ENGRAVE
10
64.8570
20
37.5710
0
VERTEX
8
ENGRAVE
10
65.1430
20
37.5710
0
VERTEX
8
ENGRAVE
10
65.2860
20
37.7140
0
VERTEX
8
ENGRAVE
10
65.4290
20
37.8570
0
VERTEX
8
ENGRAVE
10
65.5710
20
38.0000
0
VERTEX
8
ENGRAVE
10
65.7140
20
38.1430
0
VERTEX
8
ENGRAVE
10
66.0000
20
38.1430
0
VERTEX
8
ENGRAVE
10
66.1430
20
38.2860
0
VERTEX
8
ENGRAVE
10
66.2860
20
38.4290
0
VERTEX
8
ENGRAVE
10
66.4290
20
38.5710
0
VERTEX
8
ENGRAVE
10
66.5710
20
38.7140
0
VERTEX
8
ENGRAVE
10
66.8570
20
38.7140
0
VERTEX
8
ENGRAVE
10
67.0000
20
38.8570
0
VERTEX
8
ENGRAVE
10
67.1430
20
39.0000
0
VERTEX
8
ENGRAVE
10
67.4290
20
39.0000
0
VERTEX
8
ENGRAVE
10
67.5710
20
39.1430
0
VERTEX
8
ENGRAVE
10
67.7140
20
39.2860
0
VERTEX
8
ENGRAVE
10
68.0000
20
39.2860
0
VERTEX
8
ENGRAVE
10
68.1430
20
39.4290
0
VERTEX
8
ENGRAVE
10
68.2860
20
39.5710
0
VERTEX
8
ENGRAVE
10
68.5710
20
39.5710
0
VERTEX
8
ENGRAVE
10
68.7140
20
39.7140
0
VERTEX
8
ENGRAVE
10
68.8570
20
39.8570
0
VERTEX
8
ENGRAVE
10
69.0000
20
40.0000
0
SEQEND
0
POLYLINE
8
ENGRAVE
66
1
70
1
0
VERTEX
8
ENGRAVE
10
69.2860
20
39.1430
0
VERTEX
8
ENGRAVE
10
69.4290
20
39.2860
0
VERTEX
8
ENGRAVE
10
69.7140
20
39.2860
0
VERTEX
8
ENGRAVE
10
70.0000
20
39.2860
0
VERTEX
8
ENGRAVE
10
70.2860
20
39.2860
0
VERTEX
8
ENGRAVE
10
70.4290
20
39.1430
0
VERTEX
8
ENGRAVE
10
70.5710
20
39.0000
0
VERTEX
8
ENGRAVE
10
70.7140
20
38.8570
0
VERTEX
8
ENGRAVE
10
70.7140
20
38.5710
0
VERTEX
8
ENGRAVE
10
70.5710
20
38.4290
0
VERTEX
8
ENGRAVE
10
70.4290
20
38.2860
0
VERTEX
8
ENGRAVE
10
70.2860
20
38.1430
0
VERTEX
8
ENGRAVE
10
70.0000
20
38.1430
0
VERTEX
8
ENGRAVE
10
69.7140
20
38.1430
0
VERTEX
8
ENGRAVE
10
69.5710
20
38.2860
0
VERTEX
8
ENGRAVE
10
69.4290
20
38.4290
0
VERTEX
8
ENGRAVE
10
69.2860
20
38.5710
0
VERTEX
8
ENGRAVE
10
69.2860
20
38.8570
0
SEQEND
0
POLYLINE
8
ENGRAVE
66
1
70
1
0
VERTEX
8
ENGRAVE
10
47.8570
20
38.5710
0
VERTEX
8
ENGRAVE
10
48.0000
20
38.7140
0
VERTEX
8
ENGRAVE
10
48.2860
20
38.7140
0
VERTEX
8
ENGRAVE
10
48.5710
20
38.7140
0
VERTEX
8
ENGRAVE
10
48.7140
20
38.5710
0
VERTEX
8
ENGRAVE
10
48.8570
20
38.4290
0
VERTEX
8
ENGRAVE
10
49.0000
20
38.2860
0
VERTEX
8
ENGRAVE
10
48.8570
20
38.1430
0
VERTEX
8
ENGRAVE
10
48.7140
20
38.0000
0
VERTEX
8
ENGRAVE
10
48.7140
20
37.7140
0
VERTEX
8
ENGRAVE
10
48.5710
20
37.5710
0
VERTEX
8
ENGRAVE
10
48.2860
20
37.5710
0
VERTEX
8
ENGRAVE
10
48.0000
20
37.5710
0
VERTEX
8
ENGRAVE
10
47.8570
20
37.7140
0
VERTEX
8
ENGRAVE
10
47.8570
20
38.0000
0
VERTEX
8
ENGRAVE
10
47.8570
20
38.2860
0
SEQEND
0
POLYLINE
8
ENGRAVE
66
1
70
1
0
VERTEX
8
ENGRAVE
10
41.5570
20
111.0410
0
VERTEX
8
ENGRAVE
10
40.2100
20
111.0410
0
VERTEX
8
ENGRAVE
10
40.2100
20
111.4760
0
VERTEX
8
ENGRAVE
10
43.4340
20
111.4760
0
VERTEX
8
ENGRAVE
10
43.4340
20
111.0410
0
VERTEX
8
ENGRAVE
10
42.0860
20
111.0410
0
VERTEX
8
ENGRAVE
10
42.0860
20
107.5530
0
VERTEX
8
ENGRAVE
10
41.5570
20
107.5530
0
SEQEND
0
POLYLINE
8
ENGRAVE
66
1
70
1
0
VERTEX
8
ENGRAVE
10
44.0320
20
111.4760
0
VERTEX
8
ENGRAVE
10
46.2480
20
111.4490
0
VERTEX
8
ENGRAVE
10
46.6570
20
111.3300
0
VERTEX
8
ENGRAVE
10
47.0310
20
111.0510
0
VERTEX
8
ENGRAVE
10
47.1710
20
110.8250
0
VERTEX
8
ENGRAVE
10
47.2470
20
110.5560
0
VERTEX
8
ENGRAVE
10
47.2510
20
110.1840
0
VERTEX
8
ENGRAVE
10
47.1700
20
109.8790
0
VERTEX
8
ENGRAVE
10
47.0070
20
109.6190
0
VERTEX
8
ENGRAVE
10
46.8360
20
109.4600
0
VERTEX
8
ENGRAVE
10
46.6310
20
109.3410
0
VERTEX
8
ENGRAVE
10
46.3040
20
109.2430
0
VERTEX
8
ENGRAVE
10
47.4170
20
107.5530
0
VERTEX
8
ENGRAVE
10
46.8050
20
107.5530
0
VERTEX
8
ENGRAVE
10
45.7860
20
109.1820
0
VERTEX
8
ENGRAVE
10
44.5640
20
109.1820
0
VERTEX
8
ENGRAVE
10
44.5640
20
107.5530
0
VERTEX
8
ENGRAVE
10
44.0320
20
107.5530
0
SEQEND
0
POLYLINE
8
ENGRAVE
66
1
70
1
0
VERTEX
8
ENGRAVE
10
46.6690
20
110.6500
0
VERTEX
8
ENGRAVE
10
46.4940
20
110.8700
0
VERTEX
8
ENGRAVE
10
46.1420
20
111.0210
0
VERTEX
8
ENGRAVE
10
44.5640
20
111.0500
0
VERTEX
8
ENGRAVE
10
44.5640
20
109.6020
0
VERTEX
8
ENGRAVE
10
45.9290
20
109.6040
0
VERTEX
8
ENGRAVE
10
46.3420
20
109.6980
0
VERTEX
8
ENGRAVE
10
46.5800
20
109.8830
0
VERTEX
8
ENGRAVE
10
46.6900
20
110.0900
0
VERTEX
8
ENGRAVE
10
46.7250
20
110.4150
0
SEQEND
0
POLYLINE
8
ENGRAVE
66
1
70
1
0
VERTEX
8
ENGRAVE
10
49.2940
20
111.4760
0
VERTEX
8
ENGRAVE
10
49.8980
20
111.4760
0
VERTEX
8
ENGRAVE
10
51.4730
20
107.5530
0
VERTEX
8
ENGRAVE
10
50.9300
20
107.5530
0
VERTEX
8
ENGRAVE
10
50.4820
20
108.7000
0
VERTEX
8
ENGRAVE
10
48.6950
20
108.7000
0
VERTEX
8
ENGRAVE
10
48.2440
20
107.5530
0
VERTEX
8
ENGRAVE
10
47.6930
20
107.5530
0
SEQEND
0
POLYLINE
8
ENGRAVE
66
1
70
1
0
VERTEX
8
ENGRAVE
10
49.5890
20
111.0750
0
VERTEX
8
ENGRAVE
10
48.8560
20
109.1150
0
VERTEX
8
ENGRAVE
10
50.3240
20
109.1150
0
SEQEND
0
POLYLINE
8
ENGRAVE
66
1
70
1
0
VERTEX
8
ENGRAVE
10
52.4840
20
109.1430
0
VERTEX
8
ENGRAVE
10
52.4840
20
107.5530
0
VERTEX
8
ENGRAVE
10
51.9520
20
107.5530
0
VERTEX
8
ENGRAVE
10
51.9520
20
111.4760
0
VERTEX
8
ENGRAVE
10
54.7390
20
111.4760
0
VERTEX
8
ENGRAVE
10
54.7390
20
111.0410
0
VERTEX
8
ENGRAVE
10
52.4840
20
111.0410
0
VERTEX
8
ENGRAVE
10
52.4840
20
109.5830
0
VERTEX
8
ENGRAVE
10
54.6720
20
109.5830
0
VERTEX
8
ENGRAVE
10
54.6720
20
109.1430
0
SEQEND
0
POLYLINE
8
ENGRAVE
66
1
70
1
0
VERTEX
8
ENGRAVE
10
55.4930
20
111.4760
0
VERTEX
8
ENGRAVE
10
56.0250
20
111.4760
0
VERTEX
8
ENGRAVE
10
56.0250
20
107.5530
0
VERTEX
8
ENGRAVE
10
55.4930
20
107.5530
0
SEQEND
0
POLYLINE
8
ENGRAVE
66
1
70
1
0
VERTEX
8
ENGRAVE
10
57.0190
20
107.5530
0
VERTEX
8
ENGRAVE
10
57.0190
20
111.4760
0
VERTEX
8
ENGRAVE
10
57.5500
20
111.4760
0
VERTEX
8
ENGRAVE
10
57.5500
20
109.5100
0
VERTEX
8
ENGRAVE
10
59.4400
20
111.4760
0
VERTEX
8
ENGRAVE
10
60.0670
20
111.4760
0
VERTEX
8
ENGRAVE
10
58.3970
20
109.7720
0
VERTEX
8
ENGRAVE
10
60.2900
20
107.5530
0
VERTEX
8
ENGRAVE
10
59.6300
20
107.5530
0
VERTEX
8
ENGRAVE
10
58.0620
20
109.4460
0
VERTEX
8
ENGRAVE
10
57.5500
20
109.0560
0
VERTEX
8
ENGRAVE
10
57.5500
20
107.5530
0
SEQEND
0
POLYLINE
8
ENGRAVE
66
1
70
1
0
VERTEX
8
ENGRAVE
10
65.3490
20
109.7960
0
VERTEX
8
ENGRAVE
10
65.0760
20
109.4100
0
VERTEX
8
ENGRAVE
10
64.6480
20
109.1640
0
VERTEX
8
ENGRAVE
10
64.2120
20
109.0850
0
VERTEX
8
ENGRAVE
10
62.9370
20
109.0820
0
VERTEX
8
ENGRAVE
10
62.9370
20
107.5530
0
VERTEX
8
ENGRAVE
10
62.4050
20
107.5530
0
VERTEX
8
ENGRAVE
10
62.4050
20
111.4760
0
VERTEX
8
ENGRAVE
10
64.3080
20
111.4630
0
VERTEX
8
ENGRAVE
10
64.6410
20
111.3980
0
VERTEX
8
ENGRAVE
10
64.9210
20
111.2780
0
VERTEX
8
ENGRAVE
10
65.2080
20
111.0330
0
VERTEX
8
ENGRAVE
10
65.3820
20
110.7050
0
VERTEX
8
ENGRAVE
10
65.4360
20
110.1860
0
SEQEND
0
POLYLINE
8
ENGRAVE
66
1
70
1
0
VERTEX
8
ENGRAVE
10
64.6770
20
110.8600
0
VERTEX
8
ENGRAVE
10
64.4580
20
110.9810
0
VERTEX
8
ENGRAVE
10
64.1650
20
111.0420
0
VERTEX
8
ENGRAVE
10
62.9370
20
111.0500
0
VERTEX
8
ENGRAVE
10
62.9370
20
109.5020
0
VERTEX
8
ENGRAVE
10
64.1830
20
109.5100
0
VERTEX
8
ENGRAVE
10
64.4690
20
109.5730
0
VERTEX
8
ENGRAVE
10
64.6820
20
109.6990
0
VERTEX
8
ENGRAVE
10
64.8250
20
109.8880
0
VERTEX
8
ENGRAVE
10
64.9050
20
110.2900
0
VERTEX
8
ENGRAVE
10
64.8690
20
110.5630
0
SEQEND
0
POLYLINE
8
ENGRAVE
66
1
70
1
0
VERTEX
8
ENGRAVE
10
55.5100
20
112.5000
0
VERTEX
8
ENGRAVE
10
56.0110
20
112.5000
0
VERTEX
8
ENGRAVE
10
56.0110
20
112.0210
0
VERTEX
8
ENGRAVE
10
55.5100
20
112.0210
0
SEQEND
0
POLYLINE
8
ENGRAVE
66
1
70
1
0
VERTEX
8
ENGRAVE
10
73.1560
20
107.9870
0
VERTEX
8
ENGRAVE
10
73.1560
20
107.5530
0
VERTEX
8
ENGRAVE
10
70.6420
20
107.5530
0
VERTEX
8
ENGRAVE
10
70.6420
20
111.4760
0
VERTEX
8
ENGRAVE
10
71.1740
20
111.4760
0
VERTEX
8
ENGRAVE
10
71.1740
20
107.9870
0
SEQEND
0
POLYLINE
8
ENGRAVE
66
1
70
1
0
VERTEX
8
ENGRAVE
10
73.8720
20
111.4760
0
VERTEX
8
ENGRAVE
10
74.4030
20
111.4760
0
VERTEX
8
ENGRAVE
10
74.4030
20
107.5530
0
VERTEX
8
ENGRAVE
10
73.8720
20
107.5530
0
SEQEND
0
POLYLINE
8
ENGRAVE
66
1
70
1
0
VERTEX
8
ENGRAVE
10
79.2580
20
111.4760
0
VERTEX
8
ENGRAVE
10
79.7900
20
111.4760
0
VERTEX
8
ENGRAVE
10
79.7900
20
107.5530
0
VERTEX
8
ENGRAVE
10
79.2580
20
107.5530
0
SEQEND
0
POLYLINE
8
ENGRAVE
66
1
70
1
0
VERTEX
8
ENGRAVE
10
69.8430
20
108.9560
0
VERTEX
8
ENGRAVE
10
69.7110
20
108.5490
0
VERTEX
8
ENGRAVE
10
69.5070
20
108.1970
0
VERTEX
8
ENGRAVE
10
69.2370
20
107.9130
0
VERTEX
8
ENGRAVE
10
68.9020
20
107.6980
0
VERTEX
8
ENGRAVE
10
68.5120
20
107.5590
0
VERTEX
8
ENGRAVE
10
68.0710
20
107.5000
0
VERTEX
8
ENGRAVE
10
67.4970
20
107.5370
0
VERTEX
8
ENGRAVE
10
67.0930
20
107.6540
0
VERTEX
8
ENGRAVE
10
66.7440
20
107.8490
0
VERTEX
8
ENGRAVE
10
66.5240
20
108.0420
0
VERTEX
8
ENGRAVE
10
66.2900
20
108.3600
0
VERTEX
8
ENGRAVE
10
66.1230
20
108.7430
0
VERTEX
8
ENGRAVE
10
66.0310
20
109.1760
0
VERTEX
8
ENGRAVE
10
66.0150
20
109.7170
0
VERTEX
8
ENGRAVE
10
66.0930
20
110.2200
0
VERTEX
8
ENGRAVE
10
66.1960
20
110.5140
0
VERTEX
8
ENGRAVE
10
66.3400
20
110.7750
0
VERTEX
8
ENGRAVE
10
66.6320
20
111.1040
0
VERTEX
8
ENGRAVE
10
67.1410
20
111.4010
0
VERTEX
8
ENGRAVE
10
67.6080
20
111.5130
0
VERTEX
8
ENGRAVE
10
67.9590
20
111.5340
0
VERTEX
8
ENGRAVE
10
68.4120
20
111.4960
0
VERTEX
8
ENGRAVE
10
68.8150
20
111.3820
0
VERTEX
8
ENGRAVE
10
69.1650
20
111.1920
0
VERTEX
8
ENGRAVE
10
69.3850
20
111.0040
0
VERTEX
8
ENGRAVE
10
69.7140
20
110.5120
0
VERTEX
8
ENGRAVE
10
69.8180
20
110.2150
0
VERTEX
8
ENGRAVE
10
69.8930
20
109.7730
0
SEQEND
0
POLYLINE
8
ENGRAVE
66
1
70
1
0
VERTEX
8
ENGRAVE
10
69.2680
20
110.1860
0
VERTEX
8
ENGRAVE
10
69.1250
20
110.5030
0
VERTEX
8
ENGRAVE
10
68.9170
20
110.7620
0
VERTEX
8
ENGRAVE
10
68.4450
20
111.0330
0
VERTEX
8
ENGRAVE
10
68.0890
20
111.0960
0
VERTEX
8
ENGRAVE
10
67.7020
20
111.0830
0
VERTEX
8
ENGRAVE
10
67.3620
20
110.9970
0
VERTEX
8
ENGRAVE
10
67.0770
20
110.8360
0
VERTEX
8
ENGRAVE
10
66.7300
20
110.4110
0
VERTEX
8
ENGRAVE
10
66.5650
20
109.8170
0
VERTEX
8
ENGRAVE
10
66.5540
20
109.3880
0
VERTEX
8
ENGRAVE
10
66.6100
20
108.9910
0
VERTEX
8
ENGRAVE
10
66.8510
20
108.4520
0
VERTEX
8
ENGRAVE
10
67.2650
20
108.0850
0
VERTEX
8
ENGRAVE
10
67.7010
20
107.9460
0
VERTEX
8
ENGRAVE
10
68.3320
20
107.9670
0
VERTEX
8
ENGRAVE
10
68.8380
20
108.1970
0
VERTEX
8
ENGRAVE
10
69.1270
20
108.5290
0
VERTEX
8
ENGRAVE
10
69.3010
20
108.9750
0
VERTEX
8
ENGRAVE
10
69.3550
20
109.6760
0
SEQEND
0
POLYLINE
8
ENGRAVE
66
1
70
1
0
VERTEX
8
ENGRAVE
10
78.4030
20
108.2410
0
VERTEX
8
ENGRAVE
10
78.2620
20
107.9960
0
VERTEX
8
ENGRAVE
10
77.9580
20
107.7390
0
VERTEX
8
ENGRAVE
10
77.5350
20
107.5720
0
VERTEX
8
ENGRAVE
10
77.1450
20
107.5090
0
VERTEX
8
ENGRAVE
10
76.5760
20
107.5070
0
VERTEX
8
ENGRAVE
10
76.0990
20
107.5870
0
VERTEX
8
ENGRAVE
10
75.7180
20
107.7470
0
VERTEX
8
ENGRAVE
10
75.4340
20
107.9860
0
VERTEX
8
ENGRAVE
10
75.1880
20
108.4940
0
VERTEX
8
ENGRAVE
10
75.7030
20
108.5970
0
VERTEX
8
ENGRAVE
10
75.8430
20
108.2910
0
VERTEX
8
ENGRAVE
10
76.0820
20
108.0780
0
VERTEX
8
ENGRAVE
10
76.4240
20
107.9540
0
VERTEX
8
ENGRAVE
10
76.8700
20
107.9120
0
VERTEX
8
ENGRAVE
10
77.3260
20
107.9570
0
VERTEX
8
ENGRAVE
10
77.6650
20
108.0890
0
VERTEX
8
ENGRAVE
10
77.8440
20
108.2570
0
VERTEX
8
ENGRAVE
10
77.9420
20
108.5410
0
VERTEX
8
ENGRAVE
10
77.8880
20
108.8690
0
VERTEX
8
ENGRAVE
10
77.6410
20
109.1020
0
VERTEX
8
ENGRAVE
10
76.0890
20
109.5480
0
VERTEX
8
ENGRAVE
10
75.7860
20
109.7010
0
VERTEX
8
ENGRAVE
10
75.5810
20
109.8780
0
VERTEX
8
ENGRAVE
10
75.4080
20
110.2010
0
VERTEX
8
ENGRAVE
10
75.3760
20
110.5830
0
VERTEX
8
ENGRAVE
10
75.4680
20
110.9310
0
VERTEX
8
ENGRAVE
10
75.6840
20
111.2040
0
VERTEX
8
ENGRAVE
10
75.9250
20
111.3590
0
VERTEX
8
ENGRAVE
10
76.2260
20
111.4660
0
VERTEX
8
ENGRAVE
10
76.8610
20
111.5340
0
VERTEX
8
ENGRAVE
10
77.6430
20
111.4340
0
VERTEX
8
ENGRAVE
10
78.0760
20
111.1810
0
VERTEX
8
ENGRAVE
10
78.2310
20
110.9800
0
VERTEX
8
ENGRAVE
10
78.3790
20
110.6320
0
VERTEX
8
ENGRAVE
10
77.8550
20
110.5400
0
VERTEX
8
ENGRAVE
10
77.6960
20
110.8530
0
VERTEX
8
ENGRAVE
10
77.4760
20
111.0190
0
VERTEX
8
ENGRAVE
10
77.0960
20
111.1210
0
VERTEX
8
ENGRAVE
10
76.6770
20
111.1270
0
VERTEX
8
ENGRAVE
10
76.3060
20
111.0570
0
VERTEX
8
ENGRAVE
10
76.0480
20
110.9090
0
VERTEX
8
ENGRAVE
10
75.9120
20
110.6840
0
VERTEX
8
ENGRAVE
10
75.8940
20
110.4420
0
VERTEX
8
ENGRAVE
10
75.9860
20
110.2130
0
VERTEX
8
ENGRAVE
10
76.2280
20
110.0290
0
VERTEX
8
ENGRAVE
10
77.6550
20
109.6350
0
VERTEX
8
ENGRAVE
10
78.1780
20
109.3520
0
VERTEX
8
ENGRAVE
10
78.3550
20
109.1290
0
VERTEX
8
ENGRAVE
10
78.4490
20
108.8730
0
VERTEX
8
ENGRAVE
10
78.4660
20
108.5300
0
SEQEND
0
POLYLINE
8
ENGRAVE
66
1
70
1
0
VERTEX
8
ENGRAVE
10
73.8880
20
112.5000
0
VERTEX
8
ENGRAVE
10
74.3890
20
112.5000
0
VERTEX
8
ENGRAVE
10
74.3890
20
112.0210
0
VERTEX
8
ENGRAVE
10
73.8880
20
112.0210
0
SEQEND
0
POLYLINE
8
ENGRAVE
66
1
70
1
0
VERTEX
8
ENGRAVE
10
79.2750
20
112.5000
0
VERTEX
8
ENGRAVE
10
79.7760
20
112.5000
0
VERTEX
8
ENGRAVE
10
79.7760
20
112.0210
0
VERTEX
8
ENGRAVE
10
79.2750
20
112.0210
0
SEQEND
0
POLYLINE
8
ENGRAVE
66
1
70
1
0
VERTEX
8
ENGRAVE
10
60.5250
20
17.5410
0
VERTEX
8
ENGRAVE
10
60.1350
20
17.6730
0
VERTEX
8
ENGRAVE
10
59.8160
20
17.8880
0
VERTEX
8
ENGRAVE
10
59.5780
20
18.1820
0
VERTEX
8
ENGRAVE
10
59.4520
20
18.4700
0
VERTEX
8
ENGRAVE
10
59.3830
20
18.8870
0
VERTEX
8
ENGRAVE
10
59.3810
20
21.4760
0
VERTEX
8
ENGRAVE
10
59.9130
20
21.4760
0
VERTEX
8
ENGRAVE
10
59.9150
20
18.9180
0
VERTEX
8
ENGRAVE
10
60.0110
20
18.4720
0
VERTEX
8
ENGRAVE
10
60.1330
20
18.2660
0
VERTEX
8
ENGRAVE
10
60.3710
20
18.0650
0
VERTEX
8
ENGRAVE
10
60.6860
20
17.9540
0
VERTEX
8
ENGRAVE
10
60.9730
20
17.9290
0
VERTEX
8
ENGRAVE
10
61.2690
20
17.9550
0
VERTEX
8
ENGRAVE
10
61.5980
20
18.0700
0
VERTEX
8
ENGRAVE
10
61.8520
20
18.2770
0
VERTEX
8
ENGRAVE
10
61.9840
20
18.4900
0
VERTEX
8
ENGRAVE
10
62.0860
20
18.9510
0
VERTEX
8
ENGRAVE
10
62.0890
20
21.4760
0
VERTEX
8
ENGRAVE
10
62.6180
20
21.4760
0
VERTEX
8
ENGRAVE
10
62.6160
20
18.9350
0
VERTEX
8
ENGRAVE
10
62.5680
20
18.5850
0
VERTEX
8
ENGRAVE
10
62.4550
20
18.2780
0
VERTEX
8
ENGRAVE
10
62.1730
20
17.9030
0
VERTEX
8
ENGRAVE
10
61.6930
20
17.6140
0
VERTEX
8
ENGRAVE
10
61.1710
20
17.5050
0
SEQEND
0
POLYLINE
8
ENGRAVE
66
1
70
1
0
VERTEX
8
ENGRAVE
10
41.8260
20
17.5530
0
VERTEX
8
ENGRAVE
10
41.3530
20
17.5530
0
VERTEX
8
ENGRAVE
10
41.3530
20
21.4760
0
VERTEX
8
ENGRAVE
10
41.9710
20
21.4760
0
VERTEX
8
ENGRAVE
10
44.0920
20
18.1130
0
VERTEX
8
ENGRAVE
10
44.0590
20
21.4760
0
VERTEX
8
ENGRAVE
10
44.5380
20
21.4760
0
VERTEX
8
ENGRAVE
10
44.5380
20
17.5530
0
VERTEX
8
ENGRAVE
10
43.8970
20
17.5530
0
VERTEX
8
ENGRAVE
10
41.7980
20
20.8940
0
SEQEND
0
POLYLINE
8
ENGRAVE
66
1
70
1
0
VERTEX
8
ENGRAVE
10
50.1190
20
21.0410
0
VERTEX
8
ENGRAVE
10
50.1190
20
19.7830
0
VERTEX
8
ENGRAVE
10
52.3960
20
19.7830
0
VERTEX
8
ENGRAVE
10
52.3960
20
19.3540
0
VERTEX
8
ENGRAVE
10
50.1190
20
19.3540
0
VERTEX
8
ENGRAVE
10
50.1190
20
17.9870
0
VERTEX
8
ENGRAVE
10
52.6770
20
17.9870
0
VERTEX
8
ENGRAVE
10
52.6770
20
17.5530
0
VERTEX
8
ENGRAVE
10
49.5870
20
17.5530
0
VERTEX
8
ENGRAVE
10
49.5870
20
21.4760
0
VERTEX
8
ENGRAVE
10
52.5630
20
21.4760
0
VERTEX
8
ENGRAVE
10
52.5630
20
21.0410
0
SEQEND
0
POLYLINE
8
ENGRAVE
66
1
70
1
0
VERTEX
8
ENGRAVE
10
40.5280
20
18.8490
0
VERTEX
8
ENGRAVE
10
40.3770
20
18.4550
0
VERTEX
8
ENGRAVE
10
40.1560
20
18.1200
0
VERTEX
8
ENGRAVE
10
39.8700
20
17.8530
0
VERTEX
8
ENGRAVE
10
39.5200
20
17.6560
0
VERTEX
8
ENGRAVE
10
39.1170
20
17.5370
0
VERTEX
8
ENGRAVE
10
38.5450
20
17.5000
0
VERTEX
8
ENGRAVE
10
38.1010
20
17.5590
0
VERTEX
8
ENGRAVE
10
37.7110
20
17.6960
0
VERTEX
8
ENGRAVE
10
37.3770
20
17.9090
0
VERTEX
8
ENGRAVE
10
37.1700
20
18.1150
0
VERTEX
8
ENGRAVE
10
36.9520
20
18.4510
0
VERTEX
8
ENGRAVE
10
36.8040
20
18.8470
0
VERTEX
8
ENGRAVE
10
36.7300
20
19.2910
0
VERTEX
8
ENGRAVE
10
36.7260
20
19.7170
0
VERTEX
8
ENGRAVE
10
36.8030
20
20.2200
0
VERTEX
8
ENGRAVE
10
36.9060
20
20.5140
0
VERTEX
8
ENGRAVE
10
37.0500
20
20.7750
0
VERTEX
8
ENGRAVE
10
37.3430
20
21.1040
0
VERTEX
8
ENGRAVE
10
37.7120
20
21.3430
0
VERTEX
8
ENGRAVE
10
37.9990
20
21.4490
0
VERTEX
8
ENGRAVE
10
38.4900
20
21.5290
0
VERTEX
8
ENGRAVE
10
38.9030
20
21.5250
0
VERTEX
8
ENGRAVE
10
39.3310
20
21.4480
0
VERTEX
8
ENGRAVE
10
39.6180
20
21.3410
0
VERTEX
8
ENGRAVE
10
40.0960
20
21.0040
0
VERTEX
8
ENGRAVE
10
40.2790
20
20.7770
0
VERTEX
8
ENGRAVE
10
40.4640
20
20.4160
0
VERTEX
8
ENGRAVE
10
40.6100
20
19.6540
0
SEQEND
0
POLYLINE
8
ENGRAVE
66
1
70
1
0
VERTEX
8
ENGRAVE
10
39.9380
20
20.2980
0
VERTEX
8
ENGRAVE
10
39.7730
20
20.5960
0
VERTEX
8
ENGRAVE
10
39.5450
20
20.8330
0
VERTEX
8
ENGRAVE
10
39.0430
20
21.0620
0
VERTEX
8
ENGRAVE
10
38.6700
20
21.1000
0
VERTEX
8
ENGRAVE
10
38.2930
20
21.0630
0
VERTEX
8
ENGRAVE
10
37.7880
20
20.8360
0
VERTEX
8
ENGRAVE
10
37.5590
20
20.6020
0
VERTEX
8
ENGRAVE
10
37.3930
20
20.3050
0
VERTEX
8
ENGRAVE
10
37.2650
20
19.6780
0
VERTEX
8
ENGRAVE
10
37.2760
20
19.2500
0
VERTEX
8
ENGRAVE
10
37.3540
20
18.8710
0
VERTEX
8
ENGRAVE
10
37.6330
20
18.3620
0
VERTEX
8
ENGRAVE
10
37.9760
20
18.0850
0
VERTEX
8
ENGRAVE
10
38.5350
20
17.9330
0
VERTEX
8
ENGRAVE
10
39.1570
20
17.9960
0
VERTEX
8
ENGRAVE
10
39.5490
20
18.1970
0
VERTEX
8
ENGRAVE
10
39.8920
20
18.6310
0
VERTEX
8
ENGRAVE
10
40.0370
20
19.1040
0
VERTEX
8
ENGRAVE
10
40.0550
20
19.8130
0
SEQEND
0
POLYLINE
8
ENGRAVE
66
1
70
1
0
VERTEX
8
ENGRAVE
10
46.7330
20
21.0330
0
VERTEX
8
ENGRAVE
10
46.2690
20
20.7600
0
VERTEX
8
ENGRAVE
10
45.9620
20
20.2960
0
VERTEX
8
ENGRAVE
10
45.8360
20
19.6750
0
VERTEX
8
ENGRAVE
10
45.8470
20
19.2550
0
VERTEX
8
ENGRAVE
10
45.9260
20
18.8820
0
VERTEX
8
ENGRAVE
10
46.0740
20
18.5600
0
VERTEX
8
ENGRAVE
10
46.3710
20
18.2150
0
VERTEX
8
ENGRAVE
10
46.6530
20
18.0440
0
VERTEX
8
ENGRAVE
10
46.9830
20
17.9520
0
VERTEX
8
ENGRAVE
10
47.3900
20
17.9430
0
VERTEX
8
ENGRAVE
10
47.8230
20
18.0650
0
VERTEX
8
ENGRAVE
10
48.1830
20
18.3340
0
VERTEX
8
ENGRAVE
10
48.4680
20
18.7500
0
VERTEX
8
ENGRAVE
10
48.9030
20
18.5330
0
VERTEX
8
ENGRAVE
10
48.6780
20
18.1670
0
VERTEX
8
ENGRAVE
10
48.4670
20
17.9420
0
VERTEX
8
ENGRAVE
10
48.2220
20
17.7620
0
VERTEX
8
ENGRAVE
10
47.8490
20
17.5930
0
VERTEX
8
ENGRAVE
10
47.4310
20
17.5080
0
VERTEX
8
ENGRAVE
10
46.9740
20
17.5070
0
VERTEX
8
ENGRAVE
10
46.5510
20
17.5860
0
VERTEX
8
ENGRAVE
10
46.2670
20
17.6970
0
VERTEX
8
ENGRAVE
10
45.9380
20
17.9110
0
VERTEX
8
ENGRAVE
10
45.7330
20
18.1160
0
VERTEX
8
ENGRAVE
10
45.5660
20
18.3590
0
VERTEX
8
ENGRAVE
10
45.4030
20
18.7380
0
VERTEX
8
ENGRAVE
10
45.2920
20
19.5320
0
VERTEX
8
ENGRAVE
10
45.3120
20
19.8910
0
VERTEX
8
ENGRAVE
10
45.4190
20
20.3690
0
VERTEX
8
ENGRAVE
10
45.7030
20
20.8920
0
VERTEX
8
ENGRAVE
10
46.0170
20
21.1940
0
VERTEX
8
ENGRAVE
10
46.2660
20
21.3430
0
VERTEX
8
ENGRAVE
10
46.6990
20
21.4860
0
VERTEX
8
ENGRAVE
10
47.0260
20
21.5290
0
VERTEX
8
ENGRAVE
10
47.4440
20
21.5240
0
VERTEX
8
ENGRAVE
10
47.8790
20
21.4460
0
VERTEX
8
ENGRAVE
10
48.2480
20
21.2890
0
VERTEX
8
ENGRAVE
10
48.4810
20
21.1210
0
VERTEX
8
ENGRAVE
10
48.6730
20
20.9100
0
VERTEX
8
ENGRAVE
10
48.8660
20
20.5620
0
VERTEX
8
ENGRAVE
10
48.3630
20
20.3950
0
VERTEX
8
ENGRAVE
10
48.1390
20
20.7480
0
VERTEX
8
ENGRAVE
10
47.7330
20
21.0110
0
VERTEX
8
ENGRAVE
10
47.2070
20
21.1000
0
SEQEND
0
POLYLINE
8
ENGRAVE
66
1
70
1
0
VERTEX
8
ENGRAVE
10
54.8750
20
20.2270
0
VERTEX
8
ENGRAVE
10
54.9780
20
20.5230
0
VERTEX
8
ENGRAVE
10
55.2080
20
20.9020
0
VERTEX
8
ENGRAVE
10
55.5270
20
21.1990
0
VERTEX
8
ENGRAVE
10
55.9210
20
21.4030
0
VERTEX
8
ENGRAVE
10
56.3900
20
21.5130
0
VERTEX
8
ENGRAVE
10
56.8720
20
21.5320
0
VERTEX
8
ENGRAVE
10
57.4380
20
21.4550
0
VERTEX
8
ENGRAVE
10
57.8020
20
21.3140
0
VERTEX
8
ENGRAVE
10
58.1620
20
21.0280
0
VERTEX
8
ENGRAVE
10
58.4290
20
20.6100
0
VERTEX
8
ENGRAVE
10
57.9220
20
20.4590
0
VERTEX
8
ENGRAVE
10
57.7230
20
20.7480
0
VERTEX
8
ENGRAVE
10
57.5190
20
20.9140
0
VERTEX
8
ENGRAVE
10
57.2720
20
21.0250
0
VERTEX
8
ENGRAVE
10
56.9000
20
21.0940
0
VERTEX
8
ENGRAVE
10
56.2380
20
21.0340
0
VERTEX
8
ENGRAVE
10
55.7670
20
20.7670
0
VERTEX
8
ENGRAVE
10
55.5630
20
20.5110
0
VERTEX
8
ENGRAVE
10
55.3910
20
20.0760
0
VERTEX
8
ENGRAVE
10
55.3330
20
19.5320
0
VERTEX
8
ENGRAVE
10
55.3940
20
18.9880
0
VERTEX
8
ENGRAVE
10
55.5770
20
18.5440
0
VERTEX
8
ENGRAVE
10
55.9700
20
18.1400
0
VERTEX
8
ENGRAVE
10
56.5120
20
17.9460
0
VERTEX
8
ENGRAVE
10
57.1410
20
17.9580
0
VERTEX
8
ENGRAVE
10
57.6750
20
18.1240
0
VERTEX
8
ENGRAVE
10
58.0250
20
18.3630
0
VERTEX
8
ENGRAVE
10
58.0250
20
19.0700
0
VERTEX
8
ENGRAVE
10
56.8530
20
19.0700
0
VERTEX
8
ENGRAVE
10
56.8530
20
19.5160
0
VERTEX
8
ENGRAVE
10
58.5150
20
19.5160
0
VERTEX
8
ENGRAVE
10
58.5150
20
18.1630
0
VERTEX
8
ENGRAVE
10
58.2430
20
17.9320
0
VERTEX
8
ENGRAVE
10
57.9260
20
17.7470
0
VERTEX
8
ENGRAVE
10
57.1810
20
17.5250
0
VERTEX
8
ENGRAVE
10
56.4160
20
17.5200
0
VERTEX
8
ENGRAVE
10
55.9920
20
17.6180
0
VERTEX
8
ENGRAVE
10
55.7090
20
17.7430
0
VERTEX
8
ENGRAVE
10
55.2500
20
18.1140
0
VERTEX
8
ENGRAVE
10
55.0780
20
18.3580
0
VERTEX
8
ENGRAVE
10
54.9080
20
18.7390
0
VERTEX
8
ENGRAVE
10
54.7960
20
19.4090
0
SEQEND
0
POLYLINE
8
ENGRAVE
66
1
70
1
0
VERTEX
8
ENGRAVE
10
38.3470
20
22.3250
0
VERTEX
8
ENGRAVE
10
38.3470
20
21.8120
0
VERTEX
8
ENGRAVE
10
37.8870
20
21.8120
0
VERTEX
8
ENGRAVE
10
37.8870
20
22.3250
0
SEQEND
0
POLYLINE
8
ENGRAVE
66
1
70
1
0
VERTEX
8
ENGRAVE
10
39.4380
20
22.3250
0
VERTEX
8
ENGRAVE
10
39.4380
20
21.8120
0
VERTEX
8
ENGRAVE
10
38.9840
20
21.8120
0
VERTEX
8
ENGRAVE
10
38.9840
20
22.3250
0
SEQEND
0
POLYLINE
8
ENGRAVE
66
1
70
1
0
VERTEX
8
ENGRAVE
10
60.6780
20
22.3250
0
VERTEX
8
ENGRAVE
10
60.6780
20
21.8120
0
VERTEX
8
ENGRAVE
10
60.2190
20
21.8120
0
VERTEX
8
ENGRAVE
10
60.2190
20
22.3250
0
SEQEND
0
POLYLINE
8
ENGRAVE
66
1
70
1
0
VERTEX
8
ENGRAVE
10
63.6430
20
21.4760
0
VERTEX
8
ENGRAVE
10
64.9620
20
18.0210
0
VERTEX
8
ENGRAVE
10
66.2760
20
21.4760
0
VERTEX
8
ENGRAVE
10
66.8360
20
21.4760
0
VERTEX
8
ENGRAVE
10
65.2350
20
17.5530
0
VERTEX
8
ENGRAVE
10
64.6840
20
17.5530
0
VERTEX
8
ENGRAVE
10
63.0830
20
21.4760
0
SEQEND
0
POLYLINE
8
ENGRAVE
66
1
70
1
0
VERTEX
8
ENGRAVE
10
67.8600
20
21.0410
0
VERTEX
8
ENGRAVE
10
67.8600
20
19.7830
0
VERTEX
8
ENGRAVE
10
70.1370
20
19.7830
0
VERTEX
8
ENGRAVE
10
70.1370
20
19.3540
0
VERTEX
8
ENGRAVE
10
67.8600
20
19.3540
0
VERTEX
8
ENGRAVE
10
67.8600
20
17.9870
0
VERTEX
8
ENGRAVE
10
70.4180
20
17.9870
0
VERTEX
8
ENGRAVE
10
70.4180
20
17.5530
0
VERTEX
8
ENGRAVE
10
67.3290
20
17.5530
0
VERTEX
8
ENGRAVE
10
67.3290
20
21.4760
0
VERTEX
8
ENGRAVE
10
70.3040
20
21.4760
0
VERTEX
8
ENGRAVE
10
70.3040
20
21.0410
0
SEQEND
0
POLYLINE
8
ENGRAVE
66
1
70
1
0
VERTEX
8
ENGRAVE
10
71.6040
20
17.5530
0
VERTEX
8
ENGRAVE
10
71.1310
20
17.5530
0
VERTEX
8
ENGRAVE
10
71.1310
20
21.4760
0
VERTEX
8
ENGRAVE
10
71.7490
20
21.4760
0
VERTEX
8
ENGRAVE
10
73.8700
20
18.1130
0
VERTEX
8
ENGRAVE
10
73.8370
20
21.4760
0
VERTEX
8
ENGRAVE
10
74.3160
20
21.4760
0
VERTEX
8
ENGRAVE
10
74.3160
20
17.5530
0
VERTEX
8
ENGRAVE
10
73.6760
20
17.5530
0
VERTEX
8
ENGRAVE
10
71.5770
20
20.8940
0
SEQEND
0
POLYLINE
8
ENGRAVE
66
1
70
1
0
VERTEX
8
ENGRAVE
10
77.7620
20
17.9870
0
VERTEX
8
ENGRAVE
10
77.7620
20
17.5530
0
VERTEX
8
ENGRAVE
10
75.2480
20
17.5530
0
VERTEX
8
ENGRAVE
10
75.2480
20
21.4760
0
VERTEX
8
ENGRAVE
10
75.7800
20
21.4760
0
VERTEX
8
ENGRAVE
10
75.7800
20
17.9870
0
SEQEND
0
POLYLINE
8
ENGRAVE
66
1
70
1
0
VERTEX
8
ENGRAVE
10
78.4780
20
21.4760
0
VERTEX
8
ENGRAVE
10
79.0090
20
21.4760
0
VERTEX
8
ENGRAVE
10
79.0090
20
17.5530
0
VERTEX
8
ENGRAVE
10
78.4780
20
17.5530
0
SEQEND
0
POLYLINE
8
ENGRAVE
66
1
70
1
0
VERTEX
8
ENGRAVE
10
80.0030
20
17.5530
0
VERTEX
8
ENGRAVE
10
80.0030
20
21.4760
0
VERTEX
8
ENGRAVE
10
80.5350
20
21.4760
0
VERTEX
8
ENGRAVE
10
80.5350
20
19.5100
0
VERTEX
8
ENGRAVE
10
82.4250
20
21.4760
0
VERTEX
8
ENGRAVE
10
83.0510
20
21.4760
0
VERTEX
8
ENGRAVE
10
81.3810
20
19.7720
0
VERTEX
8
ENGRAVE
10
83.2740
20
17.5530
0
VERTEX
8
ENGRAVE
10
82.6140
20
17.5530
0
VERTEX
8
ENGRAVE
10
81.0470
20
19.4460
0
VERTEX
8
ENGRAVE
10
80.5350
20
19.0560
0
VERTEX
8
ENGRAVE
10
80.5350
20
17.5530
0
SEQEND
0
POLYLINE
8
ENGRAVE
66
1
70
1
0
VERTEX
8
ENGRAVE
10
61.7690
20
21.8120
0
VERTEX
8
ENGRAVE
10
61.3160
20
21.8120
0
VERTEX
8
ENGRAVE
10
61.3160
20
22.3250
0
VERTEX
8
ENGRAVE
10
61.7690
20
22.3250
0
SEQEND
0
POLYLINE
8
ENGRAVE
66
1
70
1
0
VERTEX
8
ENGRAVE
10
78.9950
20
22.5000
0
VERTEX
8
ENGRAVE
10
78.9950
20
22.0210
0
VERTEX
8
ENGRAVE
10
78.4940
20
22.0210
0
VERTEX
8
ENGRAVE
10
78.4940
20
22.5000
0
SEQEND
0
ENDSEC
0
EOF
